<?xml version="1.0" encoding="utf-16"?>
<Level width ="2">
<Camera x="0" y="2" minWidth="20" maxWidth="30">
<Score highScore ="0">
<Birds>
<Bird type="BirdBlue"/>
<Bird type="BirdBlack"/>
<Bird type="BirdYellow"/>
</Birds>
<Slingshot x="-8" y="-2.5">
<GameObjects>
<Block type="RectFat" material="stone" x="-2.2894591881" y="-3.285" rotation="0" />
<Block type="RectFat" material="ice" x="-0.8294591881" y="-3.285" rotation="0" />
<Block type="RectMedium" material="stone" x="-1.5594591881" y="-2.96" rotation="0" />
<Block type="RectTiny" material="ice" x="-2.3094591881" y="-2.635" rotation="90" />
<Block type="RectTiny" material="wood" x="-1.9944591881" y="-2.635" rotation="90" />
<Block type="RectTiny" material="wood" x="-1.6794591881" y="-2.635" rotation="90" />
<Block type="RectTiny" material="ice" x="-1.4394591881" y="-2.635" rotation="90" />
<Block type="RectTiny" material="ice" x="-1.1244591881" y="-2.635" rotation="90" />
<Block type="RectTiny" material="ice" x="-0.8094591881" y="-2.635" rotation="90" />
<Block type="RectSmall" material="stone" x="-1.9944591881" y="-2.31" rotation="0" />
<Block type="RectSmall" material="wood" x="-1.1244591881" y="-2.31" rotation="0" />
<Block type="RectMedium" material="wood" x="-1.9394591881" y="-1.36" rotation="90" />
<Block type="RectMedium" material="ice" x="-1.5594591881" y="-1.36" rotation="90" />
<Block type="RectMedium" material="stone" x="-1.1794591881" y="-1.36" rotation="90" />
<Block type="RectSmall" material="stone" x="-1.9394591881" y="-0.095" rotation="90" />
<Block type="RectSmall" material="ice" x="-1.5594591881" y="-0.095" rotation="90" />
<Block type="RectSmall" material="stone" x="-1.1794591881" y="-0.095" rotation="90" />
<Block type="RectSmall" material="stone" x="0.344547285" y="-3.39" rotation="0" />
<Block type="RectSmall" material="stone" x="1.364547285" y="-3.39" rotation="0" />
<Block type="RectSmall" material="stone" x="2.384547285" y="-3.39" rotation="0" />
<Block type="RectFat" material="stone" x="0.659547285" y="-3.065" rotation="0" />
<Block type="RectFat" material="stone" x="2.069547285" y="-3.065" rotation="0" />
<Block type="SquareTiny" material="wood" x="3.0491073137" y="-3.3151984825721947" rotation="0" />
<Block type="SquareTiny" material="ice" x="3.6791073137" y="-3.3151984825721947" rotation="0" />
<Block type="SquareTiny" material="ice" x="3.9691073137" y="-3.3151984825721947" rotation="0" />
<Block type="SquareTiny" material="wood" x="4.5991073137" y="-3.3151984825721947" rotation="0" />
<Block type="SquareTiny" material="wood" x="4.8891073137" y="-3.3151984825721947" rotation="0" />
<Block type="SquareTiny" material="stone" x="5.5191073137" y="-3.3151984825721947" rotation="0" />
<Block type="RectSmall" material="wood" x="3.3641073137" y="-3.0951984825721945" rotation="0" />
<Block type="RectSmall" material="wood" x="4.2841073137" y="-3.0951984825721945" rotation="0" />
<Block type="RectSmall" material="wood" x="5.2041073137" y="-3.0951984825721945" rotation="0" />
<Block type="RectMedium" material="wood" x="3.3641073137" y="-2.145198482572195" rotation="90" />
<Block type="RectMedium" material="stone" x="4.2841073137" y="-2.145198482572195" rotation="90" />
<Block type="RectMedium" material="stone" x="5.2041073137" y="-2.145198482572195" rotation="90" />
<Block type="RectBig" material="stone" x="4.2841073137" y="-1.1951984825721946" rotation="0" />
<Block type="RectTiny" material="wood" x="3.4191073137" y="-0.8701984825721945" rotation="90" />
<Block type="RectFat" material="wood" x="3.9591073137" y="-0.8701984825721945" rotation="0" />
<Block type="SquareSmall" material="wood" x="4.6091073137" y="-0.8701984825721945" rotation="0" />
<Block type="RectTiny" material="stone" x="5.1491073137" y="-0.8701984825721945" rotation="90" />
<Block type="RectBig" material="ice" x="7.3601008406" y="-3.39" rotation="0" />
<Block type="SquareTiny" material="ice" x="6.4401008406" y="-3.17" rotation="0" />
<Block type="SquareTiny" material="ice" x="8.2801008406" y="-3.17" rotation="0" />
<Block type="RectBig" material="ice" x="7.3601008406" y="-2.95" rotation="0" />
<Block type="SquareHole" material="ice" x="7.3601008406" y="-2.42" rotation="0" />
<Block type="RectTiny" material="ice" x="7.3601008406" y="-1.89" rotation="0" />
<Block type="RectSmall" material="ice" x="7.360100840599859" y="-1.355" rotation="90" />
<Block type="RectBig" material="ice" x="4.214759206" y="2.4907692919" rotation="0" />
<Block type="RectBig" material="ice" x="4.214759206" y="2.7107692919" rotation="0" />
<Block type="RectTiny" material="ice" x="3.594759206" y="2.9307692919" rotation="0" />
<Block type="SquareTiny" material="ice" x="4.214759206" y="2.9307692919" rotation="0" />
<Block type="SquareTiny" material="ice" x="4.834759206" y="2.9307692919" rotation="0" />
<Block type="RectSmall" material="stone" x="3.594759206" y="3.4657692919" rotation="90" />
<Block type="RectSmall" material="stone" x="4.214759206" y="3.4657692919" rotation="90" />
<Block type="RectSmall" material="stone" x="4.834759206" y="3.4657692919" rotation="90" />
<Block type="RectSmall" material="wood" x="3.594759206" y="4.3157692919" rotation="90" />
<Block type="RectSmall" material="wood" x="4.214759206" y="4.3157692919" rotation="90" />
<Block type="RectSmall" material="wood" x="4.834759206" y="4.3157692919" rotation="90" />
<Block type="RectTiny" material="wood" x="-0.6255779459" y="2.3879987595" rotation="0" />
<Block type="RectTiny" material="ice" x="0.0044220541" y="2.3879987595" rotation="0" />
<Block type="RectTiny" material="ice" x="-0.6255779459" y="2.6079987595" rotation="0" />
<Block type="RectTiny" material="ice" x="0.0044220541" y="2.6079987595" rotation="0" />
<Block type="RectTiny" material="ice" x="-0.6255779459" y="2.8279987595" rotation="0" />
<Block type="RectTiny" material="stone" x="0.0044220541" y="2.8279987595" rotation="0" />
<Block type="RectTiny" material="ice" x="-0.6255779459" y="3.0479987595" rotation="0" />
<Block type="RectTiny" material="stone" x="0.0044220541" y="3.0479987595" rotation="0" />
<Block type="RectTiny" material="ice" x="-0.6255779459" y="3.2679987595" rotation="0" />
<Block type="RectTiny" material="stone" x="0.0044220541" y="3.2679987595" rotation="0" />
<Block type="RectFat" material="wood" x="-0.6255779459" y="3.8029987595" rotation="90" />
<Block type="RectFat" material="stone" x="0.0044220541" y="3.8029987595" rotation="90" />
<Block type="RectFat" material="wood" x="-0.3105779459" y="4.4429987595" rotation="0" />
<Block type="RectTiny" material="wood" x="-0.3105779459014745" y="4.7679987595" rotation="0" />
<Block type="CircleSmall" material="ice" x="-1.9394591881" y="0.555" rotation="0" />
<Block type="CircleSmall" material="wood" x="3.594759206" y="4.9657692919" rotation="0" />
<Block type="CircleSmall" material="wood" x="4.6091073137" y="-0.4301984826" rotation="0" />
<Block type="TriangleHole" material="ice" x="3.9591073137" y="-0.2451984826" rotation="0" />
<Block type="Triangle" material="ice" x="0.3762139517" y="-2.44" rotation="90.0" />
<Block type="CircleSmall" material="ice" x="4.834759206" y="4.9657692919" rotation="0" />
<Block type="Circle" material="wood" x="-0.3105779459" y="5.2779987595" rotation="0" />
<Block type="CircleSmall" material="wood" x="5.1491073137" y="-0.4301984826" rotation="0" />
<Block type="TriangleHole" material="wood" x="-1.1794591881" y="0.74" rotation="0" />
<Block type="CircleSmall" material="wood" x="-0.8411258548" y="-1.975" rotation="0" />
<Block type="TriangleHole" material="wood" x="7.3601008406" y="-0.52" rotation="0" />
<Block type="CircleSmall" material="wood" x="8.0467675073" y="-2.615" rotation="0" />
<Block type="CircleSmall" material="ice" x="-2.2777925214" y="-1.975" rotation="0" />
<Block type="CircleSmall" material="wood" x="4.214759206" y="4.9657692919" rotation="0" />
<Block type="CircleSmall" material="wood" x="6.6734341739" y="-2.615" rotation="0" />
<Pig type="BasicSmall" material="" x="2.069547285" y="-2.625" rotation="0" />
<TNT type="" x="1.364547285" y="-3.055" rotation="0" />
<Platform type="Platform" material="" x="2.6647592060168312" y="2.07076929194053" />
<Platform type="Platform" material="" x="3.2847592060168314" y="2.07076929194053" />
<Platform type="Platform" material="" x="3.904759206016831" y="2.07076929194053" />
<Platform type="Platform" material="" x="4.524759206016831" y="2.07076929194053" />
<Platform type="Platform" material="" x="5.144759206016831" y="2.07076929194053" />
<Platform type="Platform" material="" x="5.764759206016831" y="2.07076929194053" />
<Platform type="Platform" material="" x="-2.1705779459014742" y="1.9679987595200479" />
<Platform type="Platform" material="" x="-1.5505779459014746" y="1.9679987595200479" />
<Platform type="Platform" material="" x="-0.9305779459014745" y="1.9679987595200479" />
<Platform type="Platform" material="" x="-0.3105779459014745" y="1.9679987595200479" />
<Platform type="Platform" material="" x="0.3094220540985255" y="1.9679987595200479" />
<Platform type="Platform" material="" x="0.9294220540985255" y="1.9679987595200479" />
<Platform type="Platform" material="" x="1.5494220540985255" y="1.9679987595200479" />
<Platform type="Platform" material="" x="-1.5594591880683486" y="-3.81" />
<Platform type="Platform" material="" x="-1.5594591880683486" y="-4.43" />
<Platform type="Platform" material="" x="-1.5594591880683486" y="-5.05" />
<Platform type="Platform" material="" x="-0.9394591880683486" y="-3.81" />
<Platform type="Platform" material="" x="-2.1794591880683485" y="-3.81" />
<Platform type="Platform" material="" x="-0.9394591880683486" y="-4.43" />
<Platform type="Platform" material="" x="-2.1794591880683485" y="-4.43" />
<Platform type="Platform" material="" x="-0.9394591880683486" y="-5.05" />
<Platform type="Platform" material="" x="-2.1794591880683485" y="-5.05" />
<Platform type="Platform" material="" x="-0.7144591880683486" y="-3.81" />
<Platform type="Platform" material="" x="-2.4044591880683486" y="-3.81" />
<Platform type="Platform" material="" x="-0.7144591880683486" y="-4.43" />
<Platform type="Platform" material="" x="-2.4044591880683486" y="-4.43" />
<Platform type="Platform" material="" x="-0.7144591880683486" y="-5.05" />
<Platform type="Platform" material="" x="-2.4044591880683486" y="-5.05" />
<Platform type="Platform" material="" x="1.3645472850243607" y="-3.81" />
<Platform type="Platform" material="" x="1.3645472850243607" y="-4.43" />
<Platform type="Platform" material="" x="1.3645472850243607" y="-5.05" />
<Platform type="Platform" material="" x="1.9845472850243606" y="-3.81" />
<Platform type="Platform" material="" x="0.7445472850243607" y="-3.81" />
<Platform type="Platform" material="" x="1.9845472850243606" y="-4.43" />
<Platform type="Platform" material="" x="0.7445472850243607" y="-4.43" />
<Platform type="Platform" material="" x="1.9845472850243606" y="-5.05" />
<Platform type="Platform" material="" x="0.7445472850243607" y="-5.05" />
<Platform type="Platform" material="" x="2.4995472850243607" y="-3.81" />
<Platform type="Platform" material="" x="0.22954728502436061" y="-3.81" />
<Platform type="Platform" material="" x="2.4995472850243607" y="-4.43" />
<Platform type="Platform" material="" x="0.22954728502436061" y="-4.43" />
<Platform type="Platform" material="" x="2.4995472850243607" y="-5.05" />
<Platform type="Platform" material="" x="0.22954728502436061" y="-5.05" />
<Platform type="Platform" material="" x="4.2841073136925685" y="-3.7351984825721947" />
<Platform type="Platform" material="" x="4.2841073136925685" y="-4.355198482572194" />
<Platform type="Platform" material="" x="4.2841073136925685" y="-4.975198482572194" />
<Platform type="Platform" material="" x="4.904107313692569" y="-3.7351984825721947" />
<Platform type="Platform" material="" x="3.6641073136925684" y="-3.7351984825721947" />
<Platform type="Platform" material="" x="4.904107313692569" y="-4.355198482572194" />
<Platform type="Platform" material="" x="3.6641073136925684" y="-4.355198482572194" />
<Platform type="Platform" material="" x="4.904107313692569" y="-4.975198482572194" />
<Platform type="Platform" material="" x="3.6641073136925684" y="-4.975198482572194" />
<Platform type="Platform" material="" x="5.319107313692569" y="-3.7351984825721947" />
<Platform type="Platform" material="" x="3.2491073136925683" y="-3.7351984825721947" />
<Platform type="Platform" material="" x="5.319107313692569" y="-4.355198482572194" />
<Platform type="Platform" material="" x="3.2491073136925683" y="-4.355198482572194" />
<Platform type="Platform" material="" x="5.319107313692569" y="-4.975198482572194" />
<Platform type="Platform" material="" x="3.2491073136925683" y="-4.975198482572194" />
<Platform type="Platform" material="" x="7.360100840599859" y="-3.81" />
<Platform type="Platform" material="" x="7.360100840599859" y="-4.43" />
<Platform type="Platform" material="" x="7.360100840599859" y="-5.05" />
<Platform type="Platform" material="" x="7.980100840599859" y="-3.81" />
<Platform type="Platform" material="" x="6.740100840599859" y="-3.81" />
<Platform type="Platform" material="" x="7.980100840599859" y="-4.43" />
<Platform type="Platform" material="" x="6.740100840599859" y="-4.43" />
<Platform type="Platform" material="" x="7.980100840599859" y="-5.05" />
<Platform type="Platform" material="" x="6.740100840599859" y="-5.05" />
<Platform type="Platform" material="" x="8.080100840599858" y="-3.81" />
<Platform type="Platform" material="" x="6.64010084059986" y="-3.81" />
<Platform type="Platform" material="" x="8.080100840599858" y="-4.43" />
<Platform type="Platform" material="" x="6.64010084059986" y="-4.43" />
<Platform type="Platform" material="" x="8.080100840599858" y="-5.05" />
<Platform type="Platform" material="" x="6.64010084059986" y="-5.05" />
<Platform type="Platform" material="" x="-0.242455951521994" y="-3.81" rotation="0.0" scaleX="0.5225910856334021" />
<Platform type="Platform" material="" x="-0.242455951521994" y="-4.43" rotation="0.0" scaleX="0.5225910856334021" />
<Platform type="Platform" material="" x="3.0293272993584646" y="-3.7725992412860974" rotation="30.000000000000053" scaleX="0.24129521750904923" />
<Platform type="Platform" material="" x="3.0293272993584646" y="-4.3925992412860975" rotation="30.000000000000053" scaleX="0.24129521750904923" />
<Platform type="Platform" material="" x="2.8743272993584643" y="-3.81" rotation="0.0" scaleX="0.24129521750904923" />
<Platform type="Platform" material="" x="2.8743272993584643" y="-4.43" rotation="0.0" scaleX="0.24129521750904923" />
<Platform type="Platform" material="" x="2.8743272993584643" y="-5.05" rotation="0.0" scaleX="0.24129521750904923" />
<Platform type="Platform" material="" x="5.946711378684492" y="-3.7725992412860974" rotation="-6.090861658848201" scaleX="1.1370535244296394" />
<Platform type="Platform" material="" x="5.946711378684492" y="-4.3925992412860975" rotation="-6.090861658848201" scaleX="1.1370535244296394" />
<Platform type="Platform" material="" x="5.979604077146215" y="-3.81" rotation="0.0" scaleX="1.1370535244296394" />
<Platform type="Platform" material="" x="5.979604077146215" y="-4.43" rotation="0.0" scaleX="1.1370535244296394" />
<Platform type="Platform" material="" x="5.979604077146215" y="-5.05" rotation="0.0" scaleX="1.1370535244296394" />
</GameObjects>
</Level>
