<?xml version="1.0" encoding="utf-16"?>
<Level width ="2">
<Camera x="0" y="2" minWidth="20" maxWidth="30">
<Score highScore ="0">
<Birds>
<Bird type="BirdRed"/>
<Bird type="BirdYellow"/>
<Bird type="BirdRed"/>
</Birds>
<Slingshot x="-8" y="-2.5">
<GameObjects>
<Block type="RectBig" material="wood" x="-1.1294420454" y="-2.918056295394477" rotation="0" />
<Block type="RectBig" material="stone" x="-1.1294420454" y="-2.6980562953944762" rotation="0" />
<Block type="RectTiny" material="wood" x="-2.0494420454" y="-2.373056295394477" rotation="90" />
<Block type="RectTiny" material="wood" x="-1.6444420454" y="-2.373056295394477" rotation="90" />
<Block type="RectTiny" material="wood" x="-1.1294420454" y="-2.373056295394477" rotation="90" />
<Block type="RectTiny" material="wood" x="-0.6144420454" y="-2.373056295394477" rotation="90" />
<Block type="RectTiny" material="wood" x="-0.2094420454" y="-2.373056295394477" rotation="90" />
<Block type="RectTiny" material="wood" x="-2.0494420454" y="-1.9430562953944766" rotation="90" />
<Block type="RectTiny" material="wood" x="-1.6444420454" y="-1.9430562953944766" rotation="90" />
<Block type="RectTiny" material="wood" x="-1.1294420454" y="-1.9430562953944766" rotation="90" />
<Block type="RectTiny" material="wood" x="-0.6144420454" y="-1.9430562953944766" rotation="90" />
<Block type="RectTiny" material="wood" x="-0.2094420454" y="-1.9430562953944766" rotation="90" />
<Block type="RectTiny" material="wood" x="-2.0494420454" y="-1.5130562953944766" rotation="90" />
<Block type="RectTiny" material="wood" x="-1.6444420454" y="-1.5130562953944766" rotation="90" />
<Block type="RectTiny" material="wood" x="-1.1294420454" y="-1.5130562953944766" rotation="90" />
<Block type="RectTiny" material="wood" x="-0.6144420454" y="-1.5130562953944766" rotation="90" />
<Block type="RectTiny" material="wood" x="-0.2094420454" y="-1.5130562953944766" rotation="90" />
<Block type="SquareTiny" material="wood" x="-2.0494420454" y="-1.1880562953944764" rotation="0" />
<Block type="SquareTiny" material="wood" x="-1.6444420454" y="-1.1880562953944764" rotation="0" />
<Block type="SquareTiny" material="wood" x="-1.1294420454" y="-1.1880562953944764" rotation="0" />
<Block type="SquareTiny" material="wood" x="-0.6144420454" y="-1.1880562953944764" rotation="0" />
<Block type="SquareTiny" material="wood" x="-0.2094420454" y="-1.1880562953944764" rotation="0" />
<Block type="RectSmall" material="stone" x="-2.0494420454" y="-0.6530562953944765" rotation="90" />
<Block type="RectSmall" material="stone" x="-1.6444420454" y="-0.6530562953944765" rotation="90" />
<Block type="RectSmall" material="stone" x="-1.1294420454" y="-0.6530562953944765" rotation="90" />
<Block type="RectSmall" material="stone" x="-0.6144420454" y="-0.6530562953944765" rotation="90" />
<Block type="RectSmall" material="stone" x="-0.2094420454" y="-0.6530562953944765" rotation="90" />
<Block type="RectTiny" material="stone" x="-2.0494420454" y="-0.013056295394476503" rotation="90" />
<Block type="RectTiny" material="stone" x="-1.6444420454" y="-0.013056295394476503" rotation="90" />
<Block type="RectTiny" material="stone" x="-1.1294420454" y="-0.013056295394476503" rotation="90" />
<Block type="RectTiny" material="stone" x="-0.6144420454" y="-0.013056295394476503" rotation="90" />
<Block type="RectTiny" material="stone" x="-0.2094420454" y="-0.013056295394476503" rotation="90" />
<Block type="RectBig" material="stone" x="-1.1294420454" y="0.31194370460552345" rotation="0" />
<Block type="SquareSmall" material="ice" x="-1.6544420454" y="0.6369437046055235" rotation="0" />
<Block type="SquareSmall" material="stone" x="-0.6044420454" y="0.6369437046055235" rotation="0" />
<Block type="RectFat" material="ice" x="1.2387684018" y="-2.6056017610755475" rotation="0" />
<Block type="RectFat" material="ice" x="2.2637684018" y="-2.6056017610755475" rotation="0" />
<Block type="RectFat" material="ice" x="3.2887684018" y="-2.6056017610755475" rotation="0" />
<Block type="SquareHole" material="ice" x="1.2387684018" y="-1.9706017610755473" rotation="0" />
<Block type="SquareHole" material="ice" x="2.2637684018" y="-1.9706017610755473" rotation="0" />
<Block type="SquareHole" material="ice" x="3.2887684018" y="-1.9706017610755473" rotation="0" />
<Block type="RectSmall" material="wood" x="1.2387684018" y="-1.4406017610755475" rotation="0" />
<Block type="RectSmall" material="wood" x="2.2637684018" y="-1.4406017610755475" rotation="0" />
<Block type="RectSmall" material="wood" x="3.2887684018" y="-1.4406017610755475" rotation="0" />
<Block type="RectSmall" material="stone" x="1.2387684018" y="-1.2206017610755473" rotation="0" />
<Block type="RectSmall" material="stone" x="2.2637684018" y="-1.2206017610755473" rotation="0" />
<Block type="RectSmall" material="stone" x="3.2887684018" y="-1.2206017610755473" rotation="0" />
<Block type="RectSmall" material="wood" x="1.2387684018" y="-1.0006017610755473" rotation="0" />
<Block type="RectSmall" material="wood" x="2.2637684018" y="-1.0006017610755473" rotation="0" />
<Block type="RectSmall" material="wood" x="3.2887684018" y="-1.0006017610755473" rotation="0" />
<Block type="RectFat" material="wood" x="1.2387684018" y="-0.6756017610755474" rotation="0" />
<Block type="SquareSmall" material="wood" x="2.2637684018" y="-0.6756017610755474" rotation="0" />
<Block type="RectFat" material="wood" x="3.2887684018" y="-0.6756017610755474" rotation="0" />
<Block type="RectTiny" material="wood" x="1.3437684018" y="-0.3506017610755474" rotation="0" />
<Block type="SquareTiny" material="wood" x="2.2637684018" y="-0.3506017610755474" rotation="0" />
<Block type="RectTiny" material="wood" x="3.1837684018" y="-0.3506017610755474" rotation="0" />
<Block type="RectBig" material="stone" x="2.2637684018" y="-0.13060176107554744" rotation="0" />
<Block type="SquareSmall" material="wood" x="1.7337684018" y="0.19439823892445263" rotation="0" />
<Block type="RectTiny" material="wood" x="2.0537684018" y="0.19439823892445263" rotation="90" />
<Block type="SquareSmall" material="ice" x="2.4737684018" y="0.19439823892445263" rotation="0" />
<Block type="RectTiny" material="wood" x="2.7937684018" y="0.19439823892445263" rotation="90" />
<Block type="SquareSmall" material="stone" x="1.7337684018" y="0.6243982389244526" rotation="0" />
<Block type="RectTiny" material="ice" x="2.0537684018" y="0.6243982389244526" rotation="90" />
<Block type="RectTiny" material="stone" x="2.4737684018" y="0.6243982389244526" rotation="90" />
<Block type="RectTiny" material="stone" x="2.7937684018" y="0.6243982389244526" rotation="90" />
<Block type="RectSmall" material="wood" x="4.485785077" y="-2.5102515902733105" rotation="0" />
<Block type="RectSmall" material="wood" x="5.755785077" y="-2.5102515902733105" rotation="0" />
<Block type="SquareSmall" material="ice" x="6.9375746297" y="-2.1615680129947052" rotation="0" />
<Block type="SquareSmall" material="ice" x="7.7275746297" y="-2.1615680129947052" rotation="0" />
<Block type="SquareSmall" material="ice" x="8.5175746297" y="-2.1615680129947052" rotation="0" />
<Block type="SquareTiny" material="ice" x="6.9375746297" y="-1.836568012994705" rotation="0" />
<Block type="SquareTiny" material="ice" x="7.7275746297" y="-1.836568012994705" rotation="0" />
<Block type="SquareTiny" material="ice" x="8.5175746297" y="-1.836568012994705" rotation="0" />
<Block type="RectFat" material="wood" x="7.2525746297" y="-1.511568012994705" rotation="0" />
<Block type="RectFat" material="wood" x="8.2025746297" y="-1.511568012994705" rotation="0" />
<Block type="RectSmall" material="stone" x="7.2525746297" y="-1.1865680129947052" rotation="0" />
<Block type="RectSmall" material="stone" x="8.2025746297" y="-1.1865680129947052" rotation="0" />
<Block type="RectFat" material="ice" x="7.2525746297" y="-0.8615680129947052" rotation="0" />
<Block type="RectFat" material="ice" x="8.2025746297" y="-0.8615680129947052" rotation="0" />
<Block type="RectSmall" material="wood" x="7.2525746297" y="-0.536568012994705" rotation="0" />
<Block type="RectSmall" material="wood" x="8.2025746297" y="-0.536568012994705" rotation="0" />
<Block type="RectTiny" material="stone" x="7.0575746297" y="-0.31656801299470505" rotation="0" />
<Block type="SquareTiny" material="stone" x="7.4475746297" y="-0.31656801299470505" rotation="0" />
<Block type="RectTiny" material="stone" x="8.0075746297" y="-0.31656801299470505" rotation="0" />
<Block type="SquareTiny" material="stone" x="8.3975746297" y="-0.31656801299470505" rotation="0" />
<Block type="SquareHole" material="wood" x="3.1815025055" y="2.971045322" rotation="0" />
<Block type="SquareHole" material="wood" x="4.2090025055" y="2.971045322" rotation="0" />
<Block type="SquareHole" material="wood" x="5.2365025055" y="2.971045322" rotation="0" />
<Block type="RectTiny" material="wood" x="3.2890025055" y="3.606045322" rotation="90" />
<Block type="RectTiny" material="wood" x="5.1290025055" y="3.606045322" rotation="90" />
<Block type="RectBig" material="wood" x="4.2090025055" y="3.931045322" rotation="0" />
<Block type="SquareSmall" material="wood" x="3.6040025055" y="4.256045322" rotation="0" />
<Block type="RectTiny" material="wood" x="4.8140025055" y="4.256045322" rotation="90" />
<Block type="RectMedium" material="ice" x="-2.67402442166358" y="-2.66" rotation="90" />
<Block type="SquareHole" material="ice" x="-2.67402442166358" y="-1.4000000000000004" rotation="0" />
<Block type="TriangleHole" material="wood" x="8.0075746297" y="0.203431987" rotation="0" />
<Block type="CircleSmall" material="ice" x="5.5165025055" y="3.616045322" rotation="0" />
<Block type="Circle" material="ice" x="-0.6044420454" y="1.2519437046" rotation="0" />
<Block type="Circle" material="wood" x="7.0575746297" y="0.193431987" rotation="0" />
<Block type="CircleSmall" material="wood" x="2.4737684018" y="1.0643982389" rotation="0" />
<Block type="Circle" material="ice" x="4.8140025055" y="4.871045322" rotation="0" />
<Block type="TriangleHole" material="ice" x="-1.6544420454" y="1.2619437046" rotation="0" />
<Block type="Circle" material="wood" x="3.6040025055" y="4.871045322" rotation="0" />
<Block type="CircleSmall" material="ice" x="2.9015025055" y="3.616045322" rotation="0" />
<Pig type="BasicSmall" material="" x="1.7337684018" y="1.0643982389244526" rotation="0" />
<TNT type="" x="4.485785077" y="-2.1752515902733105" rotation="0" />
<Platform type="Platform" material="" x="2.659002505468849" y="2.2410453219815283" />
<Platform type="Platform" material="" x="3.279002505468849" y="2.2410453219815283" />
<Platform type="Platform" material="" x="3.899002505468849" y="2.2410453219815283" />
<Platform type="Platform" material="" x="4.5190025054688485" y="2.2410453219815283" />
<Platform type="Platform" material="" x="5.139002505468849" y="2.2410453219815283" />
<Platform type="Platform" material="" x="5.759002505468849" y="2.2410453219815283" />
<Platform type="Platform" material="" x="-1.1294420453927896" y="-3.3380562953944763" />
<Platform type="Platform" material="" x="-1.1294420453927896" y="-3.9580562953944765" />
<Platform type="Platform" material="" x="-1.1294420453927896" y="-4.578056295394477" />
<Platform type="Platform" material="" x="-0.5094420453927896" y="-3.3380562953944763" />
<Platform type="Platform" material="" x="-1.7494420453927897" y="-3.3380562953944763" />
<Platform type="Platform" material="" x="-0.5094420453927896" y="-3.9580562953944765" />
<Platform type="Platform" material="" x="-1.7494420453927897" y="-3.9580562953944765" />
<Platform type="Platform" material="" x="-0.5094420453927896" y="-4.578056295394477" />
<Platform type="Platform" material="" x="-1.7494420453927897" y="-4.578056295394477" />
<Platform type="Platform" material="" x="-0.40944204539278956" y="-3.3380562953944763" />
<Platform type="Platform" material="" x="-1.8494420453927898" y="-3.3380562953944763" />
<Platform type="Platform" material="" x="-0.40944204539278956" y="-3.9580562953944765" />
<Platform type="Platform" material="" x="-1.8494420453927898" y="-3.9580562953944765" />
<Platform type="Platform" material="" x="-0.40944204539278956" y="-4.578056295394477" />
<Platform type="Platform" material="" x="-1.8494420453927898" y="-4.578056295394477" />
<Platform type="Platform" material="" x="2.263768401825313" y="-3.1306017610755474" />
<Platform type="Platform" material="" x="2.263768401825313" y="-3.750601761075547" />
<Platform type="Platform" material="" x="2.263768401825313" y="-4.370601761075547" />
<Platform type="Platform" material="" x="2.883768401825313" y="-3.1306017610755474" />
<Platform type="Platform" material="" x="1.6437684018253127" y="-3.1306017610755474" />
<Platform type="Platform" material="" x="2.883768401825313" y="-3.750601761075547" />
<Platform type="Platform" material="" x="1.6437684018253127" y="-3.750601761075547" />
<Platform type="Platform" material="" x="2.883768401825313" y="-4.370601761075547" />
<Platform type="Platform" material="" x="1.6437684018253127" y="-4.370601761075547" />
<Platform type="Platform" material="" x="3.4037684018253125" y="-3.1306017610755474" />
<Platform type="Platform" material="" x="1.1237684018253131" y="-3.1306017610755474" />
<Platform type="Platform" material="" x="3.4037684018253125" y="-3.750601761075547" />
<Platform type="Platform" material="" x="1.1237684018253131" y="-3.750601761075547" />
<Platform type="Platform" material="" x="3.4037684018253125" y="-4.370601761075547" />
<Platform type="Platform" material="" x="1.1237684018253131" y="-4.370601761075547" />
<Platform type="Platform" material="" x="5.120785076959891" y="-2.9302515902733104" />
<Platform type="Platform" material="" x="5.120785076959891" y="-3.55025159027331" />
<Platform type="Platform" material="" x="5.120785076959891" y="-4.17025159027331" />
<Platform type="Platform" material="" x="5.740785076959891" y="-2.9302515902733104" />
<Platform type="Platform" material="" x="4.5007850769598905" y="-2.9302515902733104" />
<Platform type="Platform" material="" x="5.740785076959891" y="-3.55025159027331" />
<Platform type="Platform" material="" x="4.5007850769598905" y="-3.55025159027331" />
<Platform type="Platform" material="" x="5.740785076959891" y="-4.17025159027331" />
<Platform type="Platform" material="" x="4.5007850769598905" y="-4.17025159027331" />
<Platform type="Platform" material="" x="5.8707850769598915" y="-2.9302515902733104" />
<Platform type="Platform" material="" x="4.37078507695989" y="-2.9302515902733104" />
<Platform type="Platform" material="" x="5.8707850769598915" y="-3.55025159027331" />
<Platform type="Platform" material="" x="4.37078507695989" y="-3.55025159027331" />
<Platform type="Platform" material="" x="5.8707850769598915" y="-4.17025159027331" />
<Platform type="Platform" material="" x="4.37078507695989" y="-4.17025159027331" />
<Platform type="Platform" material="" x="7.727574629741788" y="-2.686568012994705" />
<Platform type="Platform" material="" x="7.727574629741788" y="-3.3065680129947053" />
<Platform type="Platform" material="" x="7.727574629741788" y="-3.9265680129947054" />
<Platform type="Platform" material="" x="8.347574629741787" y="-2.686568012994705" />
<Platform type="Platform" material="" x="7.107574629741788" y="-2.686568012994705" />
<Platform type="Platform" material="" x="8.347574629741787" y="-3.3065680129947053" />
<Platform type="Platform" material="" x="7.107574629741788" y="-3.3065680129947053" />
<Platform type="Platform" material="" x="8.347574629741787" y="-3.9265680129947054" />
<Platform type="Platform" material="" x="7.107574629741788" y="-3.9265680129947054" />
<Platform type="Platform" material="" x="8.422574629741787" y="-2.686568012994705" />
<Platform type="Platform" material="" x="7.032574629741789" y="-2.686568012994705" />
<Platform type="Platform" material="" x="8.422574629741787" y="-3.3065680129947053" />
<Platform type="Platform" material="" x="7.032574629741789" y="-3.3065680129947053" />
<Platform type="Platform" material="" x="8.422574629741787" y="-3.9265680129947054" />
<Platform type="Platform" material="" x="7.032574629741789" y="-3.9265680129947054" />
<Platform type="Platform" material="" x="0.4258363537704377" y="-3.234329028235012" rotation="12.79870003701455" scaleX="1.5104480945057575" />
<Platform type="Platform" material="" x="0.4258363537704377" y="-3.854329028235012" rotation="12.79870003701455" scaleX="1.5104480945057575" />
<Platform type="Platform" material="" x="0.35716317821626176" y="-3.3380562953944763" rotation="0.0" scaleX="1.5104480945057575" />
<Platform type="Platform" material="" x="0.35716317821626176" y="-3.9580562953944765" rotation="0.0" scaleX="1.5104480945057575" />
<Platform type="Platform" material="" x="0.35716317821626176" y="-4.578056295394476" rotation="0.0" scaleX="1.5104480945057575" />
<Platform type="Platform" material="" x="4.042276739392602" y="-3.0304266756744287" rotation="29.99999999999997" scaleX="0.6462908735556039" />
<Platform type="Platform" material="" x="4.042276739392602" y="-3.650426675674429" rotation="29.99999999999997" scaleX="0.6462908735556039" />
<Platform type="Platform" material="" x="3.8872767393926013" y="-3.1306017610755474" rotation="0.0" scaleX="0.6462908735556039" />
<Platform type="Platform" material="" x="3.8872767393926013" y="-3.7506017610755475" rotation="0.0" scaleX="0.6462908735556039" />
<Platform type="Platform" material="" x="3.8872767393926013" y="-4.370601761075547" rotation="0.0" scaleX="0.6462908735556039" />
<Platform type="Platform" material="" x="6.578840080037894" y="-2.8084098016340078" rotation="24.21703972736607" scaleX="0.9581753022441476" />
<Platform type="Platform" material="" x="6.578840080037894" y="-3.428409801634008" rotation="24.21703972736607" scaleX="0.9581753022441476" />
<Platform type="Platform" material="" x="6.45167985335084" y="-2.9302515902733104" rotation="0.0" scaleX="0.9581753022441476" />
<Platform type="Platform" material="" x="6.45167985335084" y="-3.5502515902733105" rotation="0.0" scaleX="0.9581753022441476" />
<Platform type="Platform" material="" x="6.45167985335084" y="-4.170251590273311" rotation="0.0" scaleX="0.9581753022441476" />
</GameObjects>
</Level>
