<?xml version="1.0" encoding="utf-16"?>
<Level width ="2">
<Camera x="0" y="2" minWidth="20" maxWidth="30">
<Score highScore ="0">
<Birds>
<Bird type="BirdRed"/>
<Bird type="BirdYellow"/>
<Bird type="BirdRed"/>
</Birds>
<Slingshot x="-8" y="-2.5">
<GameObjects>
<Block type="RectSmall" material="wood" x="-2.3455630937" y="-3.075" rotation="90" />
<Block type="RectSmall" material="stone" x="-2.0355630937" y="-3.075" rotation="90" />
<Block type="RectSmall" material="stone" x="-1.7255630937" y="-3.075" rotation="90" />
<Block type="RectSmall" material="ice" x="-1.4355630937" y="-3.075" rotation="90" />
<Block type="RectSmall" material="stone" x="-1.1255630937" y="-3.075" rotation="90" />
<Block type="RectSmall" material="stone" x="-0.8155630937" y="-3.075" rotation="90" />
<Block type="SquareTiny" material="wood" x="-2.3455630937" y="-2.54" rotation="0" />
<Block type="SquareTiny" material="stone" x="-2.0355630937" y="-2.54" rotation="0" />
<Block type="SquareTiny" material="stone" x="-1.7255630937" y="-2.54" rotation="0" />
<Block type="SquareTiny" material="wood" x="-1.4355630937" y="-2.54" rotation="0" />
<Block type="SquareTiny" material="stone" x="-1.1255630937" y="-2.54" rotation="0" />
<Block type="SquareTiny" material="stone" x="-0.8155630937" y="-2.54" rotation="0" />
<Block type="SquareTiny" material="wood" x="-2.3455630937" y="-2.32" rotation="0" />
<Block type="SquareTiny" material="stone" x="-2.0355630937" y="-2.32" rotation="0" />
<Block type="SquareTiny" material="wood" x="-1.7255630937" y="-2.32" rotation="0" />
<Block type="SquareTiny" material="wood" x="-1.4355630937" y="-2.32" rotation="0" />
<Block type="SquareTiny" material="wood" x="-1.1255630937" y="-2.32" rotation="0" />
<Block type="SquareTiny" material="wood" x="-0.8155630937" y="-2.32" rotation="0" />
<Block type="SquareHole" material="wood" x="-2.0355630937" y="-1.79" rotation="0" />
<Block type="SquareHole" material="wood" x="-1.1255630937" y="-1.79" rotation="0" />
<Block type="RectFat" material="wood" x="-2.0355630937" y="-1.155" rotation="0" />
<Block type="RectFat" material="wood" x="-1.1255630937" y="-1.155" rotation="0" />
<Block type="SquareTiny" material="wood" x="-1.9805630937" y="-0.83" rotation="0" />
<Block type="RectTiny" material="wood" x="-1.5805630937" y="-0.83" rotation="0" />
<Block type="SquareTiny" material="wood" x="-1.1805630937" y="-0.83" rotation="0" />
<Block type="RectBig" material="wood" x="0.1858083096" y="-2.0217617612857017" rotation="90" />
<Block type="RectBig" material="wood" x="0.5008083096" y="-2.0217617612857017" rotation="90" />
<Block type="RectBig" material="wood" x="0.8158083096" y="-2.0217617612857017" rotation="90" />
<Block type="RectBig" material="wood" x="1.1058083096" y="-2.0217617612857017" rotation="90" />
<Block type="RectBig" material="ice" x="1.4208083096" y="-2.0217617612857017" rotation="90" />
<Block type="RectBig" material="wood" x="1.7358083096" y="-2.0217617612857017" rotation="90" />
<Block type="RectBig" material="wood" x="2.0258083096" y="-2.0217617612857017" rotation="90" />
<Block type="RectBig" material="wood" x="2.3408083096" y="-2.0217617612857017" rotation="90" />
<Block type="RectBig" material="wood" x="2.6558083096" y="-2.0217617612857017" rotation="90" />
<Block type="RectTiny" material="ice" x="0.1858083096" y="-0.7767617612857018" rotation="90" />
<Block type="RectTiny" material="ice" x="0.5008083096" y="-0.7767617612857018" rotation="90" />
<Block type="RectTiny" material="ice" x="0.8158083096" y="-0.7767617612857018" rotation="90" />
<Block type="RectTiny" material="ice" x="1.1058083096" y="-0.7767617612857018" rotation="90" />
<Block type="RectTiny" material="ice" x="1.4208083096" y="-0.7767617612857018" rotation="90" />
<Block type="RectTiny" material="ice" x="1.7358083096" y="-0.7767617612857018" rotation="90" />
<Block type="RectTiny" material="ice" x="2.0258083096" y="-0.7767617612857018" rotation="90" />
<Block type="RectTiny" material="ice" x="2.3408083096" y="-0.7767617612857018" rotation="90" />
<Block type="RectTiny" material="ice" x="2.6558083096" y="-0.7767617612857018" rotation="90" />
<Block type="RectSmall" material="ice" x="0.5008083096" y="-0.4517617612857017" rotation="0" />
<Block type="SquareTiny" material="ice" x="1.4208083096" y="-0.4517617612857017" rotation="0" />
<Block type="SquareTiny" material="ice" x="2.3408083096" y="-0.4517617612857017" rotation="0" />
<Block type="RectBig" material="ice" x="1.4208083096" y="-0.23176176128570175" rotation="0" />
<Block type="SquareHole" material="wood" x="1.420808309623448" y="0.29823823871429833" rotation="0" />
<Block type="SquareSmall" material="wood" x="3.2898129345" y="-2.7312720747446395" rotation="0" />
<Block type="SquareSmall" material="wood" x="3.8048129345" y="-2.7312720747446395" rotation="0" />
<Block type="SquareSmall" material="wood" x="4.7248129345" y="-2.7312720747446395" rotation="0" />
<Block type="SquareSmall" material="ice" x="5.2398129345" y="-2.7312720747446395" rotation="0" />
<Block type="RectMedium" material="ice" x="3.3448129345" y="-1.6762720747446396" rotation="90" />
<Block type="RectMedium" material="ice" x="3.7498129345" y="-1.6762720747446396" rotation="90" />
<Block type="RectMedium" material="wood" x="4.7798129345" y="-1.6762720747446396" rotation="90" />
<Block type="RectMedium" material="ice" x="5.1848129345" y="-1.6762720747446396" rotation="90" />
<Block type="RectBig" material="wood" x="4.2648129345" y="-0.7262720747446396" rotation="0" />
<Block type="RectTiny" material="wood" x="4.264812934501838" y="-0.40127207474463955" rotation="90" />
<Block type="RectBig" material="stone" x="7.2634415312" y="-3.206796518923956" rotation="0" />
<Block type="RectMedium" material="wood" x="6.3434415312" y="-2.256796518923956" rotation="90" />
<Block type="RectMedium" material="stone" x="6.7484415312" y="-2.256796518923956" rotation="90" />
<Block type="RectMedium" material="stone" x="7.2634415312" y="-2.256796518923956" rotation="90" />
<Block type="RectMedium" material="stone" x="7.7784415312" y="-2.256796518923956" rotation="90" />
<Block type="RectMedium" material="stone" x="8.1834415312" y="-2.256796518923956" rotation="90" />
<Block type="RectBig" material="stone" x="7.2634415312" y="-1.306796518923956" rotation="0" />
<Block type="RectFat" material="wood" x="7.2634415312" y="-0.9817965189239561" rotation="0" />
<Block type="RectTiny" material="wood" x="7.263441531153486" y="-0.6567965189239561" rotation="0" />
<Block type="RectTiny" material="wood" x="3.3637994399" y="2.7923239034" rotation="0" />
<Block type="RectTiny" material="wood" x="4.1637994399" y="2.7923239034" rotation="0" />
<Block type="RectTiny" material="wood" x="5.2137994399" y="2.7923239034" rotation="0" />
<Block type="RectTiny" material="wood" x="6.0137994399" y="2.7923239034" rotation="0" />
<Block type="SquareTiny" material="wood" x="3.4187994399" y="3.0123239034" rotation="0" />
<Block type="SquareTiny" material="ice" x="4.1087994399" y="3.0123239034" rotation="0" />
<Block type="SquareTiny" material="wood" x="5.2687994399" y="3.0123239034" rotation="0" />
<Block type="SquareTiny" material="stone" x="5.9587994399" y="3.0123239034" rotation="0" />
<Block type="RectTiny" material="wood" x="-0.7387579635" y="2.6926765199" rotation="0" />
<Block type="RectTiny" material="stone" x="0.1812420365" y="2.6926765199" rotation="0" />
<Block type="RectTiny" material="stone" x="1.1012420365" y="2.6926765199" rotation="0" />
<Block type="RectFat" material="wood" x="-0.7387579635" y="3.2276765199" rotation="90" />
<Block type="RectFat" material="stone" x="0.1812420365" y="3.2276765199" rotation="90" />
<Block type="RectFat" material="stone" x="1.1012420365" y="3.2276765199" rotation="90" />
<Block type="RectBig" material="stone" x="0.1812420365" y="3.7626765199" rotation="0" />
<Block type="SquareHole" material="stone" x="0.18124203652694004" y="4.2926765199" rotation="0" />
<Block type="CircleSmall" material="ice" x="3.5781462678" y="-0.3912720747" rotation="0" />
<Block type="TriangleHole" material="wood" x="7.2634415312" y="-0.1367965189" rotation="0" />
<Block type="CircleSmall" material="ice" x="0.1812420365" y="4.9376765199" rotation="0" />
<Block type="TriangleHole" material="wood" x="3.4187994399" y="3.5323239034" rotation="0" />
<Block type="CircleSmall" material="ice" x="-1.1805630937" y="-0.495" rotation="0" />
<Block type="Triangle" material="wood" x="1.1408083096" y="1.1282382387" rotation="90.0" />
<Block type="CircleSmall" material="wood" x="2.1074749763" y="0.1032382387" rotation="0" />
<Block type="TriangleHole" material="ice" x="5.9587994399" y="3.5323239034" rotation="0" />
<Block type="Circle" material="ice" x="4.2648129345" y="0.2137279253" rotation="0" />
<Block type="CircleSmall" material="ice" x="0.7341416429" y="0.1032382387" rotation="0" />
<Block type="CircleSmall" material="ice" x="-0.5054246302" y="4.0976765199" rotation="0" />
<Block type="CircleSmall" material="wood" x="7.9501081979" y="-0.9717965189" rotation="0" />
<Block type="CircleSmall" material="wood" x="4.9514796012" y="-0.3912720747" rotation="0" />
<Block type="CircleSmall" material="wood" x="4.1087994399" y="3.3473239034" rotation="0" />
<Block type="CircleSmall" material="wood" x="6.5767748645" y="-0.9717965189" rotation="0" />
<Block type="CircleSmall" material="ice" x="0.8679087032" y="4.0976765199" rotation="0" />
<Block type="CircleSmall" material="wood" x="5.2687994399" y="3.3473239034" rotation="0" />
<Pig type="BasicSmall" material="" x="-1.9805630937" y="-0.495" rotation="0" />
<TNT type="" x="4.6337994399" y="2.9073239034" rotation="0" />
<Platform type="Platform" material="" x="3.4487994398700703" y="2.3723239033618153" />
<Platform type="Platform" material="" x="4.06879943987007" y="2.3723239033618153" />
<Platform type="Platform" material="" x="4.6887994398700705" y="2.3723239033618153" />
<Platform type="Platform" material="" x="5.308799439870071" y="2.3723239033618153" />
<Platform type="Platform" material="" x="5.928799439870071" y="2.3723239033618153" />
<Platform type="Platform" material="" x="-1.05875796347306" y="2.272676519881241" />
<Platform type="Platform" material="" x="-0.43875796347305995" y="2.272676519881241" />
<Platform type="Platform" material="" x="0.18124203652694004" y="2.272676519881241" />
<Platform type="Platform" material="" x="0.80124203652694" y="2.272676519881241" />
<Platform type="Platform" material="" x="1.42124203652694" y="2.272676519881241" />
<Platform type="Platform" material="" x="-1.5805630937249038" y="-3.81" />
<Platform type="Platform" material="" x="-1.5805630937249038" y="-4.43" />
<Platform type="Platform" material="" x="-1.5805630937249038" y="-5.05" />
<Platform type="Platform" material="" x="-1.0105630937249037" y="-3.81" />
<Platform type="Platform" material="" x="-2.1505630937249034" y="-3.81" />
<Platform type="Platform" material="" x="-1.0105630937249037" y="-4.43" />
<Platform type="Platform" material="" x="-2.1505630937249034" y="-4.43" />
<Platform type="Platform" material="" x="-1.0105630937249037" y="-5.05" />
<Platform type="Platform" material="" x="-2.1505630937249034" y="-5.05" />
<Platform type="Platform" material="" x="1.420808309623448" y="-3.3617617612857016" />
<Platform type="Platform" material="" x="1.420808309623448" y="-3.9817617612857017" />
<Platform type="Platform" material="" x="1.420808309623448" y="-4.601761761285702" />
<Platform type="Platform" material="" x="2.040808309623448" y="-3.3617617612857016" />
<Platform type="Platform" material="" x="0.8008083096234481" y="-3.3617617612857016" />
<Platform type="Platform" material="" x="2.040808309623448" y="-3.9817617612857017" />
<Platform type="Platform" material="" x="0.8008083096234481" y="-3.9817617612857017" />
<Platform type="Platform" material="" x="2.040808309623448" y="-4.601761761285702" />
<Platform type="Platform" material="" x="0.8008083096234481" y="-4.601761761285702" />
<Platform type="Platform" material="" x="2.455808309623448" y="-3.3617617612857016" />
<Platform type="Platform" material="" x="0.38580830962344803" y="-3.3617617612857016" />
<Platform type="Platform" material="" x="2.455808309623448" y="-3.9817617612857017" />
<Platform type="Platform" material="" x="0.38580830962344803" y="-3.9817617612857017" />
<Platform type="Platform" material="" x="2.455808309623448" y="-4.601761761285702" />
<Platform type="Platform" material="" x="0.38580830962344803" y="-4.601761761285702" />
<Platform type="Platform" material="" x="4.264812934501838" y="-3.2562720747446394" />
<Platform type="Platform" material="" x="4.264812934501838" y="-3.8762720747446395" />
<Platform type="Platform" material="" x="4.264812934501838" y="-4.49627207474464" />
<Platform type="Platform" material="" x="4.884812934501838" y="-3.2562720747446394" />
<Platform type="Platform" material="" x="3.6448129345018376" y="-3.2562720747446394" />
<Platform type="Platform" material="" x="4.884812934501838" y="-3.8762720747446395" />
<Platform type="Platform" material="" x="3.6448129345018376" y="-3.8762720747446395" />
<Platform type="Platform" material="" x="4.884812934501838" y="-4.49627207474464" />
<Platform type="Platform" material="" x="3.6448129345018376" y="-4.49627207474464" />
<Platform type="Platform" material="" x="5.1448129345018385" y="-3.2562720747446394" />
<Platform type="Platform" material="" x="3.384812934501837" y="-3.2562720747446394" />
<Platform type="Platform" material="" x="5.1448129345018385" y="-3.8762720747446395" />
<Platform type="Platform" material="" x="3.384812934501837" y="-3.8762720747446395" />
<Platform type="Platform" material="" x="5.1448129345018385" y="-4.49627207474464" />
<Platform type="Platform" material="" x="3.384812934501837" y="-4.49627207474464" />
<Platform type="Platform" material="" x="7.263441531153486" y="-3.626796518923956" />
<Platform type="Platform" material="" x="7.263441531153486" y="-4.246796518923956" />
<Platform type="Platform" material="" x="7.263441531153486" y="-4.866796518923956" />
<Platform type="Platform" material="" x="7.883441531153486" y="-3.626796518923956" />
<Platform type="Platform" material="" x="6.643441531153486" y="-3.626796518923956" />
<Platform type="Platform" material="" x="7.883441531153486" y="-4.246796518923956" />
<Platform type="Platform" material="" x="6.643441531153486" y="-4.246796518923956" />
<Platform type="Platform" material="" x="7.883441531153486" y="-4.866796518923956" />
<Platform type="Platform" material="" x="6.643441531153486" y="-4.866796518923956" />
<Platform type="Platform" material="" x="7.983441531153486" y="-3.626796518923956" />
<Platform type="Platform" material="" x="6.543441531153486" y="-3.626796518923956" />
<Platform type="Platform" material="" x="7.983441531153486" y="-4.246796518923956" />
<Platform type="Platform" material="" x="6.543441531153486" y="-4.246796518923956" />
<Platform type="Platform" material="" x="7.983441531153486" y="-4.866796518923956" />
<Platform type="Platform" material="" x="6.543441531153486" y="-4.866796518923956" />
<Platform type="Platform" material="" x="-0.15737739205072776" y="-3.5858808806428506" rotation="30.000000000000004" scaleX="1.4459298023041884" />
<Platform type="Platform" material="" x="-0.15737739205072776" y="-4.205880880642851" rotation="30.000000000000004" scaleX="1.4459298023041884" />
<Platform type="Platform" material="" x="-0.3123773920507278" y="-3.81" rotation="0.0" scaleX="1.4459298023041884" />
<Platform type="Platform" material="" x="-0.3123773920507278" y="-4.43" rotation="0.0" scaleX="1.4459298023041884" />
<Platform type="Platform" material="" x="-0.3123773920507278" y="-5.05" rotation="0.0" scaleX="1.4459298023041884" />
<Platform type="Platform" material="" x="3.0204647349453544" y="-3.3090169180151703" rotation="18.849158684018224" scaleX="0.5266368175244022" />
<Platform type="Platform" material="" x="3.0204647349453544" y="-3.9290169180151704" rotation="18.849158684018224" scaleX="0.5266368175244022" />
<Platform type="Platform" material="" x="2.9203106220626425" y="-3.3617617612857016" rotation="0.0" scaleX="0.5266368175244022" />
<Platform type="Platform" material="" x="2.9203106220626425" y="-3.9817617612857017" rotation="0.0" scaleX="0.5266368175244022" />
<Platform type="Platform" material="" x="2.9203106220626425" y="-4.601761761285702" rotation="0.0" scaleX="0.5266368175244022" />
<Platform type="Platform" material="" x="5.71092140693865" y="-3.4415342968342975" rotation="-25.44828257493586" scaleX="1.3907966926613162" />
<Platform type="Platform" material="" x="5.71092140693865" y="-4.061534296834298" rotation="-25.44828257493586" scaleX="1.3907966926613162" />
<Platform type="Platform" material="" x="5.844127232827662" y="-3.626796518923956" rotation="0.0" scaleX="1.3907966926613162" />
<Platform type="Platform" material="" x="5.844127232827662" y="-4.246796518923956" rotation="0.0" scaleX="1.3907966926613162" />
<Platform type="Platform" material="" x="5.844127232827662" y="-4.866796518923956" rotation="0.0" scaleX="1.3907966926613162" />
</GameObjects>
</Level>
