<?xml version="1.0" encoding="utf-16"?>
<Level width ="2">
<Camera x="0" y="2" minWidth="20" maxWidth="30">
<Score highScore ="0">
<Birds>
<Bird type="BirdRed"/>
<Bird type="BirdBlue"/>
<Bird type="BirdYellow"/>
</Birds>
<Slingshot x="-8" y="-2.5">
<GameObjects>
<Block type="RectTiny" material="wood" x="-1.9432400245" y="-3.141420132628041" rotation="90" />
<Block type="RectTiny" material="wood" x="-1.6282400245" y="-3.141420132628041" rotation="90" />
<Block type="RectTiny" material="wood" x="-1.3132400245" y="-3.141420132628041" rotation="90" />
<Block type="RectTiny" material="wood" x="-1.0132400245" y="-3.141420132628041" rotation="90" />
<Block type="RectTiny" material="wood" x="-0.6982400245" y="-3.141420132628041" rotation="90" />
<Block type="RectTiny" material="wood" x="-0.3832400245" y="-3.141420132628041" rotation="90" />
<Block type="RectSmall" material="wood" x="-1.6282400245" y="-2.816420132628041" rotation="0" />
<Block type="RectSmall" material="wood" x="-0.6982400245" y="-2.816420132628041" rotation="0" />
<Block type="RectSmall" material="ice" x="-1.6282400245" y="-2.596420132628041" rotation="0" />
<Block type="RectSmall" material="ice" x="-0.6982400245" y="-2.596420132628041" rotation="0" />
<Block type="RectBig" material="ice" x="-1.5732400245" y="-1.456420132628041" rotation="90" />
<Block type="RectBig" material="ice" x="-0.7532400245" y="-1.456420132628041" rotation="90" />
<Block type="RectBig" material="wood" x="1.9942536541" y="-2.7655532933125238" rotation="0" />
<Block type="SquareTiny" material="wood" x="1.3842536541" y="-2.5455532933125236" rotation="0" />
<Block type="SquareTiny" material="wood" x="1.7442536541" y="-2.5455532933125236" rotation="0" />
<Block type="SquareTiny" material="wood" x="2.2442536541" y="-2.5455532933125236" rotation="0" />
<Block type="SquareTiny" material="wood" x="2.6042536541" y="-2.5455532933125236" rotation="0" />
<Block type="RectFat" material="ice" x="3.6774387356" y="-2.703539568044869" rotation="90" />
<Block type="RectFat" material="ice" x="4.3074387356" y="-2.703539568044869" rotation="90" />
<Block type="RectFat" material="ice" x="5.1124387356" y="-2.703539568044869" rotation="90" />
<Block type="RectFat" material="ice" x="5.7424387356" y="-2.703539568044869" rotation="90" />
<Block type="RectSmall" material="wood" x="3.9924387356" y="-2.168539568044869" rotation="0" />
<Block type="RectSmall" material="wood" x="5.4274387356" y="-2.168539568044869" rotation="0" />
<Block type="RectSmall" material="wood" x="3.9924387356" y="-1.948539568044869" rotation="0" />
<Block type="RectSmall" material="wood" x="5.4274387356" y="-1.948539568044869" rotation="0" />
<Block type="RectBig" material="ice" x="3.7899387356" y="-0.808539568044869" rotation="90" />
<Block type="RectBig" material="ice" x="4.1949387356" y="-0.808539568044869" rotation="90" />
<Block type="RectBig" material="ice" x="5.2249387356" y="-0.808539568044869" rotation="90" />
<Block type="RectBig" material="ice" x="5.6299387356" y="-0.808539568044869" rotation="90" />
<Block type="RectBig" material="wood" x="4.709938735585304" y="0.3314604319551309" rotation="0" />
<Block type="SquareTiny" material="ice" x="6.3224450569" y="-2.871311599781186" rotation="0" />
<Block type="SquareTiny" material="ice" x="6.6324450569" y="-2.871311599781186" rotation="0" />
<Block type="SquareTiny" material="ice" x="6.9424450569" y="-2.871311599781186" rotation="0" />
<Block type="SquareTiny" material="ice" x="7.2424450569" y="-2.871311599781186" rotation="0" />
<Block type="SquareTiny" material="ice" x="7.5524450569" y="-2.871311599781186" rotation="0" />
<Block type="SquareTiny" material="ice" x="7.8624450569" y="-2.871311599781186" rotation="0" />
<Block type="SquareTiny" material="ice" x="8.1624450569" y="-2.871311599781186" rotation="0" />
<Block type="SquareTiny" material="ice" x="8.4724450569" y="-2.871311599781186" rotation="0" />
<Block type="SquareTiny" material="ice" x="8.7824450569" y="-2.871311599781186" rotation="0" />
<Block type="RectTiny" material="wood" x="6.3224450569" y="-2.546311599781186" rotation="90" />
<Block type="RectTiny" material="wood" x="6.6324450569" y="-2.546311599781186" rotation="90" />
<Block type="RectTiny" material="wood" x="6.9424450569" y="-2.546311599781186" rotation="90" />
<Block type="RectTiny" material="wood" x="7.2424450569" y="-2.546311599781186" rotation="90" />
<Block type="RectTiny" material="wood" x="7.5524450569" y="-2.546311599781186" rotation="90" />
<Block type="RectTiny" material="wood" x="7.8624450569" y="-2.546311599781186" rotation="90" />
<Block type="RectTiny" material="wood" x="8.1624450569" y="-2.546311599781186" rotation="90" />
<Block type="RectTiny" material="wood" x="8.4724450569" y="-2.546311599781186" rotation="90" />
<Block type="RectTiny" material="wood" x="8.7824450569" y="-2.546311599781186" rotation="90" />
<Block type="SquareHole" material="stone" x="6.6324450569" y="-1.9113115997811858" rotation="0" />
<Block type="SquareHole" material="stone" x="7.5524450569" y="-1.9113115997811858" rotation="0" />
<Block type="SquareHole" material="stone" x="8.4724450569" y="-1.9113115997811858" rotation="0" />
<Block type="RectBig" material="ice" x="7.5524450569" y="-1.3813115997811856" rotation="0" />
<Block type="RectBig" material="ice" x="7.5524450569" y="-1.1613115997811856" rotation="0" />
<Block type="SquareHole" material="wood" x="7.5524450569" y="-0.6313115997811856" rotation="0" />
<Block type="RectTiny" material="wood" x="7.552445056913142" y="0.003688400218814336" rotation="90" />
<Block type="RectFat" material="ice" x="-1.6604073146" y="2.5742849981" rotation="0" />
<Block type="RectFat" material="ice" x="-0.2004073146" y="2.5742849981" rotation="0" />
<Block type="RectMedium" material="ice" x="-0.9304073146" y="2.8992849981" rotation="0" />
<Block type="RectSmall" material="ice" x="-1.5204073146" y="3.4342849981" rotation="90" />
<Block type="RectFat" material="ice" x="-0.3404073146" y="3.4342849981" rotation="90" />
<Block type="RectTiny" material="ice" x="-1.5204073146" y="4.0742849981" rotation="90" />
<Block type="SquareSmall" material="ice" x="-0.3404073146" y="4.0742849981" rotation="0" />
<Block type="RectSmall" material="ice" x="5.9900030539" y="2.5397007978" rotation="0" />
<Block type="RectSmall" material="wood" x="6.9100030539" y="2.5397007978" rotation="0" />
<Block type="RectSmall" material="wood" x="7.8300030539" y="2.5397007978" rotation="0" />
<Block type="RectSmall" material="ice" x="5.9900030539" y="3.0747007978" rotation="90" />
<Block type="RectSmall" material="wood" x="6.9100030539" y="3.0747007978" rotation="90" />
<Block type="RectSmall" material="stone" x="7.8300030539" y="3.0747007978" rotation="90" />
<Block type="RectBig" material="ice" x="6.9100030539" y="3.6097007978" rotation="0" />
<Block type="SquareSmall" material="ice" x="6.5300030539" y="3.9347007978" rotation="0" />
<Block type="SquareSmall" material="ice" x="7.2900030539" y="3.9347007978" rotation="0" />
<Block type="TriangleHole" material="wood" x="-1.5204073146" y="4.6992849981" rotation="0" />
<Block type="CircleSmall" material="ice" x="-0.9304073146" y="3.2342849981" rotation="0" />
<Block type="CircleSmall" material="wood" x="-0.4149066912" y="-2.2614201326" rotation="0" />
<Block type="TriangleHole" material="ice" x="7.2900030539" y="4.5597007978" rotation="0" />
<Block type="TriangleHole" material="wood" x="7.5524450569" y="0.6286884002" rotation="0" />
<Block type="Circle" material="ice" x="1.3842536541" y="-2.0355532933" rotation="0" />
<Block type="TriangleHole" material="ice" x="5.3966054023" y="0.851460432" rotation="0" />
<Block type="Circle" material="wood" x="-0.7532400245" y="-0.0264201326" rotation="0" />
<Block type="TriangleHole" material="wood" x="2.6042536541" y="-2.0255532933" rotation="0" />
<Block type="CircleSmall" material="ice" x="-0.3404073146" y="4.5142849981" rotation="0" />
<Block type="CircleSmall" material="ice" x="-1.5732400245" y="-0.2014201326" rotation="0" />
<Block type="CircleSmall" material="ice" x="6.8657783902" y="-0.8263115998" rotation="0" />
<Block type="CircleSmall" material="wood" x="-1.9115733578" y="-2.2614201326" rotation="0" />
<Block type="CircleSmall" material="ice" x="6.5300030539" y="4.3747007978" rotation="0" />
<Block type="CircleSmall" material="ice" x="8.2391117236" y="-0.8263115998" rotation="0" />
<Block type="CircleSmall" material="ice" x="4.0232720689" y="0.666460432" rotation="0" />
<Pig type="BasicSmall" material="" x="4.7099387356" y="0.6664604319551308" rotation="0" />
<Platform type="Platform" material="" x="-1.8604073146461189" y="2.049284998144131" />
<Platform type="Platform" material="" x="-1.2404073146461188" y="2.049284998144131" />
<Platform type="Platform" material="" x="-0.6204073146461189" y="2.049284998144131" />
<Platform type="Platform" material="" x="-0.0004073146461188726" y="2.049284998144131" />
<Platform type="Platform" material="" x="5.360003053878176" y="2.1197007977640903" />
<Platform type="Platform" material="" x="5.9800030538781765" y="2.1197007977640903" />
<Platform type="Platform" material="" x="6.600003053878177" y="2.1197007977640903" />
<Platform type="Platform" material="" x="7.220003053878176" y="2.1197007977640903" />
<Platform type="Platform" material="" x="7.840003053878176" y="2.1197007977640903" />
<Platform type="Platform" material="" x="8.460003053878177" y="2.1197007977640903" />
<Platform type="Platform" material="" x="-1.1632400245408594" y="-3.666420132628041" />
<Platform type="Platform" material="" x="-1.1632400245408594" y="-4.286420132628041" />
<Platform type="Platform" material="" x="-1.1632400245408594" y="-4.906420132628041" />
<Platform type="Platform" material="" x="-0.5832400245408593" y="-3.666420132628041" />
<Platform type="Platform" material="" x="-1.7432400245408592" y="-3.666420132628041" />
<Platform type="Platform" material="" x="-0.5832400245408593" y="-4.286420132628041" />
<Platform type="Platform" material="" x="-1.7432400245408592" y="-4.286420132628041" />
<Platform type="Platform" material="" x="-0.5832400245408593" y="-4.906420132628041" />
<Platform type="Platform" material="" x="-1.7432400245408592" y="-4.906420132628041" />
<Platform type="Platform" material="" x="1.9942536541313027" y="-3.1855532933125237" />
<Platform type="Platform" material="" x="1.9942536541313027" y="-3.8055532933125233" />
<Platform type="Platform" material="" x="1.9942536541313027" y="-4.4255532933125235" />
<Platform type="Platform" material="" x="2.6142536541313026" y="-3.1855532933125237" />
<Platform type="Platform" material="" x="1.3742536541313028" y="-3.1855532933125237" />
<Platform type="Platform" material="" x="2.6142536541313026" y="-3.8055532933125233" />
<Platform type="Platform" material="" x="1.3742536541313028" y="-3.8055532933125233" />
<Platform type="Platform" material="" x="2.6142536541313026" y="-4.4255532933125235" />
<Platform type="Platform" material="" x="1.3742536541313028" y="-4.4255532933125235" />
<Platform type="Platform" material="" x="2.7142536541313027" y="-3.1855532933125237" />
<Platform type="Platform" material="" x="1.2742536541313028" y="-3.1855532933125237" />
<Platform type="Platform" material="" x="2.7142536541313027" y="-3.8055532933125233" />
<Platform type="Platform" material="" x="1.2742536541313028" y="-3.8055532933125233" />
<Platform type="Platform" material="" x="2.7142536541313027" y="-4.4255532933125235" />
<Platform type="Platform" material="" x="1.2742536541313028" y="-4.4255532933125235" />
<Platform type="Platform" material="" x="4.709938735585304" y="-3.438539568044869" />
<Platform type="Platform" material="" x="4.709938735585304" y="-4.0585395680448695" />
<Platform type="Platform" material="" x="4.709938735585304" y="-4.678539568044869" />
<Platform type="Platform" material="" x="5.329938735585304" y="-3.438539568044869" />
<Platform type="Platform" material="" x="4.089938735585304" y="-3.438539568044869" />
<Platform type="Platform" material="" x="5.329938735585304" y="-4.0585395680448695" />
<Platform type="Platform" material="" x="4.089938735585304" y="-4.0585395680448695" />
<Platform type="Platform" material="" x="5.329938735585304" y="-4.678539568044869" />
<Platform type="Platform" material="" x="4.089938735585304" y="-4.678539568044869" />
<Platform type="Platform" material="" x="5.647438735585305" y="-3.438539568044869" />
<Platform type="Platform" material="" x="3.772438735585303" y="-3.438539568044869" />
<Platform type="Platform" material="" x="5.647438735585305" y="-4.0585395680448695" />
<Platform type="Platform" material="" x="3.772438735585303" y="-4.0585395680448695" />
<Platform type="Platform" material="" x="5.647438735585305" y="-4.678539568044869" />
<Platform type="Platform" material="" x="3.772438735585303" y="-4.678539568044869" />
<Platform type="Platform" material="" x="7.552445056913142" y="-3.2913115997811855" />
<Platform type="Platform" material="" x="7.552445056913142" y="-3.9113115997811856" />
<Platform type="Platform" material="" x="7.552445056913142" y="-4.531311599781185" />
<Platform type="Platform" material="" x="8.172445056913142" y="-3.2913115997811855" />
<Platform type="Platform" material="" x="6.932445056913142" y="-3.2913115997811855" />
<Platform type="Platform" material="" x="8.172445056913142" y="-3.9113115997811856" />
<Platform type="Platform" material="" x="6.932445056913142" y="-3.9113115997811856" />
<Platform type="Platform" material="" x="8.172445056913142" y="-4.531311599781185" />
<Platform type="Platform" material="" x="6.932445056913142" y="-4.531311599781185" />
<Platform type="Platform" material="" x="8.582445056913143" y="-3.2913115997811855" />
<Platform type="Platform" material="" x="6.522445056913142" y="-3.2913115997811855" />
<Platform type="Platform" material="" x="8.582445056913143" y="-3.9113115997811856" />
<Platform type="Platform" material="" x="6.522445056913142" y="-3.9113115997811856" />
<Platform type="Platform" material="" x="8.582445056913143" y="-4.531311599781185" />
<Platform type="Platform" material="" x="6.522445056913142" y="-4.531311599781185" />
<Platform type="Platform" material="" x="0.45778793638164567" y="-3.4259867129702823" rotation="21.235192991337474" scaleX="2.1413521370348465" />
<Platform type="Platform" material="" x="0.45778793638164567" y="-4.045986712970282" rotation="21.235192991337474" scaleX="2.1413521370348465" />
<Platform type="Platform" material="" x="0.34550681479522166" y="-3.666420132628041" rotation="0.0" scaleX="2.1413521370348465" />
<Platform type="Platform" material="" x="0.34550681479522166" y="-4.286420132628041" rotation="0.0" scaleX="2.1413521370348465" />
<Platform type="Platform" material="" x="0.34550681479522166" y="-4.906420132628041" rotation="0.0" scaleX="2.1413521370348465" />
<Platform type="Platform" material="" x="3.0883461948583033" y="-3.3120464306786963" rotation="-30.00000000000001" scaleX="0.8160847572011135" />
<Platform type="Platform" material="" x="3.0883461948583033" y="-3.9320464306786964" rotation="-30.00000000000001" scaleX="0.8160847572011135" />
<Platform type="Platform" material="" x="3.2433461948583027" y="-3.438539568044869" rotation="0.0" scaleX="0.8160847572011135" />
<Platform type="Platform" material="" x="3.2433461948583027" y="-4.058539568044869" rotation="0.0" scaleX="0.8160847572011135" />
<Platform type="Platform" material="" x="3.2433461948583027" y="-4.678539568044869" rotation="0.0" scaleX="0.8160847572011135" />
<Platform type="Platform" material="" x="6.239941896249224" y="-3.364925583913027" rotation="29.999999999999996" scaleX="0.47492892988284985" />
<Platform type="Platform" material="" x="6.239941896249224" y="-3.9849255839130273" rotation="29.999999999999996" scaleX="0.47492892988284985" />
<Platform type="Platform" material="" x="6.084941896249223" y="-3.438539568044869" rotation="0.0" scaleX="0.47492892988284985" />
<Platform type="Platform" material="" x="6.084941896249223" y="-4.058539568044869" rotation="0.0" scaleX="0.47492892988284985" />
<Platform type="Platform" material="" x="6.084941896249223" y="-4.678539568044869" rotation="0.0" scaleX="0.47492892988284985" />
</GameObjects>
</Level>
