<?xml version="1.0" encoding="utf-16"?>
<Level width ="2">
<Camera x="0" y="2" minWidth="20" maxWidth="30">
<Score highScore ="60040">
<Birds>
<Bird type="BirdRed"/>
<Bird type="BirdYellow"/>
<Bird type="BirdBlue"/>
<Bird type="BirdBlack"/>
</Birds>
<Slingshot x="-8" y="-2.5">
<GameObjects>
<Block type="RectFat" material="wood" x="-1.2406413355" y="-3.0522391487607763" rotation="0" />
<Block type="SquareHole" material="wood" x="-1.2406413355" y="-2.4172391487607765" rotation="0" />
<Block type="SquareHole" material="wood" x="-1.2406413355081436" y="-1.5772391487607764" rotation="0" />
<Block type="RectBig" material="ice" x="2.061371048" y="-3.39" rotation="0" />
<Block type="RectBig" material="stone" x="4.781371048" y="-3.39" rotation="0" />
<Block type="SquareTiny" material="wood" x="1.151371048" y="-3.17" rotation="0" />
<Block type="SquareTiny" material="wood" x="1.466371048" y="-3.17" rotation="0" />
<Block type="SquareTiny" material="wood" x="1.781371048" y="-3.17" rotation="0" />
<Block type="SquareTiny" material="ice" x="2.341371048" y="-3.17" rotation="0" />
<Block type="SquareTiny" material="ice" x="2.656371048" y="-3.17" rotation="0" />
<Block type="SquareTiny" material="ice" x="2.971371048" y="-3.17" rotation="0" />
<Block type="SquareTiny" material="wood" x="3.871371048" y="-3.17" rotation="0" />
<Block type="SquareTiny" material="stone" x="4.186371048" y="-3.17" rotation="0" />
<Block type="SquareTiny" material="stone" x="4.501371048" y="-3.17" rotation="0" />
<Block type="SquareTiny" material="wood" x="5.061371048" y="-3.17" rotation="0" />
<Block type="SquareTiny" material="wood" x="5.376371048" y="-3.17" rotation="0" />
<Block type="SquareTiny" material="ice" x="5.691371048" y="-3.17" rotation="0" />
<Block type="RectTiny" material="wood" x="1.466371048" y="-2.845" rotation="90" />
<Block type="RectTiny" material="ice" x="2.656371048" y="-2.845" rotation="90" />
<Block type="RectFat" material="stone" x="4.186371048" y="-2.845" rotation="0" />
<Block type="RectFat" material="wood" x="5.376371048" y="-2.845" rotation="0" />
<Block type="SquareSmall" material="stone" x="6.7570123835" y="-3.1689625361155884" rotation="0" />
<Block type="SquareSmall" material="stone" x="7.3770123835" y="-3.1689625361155884" rotation="0" />
<Block type="SquareSmall" material="stone" x="7.9470123835" y="-3.1689625361155884" rotation="0" />
<Block type="SquareSmall" material="wood" x="8.5670123835" y="-3.1689625361155884" rotation="0" />
<Block type="RectTiny" material="ice" x="6.7570123835" y="-2.8439625361155882" rotation="0" />
<Block type="RectTiny" material="stone" x="7.3770123835" y="-2.8439625361155882" rotation="0" />
<Block type="RectTiny" material="wood" x="7.9470123835" y="-2.8439625361155882" rotation="0" />
<Block type="RectTiny" material="wood" x="8.5670123835" y="-2.8439625361155882" rotation="0" />
<Block type="RectFat" material="ice" x="6.7570123835" y="-2.308962536115588" rotation="90" />
<Block type="RectFat" material="ice" x="7.3770123835" y="-2.308962536115588" rotation="90" />
<Block type="RectSmall" material="wood" x="7.9470123835" y="-2.308962536115588" rotation="90" />
<Block type="RectSmall" material="wood" x="8.5670123835" y="-2.308962536115588" rotation="90" />
<Block type="SquareHole" material="wood" x="7.0670123835" y="-1.4639625361155884" rotation="0" />
<Block type="SquareHole" material="stone" x="8.2570123835" y="-1.4639625361155884" rotation="0" />
<Block type="RectTiny" material="ice" x="7.1720123835" y="-0.9339625361155882" rotation="0" />
<Block type="RectTiny" material="stone" x="8.1520123835" y="-0.9339625361155882" rotation="0" />
<Block type="RectTiny" material="ice" x="7.1720123835" y="-0.6089625361155881" rotation="90" />
<Block type="SquareSmall" material="stone" x="8.1520123835" y="-0.6089625361155881" rotation="0" />
<Block type="SquareTiny" material="stone" x="7.1720123835" y="-0.2839625361155882" rotation="0" />
<Block type="SquareTiny" material="wood" x="8.1520123835" y="-0.2839625361155882" rotation="0" />
<Block type="RectTiny" material="ice" x="-2.0279228726" y="3.0233368351" rotation="90" />
<Block type="RectTiny" material="ice" x="-1.1079228726" y="3.0233368351" rotation="90" />
<Block type="RectTiny" material="ice" x="-0.1879228726" y="3.0233368351" rotation="90" />
<Block type="RectTiny" material="stone" x="0.1420771274" y="3.0233368351" rotation="90" />
<Block type="RectTiny" material="stone" x="1.0620771274" y="3.0233368351" rotation="90" />
<Block type="RectTiny" material="stone" x="1.9820771274" y="3.0233368351" rotation="90" />
<Block type="RectBig" material="ice" x="-1.1079228726" y="3.3483368351" rotation="0" />
<Block type="RectBig" material="stone" x="1.0620771274" y="3.3483368351" rotation="0" />
<Block type="SquareTiny" material="ice" x="-1.0029228726" y="3.5683368351" rotation="0" />
<Block type="RectTiny" material="ice" x="-0.5129228726" y="3.5683368351" rotation="0" />
<Block type="RectTiny" material="wood" x="-0.0229228726" y="3.5683368351" rotation="0" />
<Block type="SquareTiny" material="stone" x="0.4670771274" y="3.5683368351" rotation="0" />
<Block type="SquareTiny" material="wood" x="0.9570771274" y="3.5683368351" rotation="0" />
<Block type="RectTiny" material="ice" x="-1.0029228726" y="3.8933368351" rotation="90" />
<Block type="SquareSmall" material="stone" x="-0.5129228726" y="3.8933368351" rotation="0" />
<Block type="SquareSmall" material="ice" x="-0.0229228726" y="3.8933368351" rotation="0" />
<Block type="RectTiny" material="wood" x="0.4670771274" y="3.8933368351" rotation="90" />
<Block type="RectTiny" material="wood" x="0.9570771274" y="3.8933368351" rotation="90" />
<Block type="TriangleHole" material="ice" x="3.9030377147" y="-2.22" rotation="0" />
<Block type="TriangleHole" material="wood" x="7.1720123835" y="0.2360374639" rotation="0" />
<Block type="TriangleHole" material="stone" x="1.7487437941" y="3.8683368351" rotation="0" />
<Block type="CircleSmall" material="ice" x="0.9570771274" y="4.3333368351" rotation="0" />
<Block type="Triangle" material="stone" x="-1.7945895393" y="3.8683368351" rotation="0.0" />
<Block type="CircleSmall" material="wood" x="5.0930377147" y="-2.405" rotation="0" />
<Block type="CircleSmall" material="wood" x="-0.0229228726" y="4.3333368351" rotation="0" />
<Block type="Circle" material="stone" x="1.466371048" y="-2.23" rotation="0" />
<Block type="CircleSmall" material="wood" x="-0.9606413355" y="-0.9322391488" rotation="0" />
<Block type="CircleSmall" material="stone" x="-0.5129228726" y="4.3333368351" rotation="0" />
<Block type="CircleSmall" material="wood" x="0.4670771274" y="4.3333368351" rotation="0" />
<Pig type="BasicSmall" material="" x="2.656371048" y="-2.405" rotation="0" />
<Pig type="BasicSmall" material="" x="-1.0029228726" y="4.3333368351" rotation="0" />
<Pig type="BasicSmall" material="" x="8.1520123835" y="0.05103746388441183" rotation="0" />
<Pig type="BasicSmall" material="" x="-1.5206413355" y="-0.9322391487607764" rotation="0" />
<Pig type="BasicSmall" material="" x="5.6597043813" y="-2.405" rotation="0" />
<TNT type="" x="3.341371048" y="-3.275" rotation="0" />
<Platform type="Platform" material="" x="-1.8829228726022118" y="2.4983368351369997" />
<Platform type="Platform" material="" x="-1.262922872602212" y="2.4983368351369997" />
<Platform type="Platform" material="" x="-0.6429228726022119" y="2.4983368351369997" />
<Platform type="Platform" material="" x="-0.02292287260221193" y="2.4983368351369997" />
<Platform type="Platform" material="" x="0.5970771273977881" y="2.4983368351369997" />
<Platform type="Platform" material="" x="1.217077127397788" y="2.4983368351369997" />
<Platform type="Platform" material="" x="1.837077127397788" y="2.4983368351369997" />
<Platform type="Platform" material="" x="-1.2406413355081436" y="-3.577239148760776" />
<Platform type="Platform" material="" x="-1.2406413355081436" y="-4.197239148760776" />
<Platform type="Platform" material="" x="-1.2406413355081436" y="-4.817239148760777" />
<Platform type="Platform" material="" x="-1.1256413355081436" y="-3.577239148760776" />
<Platform type="Platform" material="" x="-1.3556413355081436" y="-3.577239148760776" />
<Platform type="Platform" material="" x="-1.1256413355081436" y="-4.197239148760776" />
<Platform type="Platform" material="" x="-1.3556413355081436" y="-4.197239148760776" />
<Platform type="Platform" material="" x="-1.1256413355081436" y="-4.817239148760777" />
<Platform type="Platform" material="" x="-1.3556413355081436" y="-4.817239148760777" />
<Platform type="Platform" material="" x="3.4213710479966415" y="-3.81" />
<Platform type="Platform" material="" x="3.4213710479966415" y="-4.43" />
<Platform type="Platform" material="" x="3.4213710479966415" y="-5.05" />
<Platform type="Platform" material="" x="4.041371047996641" y="-3.81" />
<Platform type="Platform" material="" x="2.8013710479966414" y="-3.81" />
<Platform type="Platform" material="" x="4.041371047996641" y="-4.43" />
<Platform type="Platform" material="" x="2.8013710479966414" y="-4.43" />
<Platform type="Platform" material="" x="4.041371047996641" y="-5.05" />
<Platform type="Platform" material="" x="2.8013710479966414" y="-5.05" />
<Platform type="Platform" material="" x="4.661371047996641" y="-3.81" />
<Platform type="Platform" material="" x="2.1813710479966413" y="-3.81" />
<Platform type="Platform" material="" x="4.661371047996641" y="-4.43" />
<Platform type="Platform" material="" x="2.1813710479966413" y="-4.43" />
<Platform type="Platform" material="" x="4.661371047996641" y="-5.05" />
<Platform type="Platform" material="" x="2.1813710479966413" y="-5.05" />
<Platform type="Platform" material="" x="5.281371047996641" y="-3.81" />
<Platform type="Platform" material="" x="1.5613710479966412" y="-3.81" />
<Platform type="Platform" material="" x="5.281371047996641" y="-4.43" />
<Platform type="Platform" material="" x="1.5613710479966412" y="-4.43" />
<Platform type="Platform" material="" x="5.281371047996641" y="-5.05" />
<Platform type="Platform" material="" x="1.5613710479966412" y="-5.05" />
<Platform type="Platform" material="" x="5.501371047996642" y="-3.81" />
<Platform type="Platform" material="" x="1.3413710479966405" y="-3.81" />
<Platform type="Platform" material="" x="5.501371047996642" y="-4.43" />
<Platform type="Platform" material="" x="1.3413710479966405" y="-4.43" />
<Platform type="Platform" material="" x="5.501371047996642" y="-5.05" />
<Platform type="Platform" material="" x="1.3413710479966405" y="-5.05" />
<Platform type="Platform" material="" x="7.662012383504785" y="-3.6939625361155883" />
<Platform type="Platform" material="" x="7.662012383504785" y="-4.313962536115588" />
<Platform type="Platform" material="" x="7.662012383504785" y="-4.9339625361155885" />
<Platform type="Platform" material="" x="8.282012383504785" y="-3.6939625361155883" />
<Platform type="Platform" material="" x="7.042012383504785" y="-3.6939625361155883" />
<Platform type="Platform" material="" x="8.282012383504785" y="-4.313962536115588" />
<Platform type="Platform" material="" x="7.042012383504785" y="-4.313962536115588" />
<Platform type="Platform" material="" x="8.282012383504785" y="-4.9339625361155885" />
<Platform type="Platform" material="" x="7.042012383504785" y="-4.9339625361155885" />
<Platform type="Platform" material="" x="8.472012383504785" y="-3.6939625361155883" />
<Platform type="Platform" material="" x="6.8520123835047855" y="-3.6939625361155883" />
<Platform type="Platform" material="" x="8.472012383504785" y="-4.313962536115588" />
<Platform type="Platform" material="" x="6.8520123835047855" y="-4.313962536115588" />
<Platform type="Platform" material="" x="8.472012383504785" y="-4.9339625361155885" />
<Platform type="Platform" material="" x="6.8520123835047855" y="-4.9339625361155885" />
<Platform type="Platform" material="" x="0.0691051581460741" y="-3.693619574380388" rotation="-7.182562406766342" scaleX="3.002614347635839" />
<Platform type="Platform" material="" x="0.0691051581460741" y="-4.313619574380388" rotation="-7.182562406766342" scaleX="3.002614347635839" />
<Platform type="Platform" material="" x="0.10786485624424846" y="-3.81" rotation="0.0" scaleX="3.002614347635839" />
<Platform type="Platform" material="" x="0.10786485624424846" y="-4.43" rotation="0.0" scaleX="3.002614347635839" />
<Platform type="Platform" material="" x="0.10786485624424846" y="-5.05" rotation="0.0" scaleX="3.002614347635839" />
<Platform type="Platform" material="" x="6.225315261007784" y="-3.7519812680577944" rotation="9.024114447487339" scaleX="1.193222987658823" />
<Platform type="Platform" material="" x="6.225315261007784" y="-4.3719812680577945" rotation="9.024114447487339" scaleX="1.193222987658823" />
<Platform type="Platform" material="" x="6.176691715750714" y="-3.81" rotation="0.0" scaleX="1.193222987658823" />
<Platform type="Platform" material="" x="6.176691715750714" y="-4.43" rotation="0.0" scaleX="1.193222987658823" />
<Platform type="Platform" material="" x="6.176691715750714" y="-5.05" rotation="0.0" scaleX="1.193222987658823" />
</GameObjects>
</Level>
