<?xml version="1.0" encoding="utf-16"?>
<Level width ="2">
<Camera x="0" y="2" minWidth="20" maxWidth="30">
<Score highScore ="66550">
<Birds>
<Bird type="BirdBlack"/>
<Bird type="BirdBlue"/>
<Bird type="BirdYellow"/>
<Bird type="BirdRed"/>
</Birds>
<Slingshot x="-8" y="-2.5">
<GameObjects>
<Block type="RectSmall" material="stone" x="-2.3998883825" y="-3.39" rotation="0" />
<Block type="RectSmall" material="stone" x="-0.9398883825" y="-3.39" rotation="0" />
<Block type="RectMedium" material="stone" x="-1.6698883824665394" y="-3.17" rotation="0" />
<Block type="RectFat" material="stone" x="0.5427437714" y="-3.024428512326567" rotation="0" />
<Block type="RectFat" material="wood" x="2.1927437714" y="-3.024428512326567" rotation="0" />
<Block type="RectFat" material="wood" x="3.8427437714" y="-3.024428512326567" rotation="0" />
<Block type="RectMedium" material="stone" x="1.2727437714" y="-2.6994285123265667" rotation="0" />
<Block type="RectMedium" material="ice" x="3.1127437714" y="-2.6994285123265667" rotation="0" />
<Block type="RectBig" material="wood" x="2.1927437714" y="-2.479428512326567" rotation="0" />
<Block type="RectSmall" material="stone" x="1.2727437714" y="-1.9444285123265668" rotation="90" />
<Block type="RectSmall" material="stone" x="1.6777437714" y="-1.9444285123265668" rotation="90" />
<Block type="RectSmall" material="ice" x="2.7077437714" y="-1.9444285123265668" rotation="90" />
<Block type="RectSmall" material="ice" x="3.1127437714" y="-1.9444285123265668" rotation="90" />
<Block type="RectBig" material="ice" x="2.1927437714" y="-1.4094285123265666" rotation="0" />
<Block type="RectBig" material="stone" x="2.1927437714" y="-1.1894285123265664" rotation="0" />
<Block type="SquareHole" material="ice" x="2.1927437714" y="-0.6594285123265666" rotation="0" />
<Block type="SquareHole" material="wood" x="2.192743771362067" y="0.1805714876734334" rotation="0" />
<Block type="SquareSmall" material="ice" x="5.6776321538" y="-3.285" rotation="0" />
<Block type="SquareSmall" material="ice" x="6.2976321538" y="-3.285" rotation="0" />
<Block type="SquareSmall" material="ice" x="7.4276321538" y="-3.285" rotation="0" />
<Block type="SquareSmall" material="ice" x="8.0476321538" y="-3.285" rotation="0" />
<Block type="RectFat" material="ice" x="5.6776321538" y="-2.645" rotation="90" />
<Block type="RectFat" material="ice" x="6.2976321538" y="-2.645" rotation="90" />
<Block type="RectFat" material="wood" x="7.4276321538" y="-2.645" rotation="90" />
<Block type="RectFat" material="stone" x="8.0476321538" y="-2.645" rotation="90" />
<Block type="SquareHole" material="stone" x="5.9876321538" y="-1.8" rotation="0" />
<Block type="SquareHole" material="stone" x="7.7376321538" y="-1.8" rotation="0" />
<Block type="RectFat" material="stone" x="5.9876321538" y="-1.165" rotation="0" />
<Block type="RectFat" material="stone" x="7.7376321538" y="-1.165" rotation="0" />
<Block type="SquareHole" material="wood" x="5.9876321538" y="-0.53" rotation="0" />
<Block type="SquareHole" material="stone" x="7.7376321538" y="-0.53" rotation="0" />
<Block type="RectFat" material="wood" x="5.9876321538" y="0.105" rotation="0" />
<Block type="RectFat" material="wood" x="7.7376321538" y="0.105" rotation="0" />
<Block type="RectSmall" material="stone" x="-1.2839425558" y="2.3215076666" rotation="0" />
<Block type="RectSmall" material="stone" x="-0.3639425558" y="2.3215076666" rotation="0" />
<Block type="RectSmall" material="stone" x="0.5560574442" y="2.3215076666" rotation="0" />
<Block type="RectFat" material="ice" x="-1.2839425558" y="2.6465076666" rotation="0" />
<Block type="RectFat" material="ice" x="-0.3639425558" y="2.6465076666" rotation="0" />
<Block type="RectFat" material="ice" x="0.5560574442" y="2.6465076666" rotation="0" />
<Block type="RectBig" material="stone" x="-0.3639425558" y="2.9715076666" rotation="0" />
<Block type="SquareHole" material="stone" x="-0.9189425558" y="3.5015076666" rotation="0" />
<Block type="SquareHole" material="stone" x="0.1910574442" y="3.5015076666" rotation="0" />
<Block type="SquareSmall" material="stone" x="-0.8139425558" y="4.1365076666" rotation="0" />
<Block type="SquareSmall" material="stone" x="-0.3639425558" y="4.1365076666" rotation="0" />
<Block type="SquareSmall" material="stone" x="0.0860574442" y="4.1365076666" rotation="0" />
<Block type="RectTiny" material="wood" x="-0.7089425558" y="4.4615076666" rotation="0" />
<Block type="RectTiny" material="wood" x="-0.0189425558" y="4.4615076666" rotation="0" />
<Block type="RectTiny" material="stone" x="3.6003036035" y="2.2929587661" rotation="0" />
<Block type="RectTiny" material="ice" x="4.2303036035" y="2.2929587661" rotation="0" />
<Block type="RectTiny" material="stone" x="5.3703036035" y="2.2929587661" rotation="0" />
<Block type="RectTiny" material="wood" x="6.0003036035" y="2.2929587661" rotation="0" />
<Block type="RectSmall" material="stone" x="3.9153036035" y="2.5129587661" rotation="0" />
<Block type="RectSmall" material="wood" x="5.6853036035" y="2.5129587661" rotation="0" />
<Block type="CircleSmall" material="ice" x="5.9876321538" y="0.545" rotation="0" />
<Block type="Triangle" material="wood" x="-1.6698883825" y="-2.65" rotation="0.0" />
<Block type="Triangle" material="wood" x="3.6727437714" y="-2.1794285123" rotation="90.0" />
<Block type="CircleSmall" material="wood" x="4.1986369368" y="2.8479587661" rotation="0" />
<Block type="Triangle" material="wood" x="5.9686369368" y="3.0329587661" rotation="0.0" />
<Block type="Circle" material="wood" x="7.7376321538" y="0.72" rotation="0" />
<Block type="CircleSmall" material="ice" x="0.7127437714" y="-2.3644285123" rotation="0" />
<Block type="CircleSmall" material="ice" x="-0.0189425558" y="4.7965076666" rotation="0" />
<Block type="CircleSmall" material="ice" x="1.5060771047" y="-0.8544285123" rotation="0" />
<Block type="CircleSmall" material="ice" x="2.4727437714" y="0.8255714877" rotation="0" />
<Block type="CircleSmall" material="ice" x="3.6319702702" y="2.8479587661" rotation="0" />
<Pig type="BasicSmall" material="" x="2.1927437714" y="-2.1444285123265665" rotation="0" />
<Pig type="BasicSmall" material="" x="6.9576321538" y="-3.275" rotation="0" />
<Pig type="BasicSmall" material="" x="1.9127437714" y="0.8255714876734334" rotation="0" />
<Pig type="BasicSmall" material="" x="2.8794104381" y="-0.8544285123265666" rotation="0" />
<Pig type="BasicSmall" material="" x="-0.7089425558" y="4.7965076666" rotation="0" />
<TNT type="" x="4.7003036035" y="2.4079587661" rotation="0" />
<Platform type="Platform" material="" x="-2.2239425557588075" y="1.9015076666021264" />
<Platform type="Platform" material="" x="-1.6039425557588078" y="1.9015076666021264" />
<Platform type="Platform" material="" x="-0.9839425557588077" y="1.9015076666021264" />
<Platform type="Platform" material="" x="-0.36394255575880774" y="1.9015076666021264" />
<Platform type="Platform" material="" x="0.25605744424119226" y="1.9015076666021264" />
<Platform type="Platform" material="" x="0.8760574442411923" y="1.9015076666021264" />
<Platform type="Platform" material="" x="1.4960574442411922" y="1.9015076666021264" />
<Platform type="Platform" material="" x="3.560303603531181" y="1.8729587661324585" />
<Platform type="Platform" material="" x="4.180303603531181" y="1.8729587661324585" />
<Platform type="Platform" material="" x="4.800303603531181" y="1.8729587661324585" />
<Platform type="Platform" material="" x="5.420303603531181" y="1.8729587661324585" />
<Platform type="Platform" material="" x="6.040303603531181" y="1.8729587661324585" />
<Platform type="Platform" material="" x="-1.6698883824665394" y="-3.81" />
<Platform type="Platform" material="" x="-1.6698883824665394" y="-4.43" />
<Platform type="Platform" material="" x="-1.6698883824665394" y="-5.05" />
<Platform type="Platform" material="" x="-1.0498883824665395" y="-3.81" />
<Platform type="Platform" material="" x="-2.2898883824665393" y="-3.81" />
<Platform type="Platform" material="" x="-1.0498883824665395" y="-4.43" />
<Platform type="Platform" material="" x="-2.2898883824665393" y="-4.43" />
<Platform type="Platform" material="" x="-1.0498883824665395" y="-5.05" />
<Platform type="Platform" material="" x="-2.2898883824665393" y="-5.05" />
<Platform type="Platform" material="" x="-0.8248883824665394" y="-3.81" />
<Platform type="Platform" material="" x="-2.5148883824665393" y="-3.81" />
<Platform type="Platform" material="" x="-0.8248883824665394" y="-4.43" />
<Platform type="Platform" material="" x="-2.5148883824665393" y="-4.43" />
<Platform type="Platform" material="" x="-0.8248883824665394" y="-5.05" />
<Platform type="Platform" material="" x="-2.5148883824665393" y="-5.05" />
<Platform type="Platform" material="" x="2.192743771362067" y="-3.5494285123265668" />
<Platform type="Platform" material="" x="2.192743771362067" y="-4.169428512326567" />
<Platform type="Platform" material="" x="2.192743771362067" y="-4.789428512326566" />
<Platform type="Platform" material="" x="2.8127437713620673" y="-3.5494285123265668" />
<Platform type="Platform" material="" x="1.5727437713620671" y="-3.5494285123265668" />
<Platform type="Platform" material="" x="2.8127437713620673" y="-4.169428512326567" />
<Platform type="Platform" material="" x="1.5727437713620671" y="-4.169428512326567" />
<Platform type="Platform" material="" x="2.8127437713620673" y="-4.789428512326566" />
<Platform type="Platform" material="" x="1.5727437713620671" y="-4.789428512326566" />
<Platform type="Platform" material="" x="3.4327437713620674" y="-3.5494285123265668" />
<Platform type="Platform" material="" x="0.9527437713620671" y="-3.5494285123265668" />
<Platform type="Platform" material="" x="3.4327437713620674" y="-4.169428512326567" />
<Platform type="Platform" material="" x="0.9527437713620671" y="-4.169428512326567" />
<Platform type="Platform" material="" x="3.4327437713620674" y="-4.789428512326566" />
<Platform type="Platform" material="" x="0.9527437713620671" y="-4.789428512326566" />
<Platform type="Platform" material="" x="3.957743771362067" y="-3.5494285123265668" />
<Platform type="Platform" material="" x="0.4277437713620672" y="-3.5494285123265668" />
<Platform type="Platform" material="" x="3.957743771362067" y="-4.169428512326567" />
<Platform type="Platform" material="" x="0.4277437713620672" y="-4.169428512326567" />
<Platform type="Platform" material="" x="3.957743771362067" y="-4.789428512326566" />
<Platform type="Platform" material="" x="0.4277437713620672" y="-4.789428512326566" />
<Platform type="Platform" material="" x="6.862632153828606" y="-3.81" />
<Platform type="Platform" material="" x="6.862632153828606" y="-4.43" />
<Platform type="Platform" material="" x="6.862632153828606" y="-5.05" />
<Platform type="Platform" material="" x="7.4826321538286065" y="-3.81" />
<Platform type="Platform" material="" x="6.242632153828606" y="-3.81" />
<Platform type="Platform" material="" x="7.4826321538286065" y="-4.43" />
<Platform type="Platform" material="" x="6.242632153828606" y="-4.43" />
<Platform type="Platform" material="" x="7.4826321538286065" y="-5.05" />
<Platform type="Platform" material="" x="6.242632153828606" y="-5.05" />
<Platform type="Platform" material="" x="7.952632153828607" y="-3.81" />
<Platform type="Platform" material="" x="5.772632153828606" y="-3.81" />
<Platform type="Platform" material="" x="7.952632153828607" y="-4.43" />
<Platform type="Platform" material="" x="5.772632153828606" y="-4.43" />
<Platform type="Platform" material="" x="7.952632153828607" y="-5.05" />
<Platform type="Platform" material="" x="5.772632153828606" y="-5.05" />
<Platform type="Platform" material="" x="-0.08051046456880612" y="-3.679714256163283" rotation="22.386011932723527" scaleX="1.1035381351964704" />
<Platform type="Platform" material="" x="-0.08051046456880612" y="-4.299714256163283" rotation="22.386011932723527" scaleX="1.1035381351964704" />
<Platform type="Platform" material="" x="-0.19857230555223604" y="-3.81" rotation="0.0" scaleX="1.1035381351964704" />
<Platform type="Platform" material="" x="-0.19857230555223604" y="-4.43" rotation="0.0" scaleX="1.1035381351964704" />
<Platform type="Platform" material="" x="-0.19857230555223604" y="-5.05" rotation="0.0" scaleX="1.1035381351964704" />
<Platform type="Platform" material="" x="4.799137971360441" y="-3.679714256163283" rotation="-12.301999788001297" scaleX="1.9725323410472215" />
<Platform type="Platform" material="" x="4.799137971360441" y="-4.299714256163283" rotation="-12.301999788001297" scaleX="1.9725323410472215" />
<Platform type="Platform" material="" x="4.8651879625953365" y="-3.81" rotation="0.0" scaleX="1.9725323410472215" />
<Platform type="Platform" material="" x="4.8651879625953365" y="-4.43" rotation="0.0" scaleX="1.9725323410472215" />
<Platform type="Platform" material="" x="4.8651879625953365" y="-5.05" rotation="0.0" scaleX="1.9725323410472215" />
</GameObjects>
</Level>
