<?xml version="1.0" encoding="utf-16"?>
<Level width ="2">
<Camera x="0" y="2" minWidth="20" maxWidth="30">
<Score highScore ="36890">
<Birds>
<Bird type="BirdBlue"/>
<Bird type="BirdBlack"/>
<Bird type="BirdYellow"/>
</Birds>
<Slingshot x="-8" y="-2.5">
<GameObjects>
<Block type="RectSmall" material="ice" x="-1.7505844169" y="-3.39" rotation="0" />
<Block type="RectSmall" material="ice" x="0.0894155831" y="-3.39" rotation="0" />
<Block type="RectSmall" material="ice" x="-1.7505844169" y="-3.17" rotation="0" />
<Block type="RectSmall" material="wood" x="0.0894155831" y="-3.17" rotation="0" />
<Block type="RectFat" material="ice" x="-1.7505844169" y="-2.845" rotation="0" />
<Block type="RectFat" material="ice" x="0.0894155831" y="-2.845" rotation="0" />
<Block type="SquareTiny" material="ice" x="-2.0655844169" y="-2.52" rotation="0" />
<Block type="SquareTiny" material="stone" x="-1.4355844169" y="-2.52" rotation="0" />
<Block type="SquareTiny" material="stone" x="-0.2255844169" y="-2.52" rotation="0" />
<Block type="SquareTiny" material="stone" x="0.4044155831" y="-2.52" rotation="0" />
<Block type="RectFat" material="wood" x="-1.7505844169" y="-2.195" rotation="0" />
<Block type="RectFat" material="wood" x="0.0894155831" y="-2.195" rotation="0" />
<Block type="RectSmall" material="stone" x="-2.0605844169" y="-1.555" rotation="90" />
<Block type="RectSmall" material="stone" x="-1.7505844169" y="-1.555" rotation="90" />
<Block type="RectSmall" material="stone" x="-1.4405844169" y="-1.555" rotation="90" />
<Block type="RectSmall" material="stone" x="-0.2205844169" y="-1.555" rotation="90" />
<Block type="RectSmall" material="stone" x="0.0894155831" y="-1.555" rotation="90" />
<Block type="RectSmall" material="stone" x="0.3994155831" y="-1.555" rotation="90" />
<Block type="SquareHole" material="ice" x="-1.7505844169" y="-0.71" rotation="0" />
<Block type="SquareHole" material="ice" x="0.0894155831" y="-0.71" rotation="0" />
<Block type="RectBig" material="wood" x="-0.8305844169" y="-0.18" rotation="0" />
<Block type="RectBig" material="ice" x="-0.8305844169" y="0.04" rotation="0" />
<Block type="RectMedium" material="stone" x="-0.8305844169345553" y="0.26" rotation="0" />
<Block type="SquareTiny" material="ice" x="2.6588676541" y="-3.0482967146042474" rotation="0" />
<Block type="SquareTiny" material="ice" x="3.2888676541" y="-3.0482967146042474" rotation="0" />
<Block type="RectSmall" material="ice" x="2.9738676541" y="-2.8282967146042473" rotation="0" />
<Block type="RectMedium" material="ice" x="2.9738676540765914" y="-1.8782967146042475" rotation="90" />
<Block type="SquareTiny" material="ice" x="5.569452071" y="-2.9890834052226753" rotation="0" />
<Block type="SquareTiny" material="stone" x="6.199452071" y="-2.9890834052226753" rotation="0" />
<Block type="SquareTiny" material="stone" x="6.489452071" y="-2.9890834052226753" rotation="0" />
<Block type="SquareTiny" material="stone" x="7.119452071" y="-2.9890834052226753" rotation="0" />
<Block type="SquareTiny" material="ice" x="7.409452071" y="-2.9890834052226753" rotation="0" />
<Block type="SquareTiny" material="ice" x="8.039452071" y="-2.9890834052226753" rotation="0" />
<Block type="RectSmall" material="ice" x="5.884452071" y="-2.769083405222675" rotation="0" />
<Block type="RectSmall" material="stone" x="6.804452071" y="-2.769083405222675" rotation="0" />
<Block type="RectSmall" material="ice" x="7.724452071" y="-2.769083405222675" rotation="0" />
<Block type="SquareHole" material="ice" x="5.884452071" y="-2.2390834052226753" rotation="0" />
<Block type="SquareHole" material="ice" x="6.804452071" y="-2.2390834052226753" rotation="0" />
<Block type="SquareHole" material="wood" x="7.724452071" y="-2.2390834052226753" rotation="0" />
<Block type="RectBig" material="wood" x="6.804452071" y="-1.709083405222675" rotation="0" />
<Block type="RectTiny" material="ice" x="6.074452071" y="-1.489083405222675" rotation="0" />
<Block type="RectTiny" material="ice" x="6.804452071" y="-1.489083405222675" rotation="0" />
<Block type="RectTiny" material="wood" x="7.534452071" y="-1.489083405222675" rotation="0" />
<Block type="SquareSmall" material="ice" x="6.074452071" y="-1.1640834052226752" rotation="0" />
<Block type="SquareSmall" material="ice" x="6.804452071" y="-1.1640834052226752" rotation="0" />
<Block type="SquareSmall" material="wood" x="7.534452071" y="-1.1640834052226752" rotation="0" />
<Block type="RectMedium" material="ice" x="6.804452071011147" y="-0.8390834052226751" rotation="0" />
<Block type="RectSmall" material="stone" x="0.2387837519" y="2.8616048192" rotation="90" />
<Block type="RectSmall" material="stone" x="0.8687837519" y="2.8616048192" rotation="90" />
<Block type="RectFat" material="stone" x="0.5537837519" y="3.5016048192" rotation="0" />
<Block type="SquareTiny" material="wood" x="0.5537837519" y="3.8266048192" rotation="0" />
<Block type="RectSmall" material="wood" x="0.5537837519385165" y="4.3616048192" rotation="90" />
<Block type="RectFat" material="ice" x="5.3700063564" y="1.5948292394" rotation="0" />
<Block type="RectFat" material="wood" x="6.2900063564" y="1.5948292394" rotation="0" />
<Block type="RectFat" material="wood" x="7.2100063564" y="1.5948292394" rotation="0" />
<Block type="RectBig" material="stone" x="6.2900063564" y="1.9198292394" rotation="0" />
<Block type="SquareHole" material="ice" x="6.290006356376031" y="2.4498292394" rotation="0" />
<Block type="TriangleHole" material="wood" x="-0.2705844169" y="0.78" rotation="0" />
<Block type="CircleSmall" material="ice" x="-1.3905844169" y="0.595" rotation="0" />
<Block type="CircleSmall" material="ice" x="6.0100063564" y="3.0948292394" rotation="0" />
<Block type="Triangle" material="wood" x="6.804452071" y="-0.3190834052" rotation="0.0" />
<Block type="CircleSmall" material="stone" x="6.9766730231" y="2.2548292394" rotation="0" />
<Block type="CircleSmall" material="ice" x="0.5537837519" y="5.0116048192" rotation="0" />
<Block type="CircleSmall" material="wood" x="6.5700063564" y="3.0948292394" rotation="0" />
<Block type="CircleSmall" material="ice" x="5.6033396897" y="2.2548292394" rotation="0" />
<Pig type="BasicSmall" material="" x="-1.0705844169" y="-3.275" rotation="0" />
<Pig type="BasicSmall" material="" x="2.9738676541" y="-0.8132967146042475" rotation="0" />
<Platform type="Platform" material="" x="-1.3062162480614834" y="2.126604819164686" />
<Platform type="Platform" material="" x="-0.6862162480614835" y="2.126604819164686" />
<Platform type="Platform" material="" x="-0.06621624806148352" y="2.126604819164686" />
<Platform type="Platform" material="" x="0.5537837519385165" y="2.126604819164686" />
<Platform type="Platform" material="" x="1.1737837519385166" y="2.126604819164686" />
<Platform type="Platform" material="" x="1.7937837519385165" y="2.126604819164686" />
<Platform type="Platform" material="" x="2.4137837519385164" y="2.126604819164686" />
<Platform type="Platform" material="" x="4.740006356376031" y="1.0698292393579036" />
<Platform type="Platform" material="" x="5.360006356376031" y="1.0698292393579036" />
<Platform type="Platform" material="" x="5.980006356376031" y="1.0698292393579036" />
<Platform type="Platform" material="" x="6.6000063563760305" y="1.0698292393579036" />
<Platform type="Platform" material="" x="7.220006356376031" y="1.0698292393579036" />
<Platform type="Platform" material="" x="7.840006356376031" y="1.0698292393579036" />
<Platform type="Platform" material="" x="-0.8305844169345553" y="-3.81" />
<Platform type="Platform" material="" x="-0.8305844169345553" y="-4.43" />
<Platform type="Platform" material="" x="-0.8305844169345553" y="-5.05" />
<Platform type="Platform" material="" x="-0.21058441693455532" y="-3.81" />
<Platform type="Platform" material="" x="-1.4505844169345554" y="-3.81" />
<Platform type="Platform" material="" x="-0.21058441693455532" y="-4.43" />
<Platform type="Platform" material="" x="-1.4505844169345554" y="-4.43" />
<Platform type="Platform" material="" x="-0.21058441693455532" y="-5.05" />
<Platform type="Platform" material="" x="-1.4505844169345554" y="-5.05" />
<Platform type="Platform" material="" x="0.20441558306544466" y="-3.81" />
<Platform type="Platform" material="" x="-1.8655844169345555" y="-3.81" />
<Platform type="Platform" material="" x="0.20441558306544466" y="-4.43" />
<Platform type="Platform" material="" x="-1.8655844169345555" y="-4.43" />
<Platform type="Platform" material="" x="0.20441558306544466" y="-5.05" />
<Platform type="Platform" material="" x="-1.8655844169345555" y="-5.05" />
<Platform type="Platform" material="" x="2.9738676540765914" y="-3.4682967146042474" />
<Platform type="Platform" material="" x="2.9738676540765914" y="-4.0882967146042475" />
<Platform type="Platform" material="" x="2.9738676540765914" y="-4.708296714604248" />
<Platform type="Platform" material="" x="3.088867654076591" y="-3.4682967146042474" />
<Platform type="Platform" material="" x="2.8588676540765916" y="-3.4682967146042474" />
<Platform type="Platform" material="" x="3.088867654076591" y="-4.0882967146042475" />
<Platform type="Platform" material="" x="2.8588676540765916" y="-4.0882967146042475" />
<Platform type="Platform" material="" x="3.088867654076591" y="-4.708296714604248" />
<Platform type="Platform" material="" x="2.8588676540765916" y="-4.708296714604248" />
<Platform type="Platform" material="" x="6.804452071011147" y="-3.4090834052226753" />
<Platform type="Platform" material="" x="6.804452071011147" y="-4.029083405222675" />
<Platform type="Platform" material="" x="6.804452071011147" y="-4.649083405222675" />
<Platform type="Platform" material="" x="7.424452071011147" y="-3.4090834052226753" />
<Platform type="Platform" material="" x="6.184452071011147" y="-3.4090834052226753" />
<Platform type="Platform" material="" x="7.424452071011147" y="-4.029083405222675" />
<Platform type="Platform" material="" x="6.184452071011147" y="-4.029083405222675" />
<Platform type="Platform" material="" x="7.424452071011147" y="-4.649083405222675" />
<Platform type="Platform" material="" x="6.184452071011147" y="-4.649083405222675" />
<Platform type="Platform" material="" x="7.839452071011148" y="-3.4090834052226753" />
<Platform type="Platform" material="" x="5.769452071011146" y="-3.4090834052226753" />
<Platform type="Platform" material="" x="7.839452071011148" y="-4.029083405222675" />
<Platform type="Platform" material="" x="5.769452071011146" y="-4.029083405222675" />
<Platform type="Platform" material="" x="7.839452071011148" y="-4.649083405222675" />
<Platform type="Platform" material="" x="5.769452071011146" y="-4.649083405222675" />
<Platform type="Platform" material="" x="1.5829894929018726" y="-3.6391483573021235" rotation="9.53431686044229" scaleX="3.327336232012502" />
<Platform type="Platform" material="" x="1.5829894929018726" y="-4.259148357302124" rotation="9.53431686044229" scaleX="3.327336232012502" />
<Platform type="Platform" material="" x="1.5316416185710182" y="-3.81" rotation="0.0" scaleX="3.327336232012502" />
<Platform type="Platform" material="" x="1.5316416185710182" y="-4.43" rotation="0.0" scaleX="3.327336232012502" />
<Platform type="Platform" material="" x="1.5316416185710182" y="-5.05" rotation="0.0" scaleX="3.327336232012502" />
<Platform type="Platform" material="" x="4.4380644002570335" y="-3.438690059913461" rotation="1.6460084333463978" scaleX="3.324895198884099" />
<Platform type="Platform" material="" x="4.4380644002570335" y="-4.058690059913461" rotation="1.6460084333463978" scaleX="3.324895198884099" />
<Platform type="Platform" material="" x="4.429159862543869" y="-3.4682967146042474" rotation="0.0" scaleX="3.324895198884099" />
<Platform type="Platform" material="" x="4.429159862543869" y="-4.0882967146042475" rotation="0.0" scaleX="3.324895198884099" />
<Platform type="Platform" material="" x="4.429159862543869" y="-4.708296714604248" rotation="0.0" scaleX="3.324895198884099" />
</GameObjects>
</Level>
