<?xml version="1.0" encoding="utf-16"?>
<Level width ="2">
<Camera x="0" y="2" minWidth="20" maxWidth="30">
<Score highScore ="65360">
<Birds>
<Bird type="BirdBlue"/>
<Bird type="BirdRed"/>
<Bird type="BirdYellow"/>
<Bird type="BirdWhite"/>
</Birds>
<Slingshot x="-8" y="-2.5">
<GameObjects>
<Block type="RectFat" material="ice" x="-2.3212219074" y="-3.285" rotation="0" />
<Block type="RectFat" material="ice" x="-1.2962219074" y="-3.285" rotation="0" />
<Block type="RectFat" material="ice" x="-0.2712219074" y="-3.285" rotation="0" />
<Block type="RectFat" material="wood" x="-2.3212219074" y="-2.855" rotation="0" />
<Block type="RectFat" material="stone" x="-1.2962219074" y="-2.855" rotation="0" />
<Block type="RectFat" material="ice" x="-0.2712219074" y="-2.855" rotation="0" />
<Block type="SquareSmall" material="wood" x="-2.2162219074" y="-2.425" rotation="0" />
<Block type="SquareSmall" material="wood" x="-1.2962219074" y="-2.425" rotation="0" />
<Block type="SquareSmall" material="ice" x="-0.3762219074" y="-2.425" rotation="0" />
<Block type="RectBig" material="stone" x="-1.2962219074" y="-2.1" rotation="0" />
<Block type="SquareTiny" material="wood" x="-2.2362219074" y="-1.88" rotation="0" />
<Block type="RectTiny" material="ice" x="-1.6062219074" y="-1.88" rotation="0" />
<Block type="RectTiny" material="ice" x="-0.9862219074" y="-1.88" rotation="0" />
<Block type="SquareTiny" material="ice" x="-0.3562219074" y="-1.88" rotation="0" />
<Block type="RectFat" material="ice" x="-1.9212219074" y="-1.555" rotation="0" />
<Block type="RectFat" material="ice" x="-0.6712219074" y="-1.555" rotation="0" />
<Block type="SquareSmall" material="ice" x="-2.1662219074" y="-1.125" rotation="0" />
<Block type="SquareSmall" material="wood" x="-1.6762219074" y="-1.125" rotation="0" />
<Block type="RectTiny" material="ice" x="-0.9162219074" y="-1.125" rotation="90" />
<Block type="SquareSmall" material="ice" x="-0.4262219074" y="-1.125" rotation="0" />
<Block type="SquareHole" material="wood" x="1.3446909831" y="-2.89120809272943" rotation="0" />
<Block type="SquareHole" material="wood" x="2.3046909831" y="-2.89120809272943" rotation="0" />
<Block type="SquareHole" material="wood" x="3.2646909831" y="-2.89120809272943" rotation="0" />
<Block type="SquareHole" material="wood" x="4.2246909831" y="-2.89120809272943" rotation="0" />
<Block type="SquareHole" material="wood" x="5.1846909831" y="-2.89120809272943" rotation="0" />
<Block type="RectSmall" material="ice" x="6.6409128904" y="-2.970048842637406" rotation="0" />
<Block type="RectSmall" material="ice" x="7.5609128904" y="-2.970048842637406" rotation="0" />
<Block type="RectSmall" material="ice" x="8.4809128904" y="-2.970048842637406" rotation="0" />
<Block type="RectBig" material="ice" x="7.5609128904" y="-2.7500488426374057" rotation="0" />
<Block type="RectMedium" material="ice" x="7.560912890444765" y="-2.530048842637406" rotation="0" />
<Block type="RectTiny" material="ice" x="5.8766191016" y="1.9194504594" rotation="0" />
<Block type="RectTiny" material="ice" x="6.7966191016" y="1.9194504594" rotation="0" />
<Block type="RectTiny" material="ice" x="7.7166191016" y="1.9194504594" rotation="0" />
<Block type="RectBig" material="stone" x="6.7966191016" y="2.1394504594" rotation="0" />
<Block type="RectTiny" material="ice" x="6.1016191016" y="2.3594504594" rotation="0" />
<Block type="RectTiny" material="ice" x="6.7966191016" y="2.3594504594" rotation="0" />
<Block type="RectTiny" material="ice" x="7.4916191016" y="2.3594504594" rotation="0" />
<Block type="RectFat" material="ice" x="6.3141191016" y="2.6844504594" rotation="0" />
<Block type="RectFat" material="ice" x="7.2791191016" y="2.6844504594" rotation="0" />
<Block type="RectFat" material="stone" x="6.3141191016" y="3.1144504594" rotation="0" />
<Block type="RectFat" material="stone" x="7.2791191016" y="3.1144504594" rotation="0" />
<Block type="RectSmall" material="wood" x="6.3141191016" y="3.4394504594" rotation="0" />
<Block type="RectSmall" material="wood" x="7.2791191016" y="3.4394504594" rotation="0" />
<Block type="SquareHole" material="wood" x="6.3141191016" y="3.9694504594" rotation="0" />
<Block type="SquareHole" material="wood" x="7.2791191016" y="3.9694504594" rotation="0" />
<Block type="RectSmall" material="wood" x="6.3141191016" y="4.4994504594" rotation="0" />
<Block type="RectSmall" material="wood" x="7.2791191016" y="4.4994504594" rotation="0" />
<Block type="SquareTiny" material="wood" x="6.4216191016" y="4.7194504594" rotation="0" />
<Block type="RectTiny" material="wood" x="7.1716191016" y="4.7194504594" rotation="0" />
<Block type="CircleSmall" material="ice" x="6.4216191016" y="5.0544504594" rotation="0" />
<Block type="Circle" material="wood" x="7.5609128904" y="-2.0200488426" rotation="0" />
<Block type="CircleSmall" material="ice" x="-1.6762219074" y="-0.685" rotation="0" />
<Block type="Triangle" material="stone" x="5.4646909831" y="-2.0612080927" rotation="0.0" />
<Block type="Triangle" material="stone" x="3.5446909831" y="-2.0612080927" rotation="0.0" />
<Block type="TriangleHole" material="stone" x="2.0246909831" y="-2.0612080927" rotation="0" />
<Block type="Circle" material="stone" x="-0.9162219074" y="-0.51" rotation="0" />
<Pig type="BasicSmall" material="" x="4.2246909831" y="-2.24620809272943" rotation="0" />
<Pig type="BasicSmall" material="" x="7.1716191016" y="5.0544504594" rotation="0" />
<Pig type="BasicSmall" material="" x="-2.1662219074" y="-0.685" rotation="0" />
<Pig type="BasicSmall" material="" x="8.2475795571" y="-2.195048842637406" rotation="0" />
<Pig type="BasicSmall" material="" x="1.0646909831" y="-2.24620809272943" rotation="0" />
<TNT type="" x="6.8742462238" y="-2.195048842637406" rotation="0" />
<Platform type="Platform" material="" x="4.936619101559765" y="1.4994504593913467" />
<Platform type="Platform" material="" x="5.556619101559765" y="1.4994504593913467" />
<Platform type="Platform" material="" x="6.176619101559765" y="1.4994504593913467" />
<Platform type="Platform" material="" x="6.796619101559765" y="1.4994504593913467" />
<Platform type="Platform" material="" x="7.416619101559765" y="1.4994504593913467" />
<Platform type="Platform" material="" x="8.036619101559765" y="1.4994504593913467" />
<Platform type="Platform" material="" x="8.656619101559764" y="1.4994504593913467" />
<Platform type="Platform" material="" x="-1.296221907350175" y="-3.81" />
<Platform type="Platform" material="" x="-1.296221907350175" y="-4.43" />
<Platform type="Platform" material="" x="-1.296221907350175" y="-5.05" />
<Platform type="Platform" material="" x="-0.6762219073501751" y="-3.81" />
<Platform type="Platform" material="" x="-1.9162219073501752" y="-3.81" />
<Platform type="Platform" material="" x="-0.6762219073501751" y="-4.43" />
<Platform type="Platform" material="" x="-1.9162219073501752" y="-4.43" />
<Platform type="Platform" material="" x="-0.6762219073501751" y="-5.05" />
<Platform type="Platform" material="" x="-1.9162219073501752" y="-5.05" />
<Platform type="Platform" material="" x="-0.15622190735017505" y="-3.81" />
<Platform type="Platform" material="" x="-2.436221907350175" y="-3.81" />
<Platform type="Platform" material="" x="-0.15622190735017505" y="-4.43" />
<Platform type="Platform" material="" x="-2.436221907350175" y="-4.43" />
<Platform type="Platform" material="" x="-0.15622190735017505" y="-5.05" />
<Platform type="Platform" material="" x="-2.436221907350175" y="-5.05" />
<Platform type="Platform" material="" x="3.26469098309459" y="-3.62120809272943" />
<Platform type="Platform" material="" x="3.26469098309459" y="-4.24120809272943" />
<Platform type="Platform" material="" x="3.26469098309459" y="-4.861208092729431" />
<Platform type="Platform" material="" x="3.88469098309459" y="-3.62120809272943" />
<Platform type="Platform" material="" x="2.64469098309459" y="-3.62120809272943" />
<Platform type="Platform" material="" x="3.88469098309459" y="-4.24120809272943" />
<Platform type="Platform" material="" x="2.64469098309459" y="-4.24120809272943" />
<Platform type="Platform" material="" x="3.88469098309459" y="-4.861208092729431" />
<Platform type="Platform" material="" x="2.64469098309459" y="-4.861208092729431" />
<Platform type="Platform" material="" x="4.50469098309459" y="-3.62120809272943" />
<Platform type="Platform" material="" x="2.02469098309459" y="-3.62120809272943" />
<Platform type="Platform" material="" x="4.50469098309459" y="-4.24120809272943" />
<Platform type="Platform" material="" x="2.02469098309459" y="-4.24120809272943" />
<Platform type="Platform" material="" x="4.50469098309459" y="-4.861208092729431" />
<Platform type="Platform" material="" x="2.02469098309459" y="-4.861208092729431" />
<Platform type="Platform" material="" x="5.12469098309459" y="-3.62120809272943" />
<Platform type="Platform" material="" x="1.4046909830945897" y="-3.62120809272943" />
<Platform type="Platform" material="" x="5.12469098309459" y="-4.24120809272943" />
<Platform type="Platform" material="" x="1.4046909830945897" y="-4.24120809272943" />
<Platform type="Platform" material="" x="5.12469098309459" y="-4.861208092729431" />
<Platform type="Platform" material="" x="1.4046909830945897" y="-4.861208092729431" />
<Platform type="Platform" material="" x="5.294690983094591" y="-3.62120809272943" />
<Platform type="Platform" material="" x="1.234690983094589" y="-3.62120809272943" />
<Platform type="Platform" material="" x="5.294690983094591" y="-4.24120809272943" />
<Platform type="Platform" material="" x="1.234690983094589" y="-4.24120809272943" />
<Platform type="Platform" material="" x="5.294690983094591" y="-4.861208092729431" />
<Platform type="Platform" material="" x="1.234690983094589" y="-4.861208092729431" />
<Platform type="Platform" material="" x="7.560912890444765" y="-3.390048842637406" />
<Platform type="Platform" material="" x="7.560912890444765" y="-4.0100488426374055" />
<Platform type="Platform" material="" x="7.560912890444765" y="-4.630048842637406" />
<Platform type="Platform" material="" x="8.180912890444764" y="-3.390048842637406" />
<Platform type="Platform" material="" x="6.940912890444765" y="-3.390048842637406" />
<Platform type="Platform" material="" x="8.180912890444764" y="-4.0100488426374055" />
<Platform type="Platform" material="" x="6.940912890444765" y="-4.0100488426374055" />
<Platform type="Platform" material="" x="8.180912890444764" y="-4.630048842637406" />
<Platform type="Platform" material="" x="6.940912890444765" y="-4.630048842637406" />
<Platform type="Platform" material="" x="8.595912890444765" y="-3.390048842637406" />
<Platform type="Platform" material="" x="6.525912890444764" y="-3.390048842637406" />
<Platform type="Platform" material="" x="8.595912890444765" y="-4.0100488426374055" />
<Platform type="Platform" material="" x="6.525912890444764" y="-4.0100488426374055" />
<Platform type="Platform" material="" x="8.595912890444765" y="-4.630048842637406" />
<Platform type="Platform" material="" x="6.525912890444764" y="-4.630048842637406" />
<Platform type="Platform" material="" x="0.6129727067380746" y="-3.715604046364715" rotation="13.760568709762525" scaleX="1.280150498542953" />
<Platform type="Platform" material="" x="0.6129727067380746" y="-4.335604046364715" rotation="13.760568709762525" scaleX="1.280150498542953" />
<Platform type="Platform" material="" x="0.539234537872207" y="-3.81" rotation="0.0" scaleX="1.280150498542953" />
<Platform type="Platform" material="" x="0.539234537872207" y="-4.43" rotation="0.0" scaleX="1.280150498542953" />
<Platform type="Platform" material="" x="0.539234537872207" y="-5.05" rotation="0.0" scaleX="1.280150498542953" />
<Platform type="Platform" material="" x="6.019961218041058" y="-3.505628467683418" rotation="20.71621818023096" scaleX="1.0539885334464294" />
<Platform type="Platform" material="" x="6.019961218041058" y="-4.125628467683418" rotation="20.71621818023096" scaleX="1.0539885334464294" />
<Platform type="Platform" material="" x="5.910301936769677" y="-3.62120809272943" rotation="0.0" scaleX="1.0539885334464294" />
<Platform type="Platform" material="" x="5.910301936769677" y="-4.24120809272943" rotation="0.0" scaleX="1.0539885334464294" />
<Platform type="Platform" material="" x="5.910301936769677" y="-4.86120809272943" rotation="0.0" scaleX="1.0539885334464294" />
</GameObjects>
</Level>
