<?xml version="1.0" encoding="utf-16"?>
<Level width ="2">
<Camera x="0" y="2" minWidth="20" maxWidth="30">
<Score highScore ="38610">
<Birds>
<Bird type="BirdYellow"/>
<Bird type="BirdBlack"/>
<Bird type="BirdBlue"/>
</Birds>
<Slingshot x="-8" y="-2.5">
<GameObjects>
<Block type="RectBig" material="wood" x="-1.7224796073" y="-3.39" rotation="0" />
<Block type="RectTiny" material="wood" x="-2.3174796073" y="-3.17" rotation="0" />
<Block type="RectTiny" material="wood" x="-1.7224796073" y="-3.17" rotation="0" />
<Block type="RectTiny" material="wood" x="-1.1274796073" y="-3.17" rotation="0" />
<Block type="RectTiny" material="wood" x="-2.2624796073" y="-2.845" rotation="90" />
<Block type="RectTiny" material="wood" x="-1.7224796073" y="-2.845" rotation="90" />
<Block type="RectTiny" material="wood" x="-1.1824796073" y="-2.845" rotation="90" />
<Block type="RectSmall" material="ice" x="0.0786269547" y="-3.1901752832397112" rotation="0" />
<Block type="RectSmall" material="ice" x="1.6686269547" y="-3.1901752832397112" rotation="0" />
<Block type="SquareTiny" material="wood" x="2.981106562" y="-3.39" rotation="0" />
<Block type="SquareTiny" material="wood" x="3.291106562" y="-3.39" rotation="0" />
<Block type="SquareTiny" material="wood" x="3.711106562" y="-3.39" rotation="0" />
<Block type="SquareTiny" material="wood" x="4.131106562" y="-3.39" rotation="0" />
<Block type="SquareTiny" material="ice" x="4.441106562" y="-3.39" rotation="0" />
<Block type="SquareTiny" material="wood" x="4.866106562" y="-3.39" rotation="0" />
<Block type="SquareTiny" material="wood" x="5.176106562" y="-3.39" rotation="0" />
<Block type="SquareTiny" material="wood" x="5.596106562" y="-3.39" rotation="0" />
<Block type="SquareTiny" material="wood" x="6.016106562" y="-3.39" rotation="0" />
<Block type="SquareTiny" material="stone" x="6.326106562" y="-3.39" rotation="0" />
<Block type="SquareTiny" material="stone" x="6.751106562" y="-3.39" rotation="0" />
<Block type="SquareTiny" material="wood" x="7.061106562" y="-3.39" rotation="0" />
<Block type="SquareTiny" material="stone" x="7.481106562" y="-3.39" rotation="0" />
<Block type="SquareTiny" material="wood" x="7.901106562" y="-3.39" rotation="0" />
<Block type="SquareTiny" material="wood" x="8.211106562" y="-3.39" rotation="0" />
<Block type="RectSmall" material="wood" x="2.981106562" y="-2.855" rotation="90" />
<Block type="RectSmall" material="wood" x="3.291106562" y="-2.855" rotation="90" />
<Block type="RectSmall" material="wood" x="3.711106562" y="-2.855" rotation="90" />
<Block type="RectSmall" material="wood" x="4.131106562" y="-2.855" rotation="90" />
<Block type="RectSmall" material="ice" x="4.441106562" y="-2.855" rotation="90" />
<Block type="RectSmall" material="ice" x="4.866106562" y="-2.855" rotation="90" />
<Block type="RectSmall" material="wood" x="5.176106562" y="-2.855" rotation="90" />
<Block type="RectSmall" material="wood" x="5.596106562" y="-2.855" rotation="90" />
<Block type="RectSmall" material="wood" x="6.016106562" y="-2.855" rotation="90" />
<Block type="RectSmall" material="stone" x="6.326106562" y="-2.855" rotation="90" />
<Block type="RectSmall" material="stone" x="6.751106562" y="-2.855" rotation="90" />
<Block type="RectSmall" material="stone" x="7.061106562" y="-2.855" rotation="90" />
<Block type="RectSmall" material="stone" x="7.481106562" y="-2.855" rotation="90" />
<Block type="RectSmall" material="wood" x="7.901106562" y="-2.855" rotation="90" />
<Block type="RectSmall" material="stone" x="8.211106562" y="-2.855" rotation="90" />
<Block type="RectMedium" material="wood" x="3.711106562" y="-2.32" rotation="0" />
<Block type="RectMedium" material="wood" x="5.596106562" y="-2.32" rotation="0" />
<Block type="RectMedium" material="stone" x="7.481106562" y="-2.32" rotation="0" />
<Block type="RectMedium" material="wood" x="3.711106562" y="-2.1" rotation="0" />
<Block type="RectMedium" material="wood" x="5.596106562" y="-2.1" rotation="0" />
<Block type="RectMedium" material="wood" x="7.481106562" y="-2.1" rotation="0" />
<Block type="RectSmall" material="ice" x="2.981106562" y="-1.565" rotation="90" />
<Block type="RectSmall" material="stone" x="3.291106562" y="-1.565" rotation="90" />
<Block type="RectSmall" material="ice" x="3.601106562" y="-1.565" rotation="90" />
<Block type="RectSmall" material="ice" x="3.821106562" y="-1.565" rotation="90" />
<Block type="RectSmall" material="ice" x="4.131106562" y="-1.565" rotation="90" />
<Block type="RectSmall" material="stone" x="4.441106562" y="-1.565" rotation="90" />
<Block type="RectSmall" material="ice" x="4.866106562" y="-1.565" rotation="90" />
<Block type="RectSmall" material="stone" x="5.176106562" y="-1.565" rotation="90" />
<Block type="RectSmall" material="wood" x="5.486106562" y="-1.565" rotation="90" />
<Block type="RectSmall" material="wood" x="5.706106562" y="-1.565" rotation="90" />
<Block type="RectSmall" material="wood" x="6.016106562" y="-1.565" rotation="90" />
<Block type="RectSmall" material="wood" x="6.326106562" y="-1.565" rotation="90" />
<Block type="RectSmall" material="wood" x="6.751106562" y="-1.565" rotation="90" />
<Block type="RectSmall" material="stone" x="7.061106562" y="-1.565" rotation="90" />
<Block type="RectSmall" material="stone" x="7.371106562" y="-1.565" rotation="90" />
<Block type="RectSmall" material="stone" x="7.591106562" y="-1.565" rotation="90" />
<Block type="RectSmall" material="stone" x="7.901106562" y="-1.565" rotation="90" />
<Block type="RectSmall" material="stone" x="8.211106562" y="-1.565" rotation="90" />
<Block type="SquareHole" material="ice" x="3.291106562" y="-0.72" rotation="0" />
<Block type="SquareHole" material="ice" x="4.131106562" y="-0.72" rotation="0" />
<Block type="SquareHole" material="wood" x="5.176106562" y="-0.72" rotation="0" />
<Block type="SquareHole" material="wood" x="6.016106562" y="-0.72" rotation="0" />
<Block type="SquareHole" material="stone" x="7.061106562" y="-0.72" rotation="0" />
<Block type="SquareHole" material="stone" x="7.901106562" y="-0.72" rotation="0" />
<Block type="RectMedium" material="ice" x="3.711106562" y="-0.19" rotation="0" />
<Block type="RectMedium" material="wood" x="5.596106562" y="-0.19" rotation="0" />
<Block type="RectMedium" material="ice" x="7.481106562" y="-0.19" rotation="0" />
<Block type="SquareSmall" material="ice" x="3.816106562" y="0.135" rotation="0" />
<Block type="SquareSmall" material="ice" x="4.706106562" y="0.135" rotation="0" />
<Block type="SquareSmall" material="stone" x="5.596106562" y="0.135" rotation="0" />
<Block type="SquareSmall" material="wood" x="6.486106562" y="0.135" rotation="0" />
<Block type="SquareSmall" material="stone" x="7.376106562" y="0.135" rotation="0" />
<Block type="RectSmall" material="wood" x="-1.3742791596" y="-0.3997640982" rotation="0" />
<Block type="RectSmall" material="wood" x="-0.0342791596" y="-0.3997640982" rotation="0" />
<Block type="RectSmall" material="wood" x="1.3057208404" y="-0.3997640982" rotation="0" />
<Block type="RectBig" material="wood" x="-1.6892791596" y="0.7402359018" rotation="90" />
<Block type="RectBig" material="wood" x="-1.3742791596" y="0.7402359018" rotation="90" />
<Block type="RectBig" material="wood" x="-1.0592791596" y="0.7402359018" rotation="90" />
<Block type="RectBig" material="wood" x="-0.3492791596" y="0.7402359018" rotation="90" />
<Block type="RectBig" material="wood" x="-0.0342791596" y="0.7402359018" rotation="90" />
<Block type="RectBig" material="wood" x="0.2807208404" y="0.7402359018" rotation="90" />
<Block type="RectBig" material="wood" x="0.9907208404" y="0.7402359018" rotation="90" />
<Block type="RectBig" material="wood" x="1.3057208404" y="0.7402359018" rotation="90" />
<Block type="RectBig" material="wood" x="1.6207208404" y="0.7402359018" rotation="90" />
<Block type="RectFat" material="wood" x="-1.3742791596" y="1.9852359018" rotation="0" />
<Block type="RectFat" material="stone" x="-0.0342791596" y="1.9852359018" rotation="0" />
<Block type="RectFat" material="stone" x="1.3057208404" y="1.9852359018" rotation="0" />
<Block type="RectMedium" material="wood" x="-0.9542791596" y="2.3102359018" rotation="0" />
<Block type="RectMedium" material="wood" x="0.8857208404" y="2.3102359018" rotation="0" />
<Block type="RectMedium" material="wood" x="-0.9542791596" y="2.5302359018" rotation="0" />
<Block type="RectMedium" material="stone" x="0.8857208404" y="2.5302359018" rotation="0" />
<Block type="RectBig" material="wood" x="-0.03427915961297279" y="2.7502359018" rotation="0" />
<Block type="RectSmall" material="ice" x="4.7445633191" y="2.6758797667" rotation="0" />
<Block type="RectSmall" material="ice" x="6.4545633191" y="2.6758797667" rotation="0" />
<Block type="RectSmall" material="ice" x="8.1645633191" y="2.6758797667" rotation="0" />
<Block type="RectTiny" material="wood" x="4.7445633191" y="3.0008797667" rotation="90" />
<Block type="RectTiny" material="stone" x="6.2045633191" y="3.0008797667" rotation="90" />
<Block type="RectTiny" material="stone" x="6.7045633191" y="3.0008797667" rotation="90" />
<Block type="RectTiny" material="ice" x="8.1645633191" y="3.0008797667" rotation="90" />
<Block type="SquareTiny" material="ice" x="4.7445633191" y="3.3258797667" rotation="0" />
<Block type="SquareTiny" material="stone" x="6.2045633191" y="3.3258797667" rotation="0" />
<Block type="SquareTiny" material="wood" x="6.7045633191" y="3.3258797667" rotation="0" />
<Block type="SquareTiny" material="ice" x="8.1645633191" y="3.3258797667" rotation="0" />
<Block type="RectSmall" material="ice" x="4.7445633191" y="3.8608797667" rotation="90" />
<Block type="RectSmall" material="wood" x="6.2045633191" y="3.8608797667" rotation="90" />
<Block type="RectSmall" material="wood" x="6.7045633191" y="3.8608797667" rotation="90" />
<Block type="RectSmall" material="wood" x="8.1645633191" y="3.8608797667" rotation="90" />
<Block type="RectMedium" material="ice" x="5.4745633191" y="4.3958797667" rotation="0" />
<Block type="RectMedium" material="ice" x="7.4345633191" y="4.3958797667" rotation="0" />
<Block type="Triangle" material="wood" x="6.0345633191" y="4.9158797667" rotation="90.0" />
<Block type="Circle" material="stone" x="7.376106562" y="0.75" rotation="0" />
<Block type="Circle" material="stone" x="-2.2624796073" y="-2.23" rotation="0" />
<Block type="CircleSmall" material="stone" x="3.816106562" y="0.575" rotation="0" />
<Block type="Triangle" material="wood" x="-0.7209458263" y="3.2702359018" rotation="0.0" />
<Block type="TriangleHole" material="wood" x="1.4457208404" y="3.0502359018" rotation="0" />
<Block type="CircleSmall" material="wood" x="5.596106562" y="0.575" rotation="0" />
<Block type="TriangleHole" material="ice" x="7.9945633191" y="4.9158797667" rotation="0" />
<Block type="CircleSmall" material="wood" x="-1.1824796073" y="-2.405" rotation="0" />
<Block type="CircleSmall" material="stone" x="6.486106562" y="0.575" rotation="0" />
<Block type="Triangle" material="stone" x="6.8745633191" y="4.9158797667" rotation="90.0" />
<Block type="TriangleHole" material="ice" x="4.9145633191" y="4.9158797667" rotation="0" />
<Block type="CircleSmall" material="ice" x="8.041106562" y="0.145" rotation="0" />
<Block type="Triangle" material="ice" x="3.151106562" y="0.33" rotation="90.0" />
<Block type="CircleSmall" material="ice" x="-1.5142791596" y="2.8652359018" rotation="0" />
<Block type="CircleSmall" material="stone" x="-0.0342791596" y="3.0852359018" rotation="0" />
<Block type="TriangleHole" material="ice" x="4.706106562" y="0.76" rotation="0" />
<Block type="CircleSmall" material="ice" x="0.6523875071" y="3.0852359018" rotation="0" />
<Pig type="BasicSmall" material="" x="5.4245633191" y="2.7908797667" rotation="0" />
<TNT type="" x="1.951960288" y="-2.8551752832397113" rotation="0" />
<TNT type="" x="7.4845633191" y="2.7908797667" rotation="0" />
<TNT type="" x="-0.2047063786" y="-2.8551752832397113" rotation="0" />
<Platform type="Platform" material="" x="-1.5842791596129728" y="-0.8197640982066794" />
<Platform type="Platform" material="" x="-0.9642791596129727" y="-0.8197640982066794" />
<Platform type="Platform" material="" x="-0.3442791596129728" y="-0.8197640982066794" />
<Platform type="Platform" material="" x="0.2757208403870272" y="-0.8197640982066794" />
<Platform type="Platform" material="" x="0.8957208403870272" y="-0.8197640982066794" />
<Platform type="Platform" material="" x="1.5157208403870273" y="-0.8197640982066794" />
<Platform type="Platform" material="" x="4.594563319123816" y="2.2558797667449424" />
<Platform type="Platform" material="" x="5.214563319123816" y="2.2558797667449424" />
<Platform type="Platform" material="" x="5.834563319123816" y="2.2558797667449424" />
<Platform type="Platform" material="" x="6.4545633191238165" y="2.2558797667449424" />
<Platform type="Platform" material="" x="7.074563319123817" y="2.2558797667449424" />
<Platform type="Platform" material="" x="7.694563319123817" y="2.2558797667449424" />
<Platform type="Platform" material="" x="8.314563319123817" y="2.2558797667449424" />
<Platform type="Platform" material="" x="-1.7224796073171444" y="-3.81" />
<Platform type="Platform" material="" x="-1.7224796073171444" y="-4.43" />
<Platform type="Platform" material="" x="-1.7224796073171444" y="-5.05" />
<Platform type="Platform" material="" x="-1.1024796073171443" y="-3.81" />
<Platform type="Platform" material="" x="-2.3424796073171446" y="-3.81" />
<Platform type="Platform" material="" x="-1.1024796073171443" y="-4.43" />
<Platform type="Platform" material="" x="-2.3424796073171446" y="-4.43" />
<Platform type="Platform" material="" x="-1.1024796073171443" y="-5.05" />
<Platform type="Platform" material="" x="-2.3424796073171446" y="-5.05" />
<Platform type="Platform" material="" x="-1.0024796073171445" y="-3.81" />
<Platform type="Platform" material="" x="-2.4424796073171446" y="-3.81" />
<Platform type="Platform" material="" x="-1.0024796073171445" y="-4.43" />
<Platform type="Platform" material="" x="-2.4424796073171446" y="-4.43" />
<Platform type="Platform" material="" x="-1.0024796073171445" y="-5.05" />
<Platform type="Platform" material="" x="-2.4424796073171446" y="-5.05" />
<Platform type="Platform" material="" x="0.873626954719736" y="-3.610175283239711" />
<Platform type="Platform" material="" x="0.873626954719736" y="-4.230175283239711" />
<Platform type="Platform" material="" x="0.873626954719736" y="-4.850175283239711" />
<Platform type="Platform" material="" x="1.493626954719736" y="-3.610175283239711" />
<Platform type="Platform" material="" x="0.25362695471973595" y="-3.610175283239711" />
<Platform type="Platform" material="" x="1.493626954719736" y="-4.230175283239711" />
<Platform type="Platform" material="" x="0.25362695471973595" y="-4.230175283239711" />
<Platform type="Platform" material="" x="1.493626954719736" y="-4.850175283239711" />
<Platform type="Platform" material="" x="0.25362695471973595" y="-4.850175283239711" />
<Platform type="Platform" material="" x="1.7836269547197356" y="-3.610175283239711" />
<Platform type="Platform" material="" x="-0.03637304528026364" y="-3.610175283239711" />
<Platform type="Platform" material="" x="1.7836269547197356" y="-4.230175283239711" />
<Platform type="Platform" material="" x="-0.03637304528026364" y="-4.230175283239711" />
<Platform type="Platform" material="" x="1.7836269547197356" y="-4.850175283239711" />
<Platform type="Platform" material="" x="-0.03637304528026364" y="-4.850175283239711" />
<Platform type="Platform" material="" x="5.59610656203688" y="-3.81" />
<Platform type="Platform" material="" x="5.59610656203688" y="-4.43" />
<Platform type="Platform" material="" x="5.59610656203688" y="-5.05" />
<Platform type="Platform" material="" x="6.21610656203688" y="-3.81" />
<Platform type="Platform" material="" x="4.97610656203688" y="-3.81" />
<Platform type="Platform" material="" x="6.21610656203688" y="-4.43" />
<Platform type="Platform" material="" x="4.97610656203688" y="-4.43" />
<Platform type="Platform" material="" x="6.21610656203688" y="-5.05" />
<Platform type="Platform" material="" x="4.97610656203688" y="-5.05" />
<Platform type="Platform" material="" x="6.83610656203688" y="-3.81" />
<Platform type="Platform" material="" x="4.35610656203688" y="-3.81" />
<Platform type="Platform" material="" x="6.83610656203688" y="-4.43" />
<Platform type="Platform" material="" x="4.35610656203688" y="-4.43" />
<Platform type="Platform" material="" x="6.83610656203688" y="-5.05" />
<Platform type="Platform" material="" x="4.35610656203688" y="-5.05" />
<Platform type="Platform" material="" x="7.45610656203688" y="-3.81" />
<Platform type="Platform" material="" x="3.7361065620368796" y="-3.81" />
<Platform type="Platform" material="" x="7.45610656203688" y="-4.43" />
<Platform type="Platform" material="" x="3.7361065620368796" y="-4.43" />
<Platform type="Platform" material="" x="7.45610656203688" y="-5.05" />
<Platform type="Platform" material="" x="3.7361065620368796" y="-5.05" />
<Platform type="Platform" material="" x="8.011106562036879" y="-3.81" />
<Platform type="Platform" material="" x="3.181106562036881" y="-3.81" />
<Platform type="Platform" material="" x="8.011106562036879" y="-4.43" />
<Platform type="Platform" material="" x="3.181106562036881" y="-4.43" />
<Platform type="Platform" material="" x="8.011106562036879" y="-5.05" />
<Platform type="Platform" material="" x="3.181106562036881" y="-5.05" />
<Platform type="Platform" material="" x="-0.364426326298704" y="-3.7100876416198556" rotation="29.999999999999986" scaleX="0.6445958605170613" />
<Platform type="Platform" material="" x="-0.364426326298704" y="-4.330087641619856" rotation="29.999999999999986" scaleX="0.6445958605170613" />
<Platform type="Platform" material="" x="-0.519426326298704" y="-3.81" rotation="0.0" scaleX="0.6445958605170613" />
<Platform type="Platform" material="" x="-0.519426326298704" y="-4.43" rotation="0.0" scaleX="0.6445958605170613" />
<Platform type="Platform" material="" x="-0.519426326298704" y="-5.05" rotation="0.0" scaleX="0.6445958605170613" />
<Platform type="Platform" material="" x="2.405199755639698" y="-3.7100876416198556" rotation="-14.413956580092938" scaleX="1.2947549449157743" />
<Platform type="Platform" material="" x="2.405199755639698" y="-4.330087641619856" rotation="-14.413956580092938" scaleX="1.2947549449157743" />
<Platform type="Platform" material="" x="2.4823667583783084" y="-3.81" rotation="0.0" scaleX="1.2947549449157743" />
<Platform type="Platform" material="" x="2.4823667583783084" y="-4.43" rotation="0.0" scaleX="1.2947549449157743" />
<Platform type="Platform" material="" x="2.4823667583783084" y="-5.05" rotation="0.0" scaleX="1.2947549449157743" />
</GameObjects>
</Level>
