<?xml version="1.0" encoding="utf-16"?>
<Level width ="2">
<Camera x="0" y="2" minWidth="20" maxWidth="30">
<Score highScore ="62240">
<Birds>
<Bird type="BirdYellow"/>
<Bird type="BirdBlack"/>
<Bird type="BirdBlue"/>
<Bird type="BirdYellow"/>
</Birds>
<Slingshot x="-8" y="-2.5">
<GameObjects>
<Block type="RectTiny" material="wood" x="-2.8198038009" y="-2.9921279385512785" rotation="90" />
<Block type="RectTiny" material="wood" x="-2.5098038009" y="-2.9921279385512785" rotation="90" />
<Block type="RectTiny" material="wood" x="-1.6698038009" y="-2.9921279385512785" rotation="90" />
<Block type="RectTiny" material="wood" x="-1.3598038009" y="-2.9921279385512785" rotation="90" />
<Block type="RectTiny" material="wood" x="-1.0998038009" y="-2.9921279385512785" rotation="90" />
<Block type="RectTiny" material="wood" x="-0.7898038009" y="-2.9921279385512785" rotation="90" />
<Block type="RectTiny" material="stone" x="0.0501961991" y="-2.9921279385512785" rotation="90" />
<Block type="RectTiny" material="stone" x="0.3601961991" y="-2.9921279385512785" rotation="90" />
<Block type="RectTiny" material="wood" x="0.6201961991" y="-2.9921279385512785" rotation="90" />
<Block type="RectTiny" material="wood" x="0.9301961991" y="-2.9921279385512785" rotation="90" />
<Block type="RectTiny" material="stone" x="1.7701961991" y="-2.9921279385512785" rotation="90" />
<Block type="RectTiny" material="stone" x="2.0801961991" y="-2.9921279385512785" rotation="90" />
<Block type="RectSmall" material="wood" x="-2.8198038009" y="-2.3521279385512783" rotation="90" />
<Block type="RectSmall" material="wood" x="-2.5098038009" y="-2.3521279385512783" rotation="90" />
<Block type="RectSmall" material="wood" x="-1.6698038009" y="-2.3521279385512783" rotation="90" />
<Block type="RectSmall" material="wood" x="-1.3598038009" y="-2.3521279385512783" rotation="90" />
<Block type="RectSmall" material="wood" x="-1.0998038009" y="-2.3521279385512783" rotation="90" />
<Block type="RectSmall" material="wood" x="-0.7898038009" y="-2.3521279385512783" rotation="90" />
<Block type="RectSmall" material="wood" x="0.0501961991" y="-2.3521279385512783" rotation="90" />
<Block type="RectSmall" material="wood" x="0.3601961991" y="-2.3521279385512783" rotation="90" />
<Block type="RectSmall" material="wood" x="0.6201961991" y="-2.3521279385512783" rotation="90" />
<Block type="RectSmall" material="stone" x="0.9301961991" y="-2.3521279385512783" rotation="90" />
<Block type="RectSmall" material="stone" x="1.7701961991" y="-2.3521279385512783" rotation="90" />
<Block type="RectSmall" material="wood" x="2.0801961991" y="-2.3521279385512783" rotation="90" />
<Block type="SquareTiny" material="wood" x="-2.8198038009" y="-1.8171279385512782" rotation="0" />
<Block type="SquareTiny" material="wood" x="-2.5098038009" y="-1.8171279385512782" rotation="0" />
<Block type="SquareTiny" material="wood" x="-1.6698038009" y="-1.8171279385512782" rotation="0" />
<Block type="SquareTiny" material="stone" x="-1.3598038009" y="-1.8171279385512782" rotation="0" />
<Block type="SquareTiny" material="stone" x="-1.0998038009" y="-1.8171279385512782" rotation="0" />
<Block type="SquareTiny" material="stone" x="-0.7898038009" y="-1.8171279385512782" rotation="0" />
<Block type="SquareTiny" material="ice" x="0.0501961991" y="-1.8171279385512782" rotation="0" />
<Block type="SquareTiny" material="wood" x="0.3601961991" y="-1.8171279385512782" rotation="0" />
<Block type="SquareTiny" material="wood" x="0.6201961991" y="-1.8171279385512782" rotation="0" />
<Block type="SquareTiny" material="ice" x="0.9301961991" y="-1.8171279385512782" rotation="0" />
<Block type="SquareTiny" material="wood" x="1.7701961991" y="-1.8171279385512782" rotation="0" />
<Block type="SquareTiny" material="stone" x="2.0801961991" y="-1.8171279385512782" rotation="0" />
<Block type="RectMedium" material="wood" x="-2.0898038009" y="-1.597127938551278" rotation="0" />
<Block type="RectMedium" material="stone" x="-0.3698038009" y="-1.597127938551278" rotation="0" />
<Block type="RectMedium" material="stone" x="1.3501961991" y="-1.597127938551278" rotation="0" />
<Block type="RectMedium" material="wood" x="-2.0898038009" y="-1.3771279385512782" rotation="0" />
<Block type="RectMedium" material="stone" x="-0.3698038009" y="-1.3771279385512782" rotation="0" />
<Block type="RectMedium" material="ice" x="1.3501961991" y="-1.3771279385512782" rotation="0" />
<Block type="RectMedium" material="wood" x="-2.0898038009" y="-1.157127938551278" rotation="0" />
<Block type="RectMedium" material="stone" x="-0.3698038009" y="-1.157127938551278" rotation="0" />
<Block type="RectMedium" material="ice" x="1.3501961991" y="-1.157127938551278" rotation="0" />
<Block type="RectFat" material="wood" x="-1.9848038009" y="-0.6221279385512782" rotation="90" />
<Block type="RectFat" material="wood" x="-1.3548038009" y="-0.6221279385512782" rotation="90" />
<Block type="RectFat" material="stone" x="-0.6848038009" y="-0.6221279385512782" rotation="90" />
<Block type="RectFat" material="stone" x="-0.0548038009" y="-0.6221279385512782" rotation="90" />
<Block type="RectFat" material="stone" x="0.6151961991" y="-0.6221279385512782" rotation="90" />
<Block type="RectFat" material="ice" x="1.2451961991" y="-0.6221279385512782" rotation="90" />
<Block type="RectSmall" material="wood" x="-1.6698038009" y="-0.0871279385512782" rotation="0" />
<Block type="RectSmall" material="ice" x="-0.3698038009" y="-0.0871279385512782" rotation="0" />
<Block type="RectSmall" material="stone" x="0.9301961991" y="-0.0871279385512782" rotation="0" />
<Block type="RectTiny" material="ice" x="2.5018474347" y="-3.0413263216245032" rotation="0" />
<Block type="RectTiny" material="ice" x="4.1518474347" y="-3.0413263216245032" rotation="0" />
<Block type="RectTiny" material="ice" x="5.8018474347" y="-3.0413263216245032" rotation="0" />
<Block type="RectMedium" material="wood" x="3.2318474347" y="-2.821326321624503" rotation="0" />
<Block type="RectMedium" material="wood" x="5.0718474347" y="-2.821326321624503" rotation="0" />
<Block type="RectBig" material="wood" x="4.1518474347" y="-2.6013263216245033" rotation="0" />
<Block type="RectSmall" material="wood" x="3.2318474347" y="-2.066326321624503" rotation="90" />
<Block type="RectSmall" material="wood" x="5.0718474347" y="-2.066326321624503" rotation="90" />
<Block type="RectBig" material="ice" x="4.1518474347" y="-1.531326321624503" rotation="0" />
<Block type="RectSmall" material="ice" x="4.1518474347" y="-1.3113263216245032" rotation="0" />
<Block type="RectFat" material="stone" x="4.151847434717387" y="-0.9863263216245032" rotation="0" />
<Block type="RectSmall" material="wood" x="6.6016512357" y="-2.9490635541317958" rotation="0" />
<Block type="RectSmall" material="wood" x="7.5216512357" y="-2.9490635541317958" rotation="0" />
<Block type="RectSmall" material="wood" x="8.4416512357" y="-2.9490635541317958" rotation="0" />
<Block type="RectBig" material="ice" x="7.5216512357" y="-2.7290635541317956" rotation="0" />
<Block type="RectTiny" material="ice" x="7.2066512357" y="-2.404063554131796" rotation="90" />
<Block type="RectTiny" material="ice" x="7.5216512357" y="-2.404063554131796" rotation="90" />
<Block type="RectTiny" material="ice" x="7.8366512357" y="-2.404063554131796" rotation="90" />
<Block type="RectSmall" material="stone" x="7.5216512357" y="-2.0790635541317957" rotation="0" />
<Block type="SquareTiny" material="wood" x="7.2116512357" y="-1.8590635541317955" rotation="0" />
<Block type="SquareTiny" material="wood" x="7.8316512357" y="-1.8590635541317955" rotation="0" />
<Block type="SquareHole" material="stone" x="7.5216512357" y="-1.3290635541317957" rotation="0" />
<Block type="RectSmall" material="wood" x="7.52165123566167" y="-0.7990635541317958" rotation="0" />
<Block type="RectFat" material="stone" x="-1.995658896" y="2.8149486286" rotation="90" />
<Block type="RectFat" material="wood" x="-1.365658896" y="2.8149486286" rotation="90" />
<Block type="RectFat" material="ice" x="0.054341104" y="2.8149486286" rotation="90" />
<Block type="RectFat" material="wood" x="0.684341104" y="2.8149486286" rotation="90" />
<Block type="RectFat" material="stone" x="-1.680658896" y="3.4549486286" rotation="0" />
<Block type="RectFat" material="stone" x="0.369341104" y="3.4549486286" rotation="0" />
<Block type="RectTiny" material="ice" x="-1.575658896" y="3.7799486286" rotation="0" />
<Block type="RectTiny" material="ice" x="0.264341104" y="3.7799486286" rotation="0" />
<Block type="RectBig" material="ice" x="-0.6556588959807246" y="3.9999486286" rotation="0" />
<Block type="CircleSmall" material="ice" x="8.2083179024" y="-2.3940635541" rotation="0" />
<Block type="CircleSmall" material="stone" x="1.9101961991" y="-0.8221279386" rotation="0" />
<Block type="Triangle" material="stone" x="5.6318474347" y="-2.3013263216" rotation="0.0" />
<Block type="Circle" material="stone" x="-1.6698038009" y="0.4228720614" rotation="0" />
<Block type="Triangle" material="wood" x="7.2383179023" y="-0.2790635541" rotation="90.0" />
<Block type="Circle" material="stone" x="0.9301961991" y="0.4228720614" rotation="0" />
<Block type="TriangleHole" material="wood" x="-0.6531371342" y="0.4328720614" rotation="0" />
<Block type="TriangleHole" material="stone" x="-0.655658896" y="4.5199486286" rotation="0" />
<Block type="Circle" material="ice" x="4.1518474347" y="-0.3713263216" rotation="0" />
<Block type="CircleSmall" material="ice" x="4.8385141014" y="-1.1963263216" rotation="0" />
<Block type="TriangleHole" material="wood" x="-2.6498038009" y="-0.6371279386" rotation="0" />
<Block type="CircleSmall" material="ice" x="4.1518474347" y="-2.2663263216" rotation="0" />
<Block type="CircleSmall" material="stone" x="6.834984569" y="-2.3940635541" rotation="0" />
<Block type="CircleSmall" material="wood" x="2.6718474347" y="-2.4863263216" rotation="0" />
<Block type="CircleSmall" material="ice" x="3.465180768" y="-1.1963263216" rotation="0" />
<Block type="CircleSmall" material="ice" x="-1.3423255626" y="4.3349486286" rotation="0" />
<Block type="CircleSmall" material="stone" x="0.0310077707" y="4.3349486286" rotation="0" />
<Pig type="BasicSmall" material="" x="-0.4298038009" y="-2.9821279385512782" rotation="0" />
<Pig type="BasicSmall" material="" x="1.4101961991" y="-2.9821279385512782" rotation="0" />
<Pig type="BasicSmall" material="" x="-2.1498038009" y="-2.9821279385512782" rotation="0" />
<Pig type="BasicSmall" material="" x="-0.895658896" y="2.6149486286" rotation="0" />
<Platform type="Platform" material="" x="-2.205658895980725" y="2.0799486285820743" />
<Platform type="Platform" material="" x="-1.5856588959807245" y="2.0799486285820743" />
<Platform type="Platform" material="" x="-0.9656588959807246" y="2.0799486285820743" />
<Platform type="Platform" material="" x="-0.3456588959807246" y="2.0799486285820743" />
<Platform type="Platform" material="" x="0.27434110401927536" y="2.0799486285820743" />
<Platform type="Platform" material="" x="0.8943411040192755" y="2.0799486285820743" />
<Platform type="Platform" material="" x="-0.36980380094428345" y="-3.5171279385512784" />
<Platform type="Platform" material="" x="-0.36980380094428345" y="-4.137127938551278" />
<Platform type="Platform" material="" x="-0.36980380094428345" y="-4.757127938551278" />
<Platform type="Platform" material="" x="0.25019619905571655" y="-3.5171279385512784" />
<Platform type="Platform" material="" x="-0.9898038009442834" y="-3.5171279385512784" />
<Platform type="Platform" material="" x="0.25019619905571655" y="-4.137127938551278" />
<Platform type="Platform" material="" x="-0.9898038009442834" y="-4.137127938551278" />
<Platform type="Platform" material="" x="0.25019619905571655" y="-4.757127938551278" />
<Platform type="Platform" material="" x="-0.9898038009442834" y="-4.757127938551278" />
<Platform type="Platform" material="" x="0.8701961990557165" y="-3.5171279385512784" />
<Platform type="Platform" material="" x="-1.6098038009442834" y="-3.5171279385512784" />
<Platform type="Platform" material="" x="0.8701961990557165" y="-4.137127938551278" />
<Platform type="Platform" material="" x="-1.6098038009442834" y="-4.137127938551278" />
<Platform type="Platform" material="" x="0.8701961990557165" y="-4.757127938551278" />
<Platform type="Platform" material="" x="-1.6098038009442834" y="-4.757127938551278" />
<Platform type="Platform" material="" x="1.4901961990557164" y="-3.5171279385512784" />
<Platform type="Platform" material="" x="-2.2298038009442833" y="-3.5171279385512784" />
<Platform type="Platform" material="" x="1.4901961990557164" y="-4.137127938551278" />
<Platform type="Platform" material="" x="-2.2298038009442833" y="-4.137127938551278" />
<Platform type="Platform" material="" x="1.4901961990557164" y="-4.757127938551278" />
<Platform type="Platform" material="" x="-2.2298038009442833" y="-4.757127938551278" />
<Platform type="Platform" material="" x="1.8801961990557166" y="-3.5171279385512784" />
<Platform type="Platform" material="" x="-2.6198038009442834" y="-3.5171279385512784" />
<Platform type="Platform" material="" x="1.8801961990557166" y="-4.137127938551278" />
<Platform type="Platform" material="" x="-2.6198038009442834" y="-4.137127938551278" />
<Platform type="Platform" material="" x="1.8801961990557166" y="-4.757127938551278" />
<Platform type="Platform" material="" x="-2.6198038009442834" y="-4.757127938551278" />
<Platform type="Platform" material="" x="4.151847434717387" y="-3.461326321624503" />
<Platform type="Platform" material="" x="4.151847434717387" y="-4.081326321624503" />
<Platform type="Platform" material="" x="4.151847434717387" y="-4.701326321624503" />
<Platform type="Platform" material="" x="4.771847434717387" y="-3.461326321624503" />
<Platform type="Platform" material="" x="3.5318474347173865" y="-3.461326321624503" />
<Platform type="Platform" material="" x="4.771847434717387" y="-4.081326321624503" />
<Platform type="Platform" material="" x="3.5318474347173865" y="-4.081326321624503" />
<Platform type="Platform" material="" x="4.771847434717387" y="-4.701326321624503" />
<Platform type="Platform" material="" x="3.5318474347173865" y="-4.701326321624503" />
<Platform type="Platform" material="" x="5.391847434717387" y="-3.461326321624503" />
<Platform type="Platform" material="" x="2.9118474347173864" y="-3.461326321624503" />
<Platform type="Platform" material="" x="5.391847434717387" y="-4.081326321624503" />
<Platform type="Platform" material="" x="2.9118474347173864" y="-4.081326321624503" />
<Platform type="Platform" material="" x="5.391847434717387" y="-4.701326321624503" />
<Platform type="Platform" material="" x="2.9118474347173864" y="-4.701326321624503" />
<Platform type="Platform" material="" x="5.706847434717387" y="-3.461326321624503" />
<Platform type="Platform" material="" x="2.596847434717386" y="-3.461326321624503" />
<Platform type="Platform" material="" x="5.706847434717387" y="-4.081326321624503" />
<Platform type="Platform" material="" x="2.596847434717386" y="-4.081326321624503" />
<Platform type="Platform" material="" x="5.706847434717387" y="-4.701326321624503" />
<Platform type="Platform" material="" x="2.596847434717386" y="-4.701326321624503" />
<Platform type="Platform" material="" x="7.52165123566167" y="-3.3690635541317957" />
<Platform type="Platform" material="" x="7.52165123566167" y="-3.989063554131796" />
<Platform type="Platform" material="" x="7.52165123566167" y="-4.6090635541317955" />
<Platform type="Platform" material="" x="8.14165123566167" y="-3.3690635541317957" />
<Platform type="Platform" material="" x="6.90165123566167" y="-3.3690635541317957" />
<Platform type="Platform" material="" x="8.14165123566167" y="-3.989063554131796" />
<Platform type="Platform" material="" x="6.90165123566167" y="-3.989063554131796" />
<Platform type="Platform" material="" x="8.14165123566167" y="-4.6090635541317955" />
<Platform type="Platform" material="" x="6.90165123566167" y="-4.6090635541317955" />
<Platform type="Platform" material="" x="8.55665123566167" y="-3.3690635541317957" />
<Platform type="Platform" material="" x="6.486651235661669" y="-3.3690635541317957" />
<Platform type="Platform" material="" x="8.55665123566167" y="-3.989063554131796" />
<Platform type="Platform" material="" x="6.486651235661669" y="-3.989063554131796" />
<Platform type="Platform" material="" x="8.55665123566167" y="-4.6090635541317955" />
<Platform type="Platform" material="" x="6.486651235661669" y="-4.6090635541317955" />
<Platform type="Platform" material="" x="2.3935218168865524" y="-3.4892271300878908" rotation="30.000000000000206" scaleX="0.18000521589282212" />
<Platform type="Platform" material="" x="2.3935218168865524" y="-4.10922713008789" rotation="30.000000000000206" scaleX="0.18000521589282212" />
<Platform type="Platform" material="" x="2.2385218168865513" y="-3.5171279385512784" rotation="0.0" scaleX="0.18000521589282212" />
<Platform type="Platform" material="" x="2.2385218168865513" y="-4.137127938551278" rotation="0.0" scaleX="0.18000521589282212" />
<Platform type="Platform" material="" x="2.2385218168865513" y="-4.757127938551278" rotation="0.0" scaleX="0.18000521589282212" />
<Platform type="Platform" material="" x="6.251749335189528" y="-3.4151949378781494" rotation="30.000000000000146" scaleX="0.2976218306216357" />
<Platform type="Platform" material="" x="6.251749335189528" y="-4.035194937878149" rotation="30.000000000000146" scaleX="0.2976218306216357" />
<Platform type="Platform" material="" x="6.0967493351895286" y="-3.461326321624503" rotation="0.0" scaleX="0.2976218306216357" />
<Platform type="Platform" material="" x="6.0967493351895286" y="-4.081326321624503" rotation="0.0" scaleX="0.2976218306216357" />
<Platform type="Platform" material="" x="6.0967493351895286" y="-4.701326321624503" rotation="0.0" scaleX="0.2976218306216357" />
</GameObjects>
</Level>
