<?xml version="1.0" encoding="utf-16"?>
<Level width ="2">
<Camera x="0" y="2" minWidth="20" maxWidth="30">
<Score highScore ="73300">
<Birds>
<Bird type="BirdRed"/>
<Bird type="BirdYellow"/>
<Bird type="BirdBlue"/>
</Birds>
<Slingshot x="-8" y="-2.5">
<GameObjects>
<Block type="RectTiny" material="stone" x="-2.1112462449" y="-3.2889071337009423" rotation="0" />
<Block type="RectTiny" material="wood" x="-1.3812462449" y="-3.2889071337009423" rotation="0" />
<Block type="RectTiny" material="wood" x="-0.6512462449" y="-3.2889071337009423" rotation="0" />
<Block type="RectTiny" material="wood" x="-0.0712462449" y="-3.2889071337009423" rotation="0" />
<Block type="RectTiny" material="stone" x="0.6587537551" y="-3.2889071337009423" rotation="0" />
<Block type="RectTiny" material="stone" x="1.3887537551" y="-3.2889071337009423" rotation="0" />
<Block type="RectTiny" material="ice" x="-2.1112462449" y="-3.068907133700942" rotation="0" />
<Block type="RectTiny" material="ice" x="-1.3812462449" y="-3.068907133700942" rotation="0" />
<Block type="RectTiny" material="wood" x="-0.6512462449" y="-3.068907133700942" rotation="0" />
<Block type="RectTiny" material="wood" x="-0.0712462449" y="-3.068907133700942" rotation="0" />
<Block type="RectTiny" material="stone" x="0.6587537551" y="-3.068907133700942" rotation="0" />
<Block type="RectTiny" material="ice" x="1.3887537551" y="-3.068907133700942" rotation="0" />
<Block type="RectFat" material="ice" x="-2.1112462449" y="-2.533907133700942" rotation="90" />
<Block type="RectFat" material="wood" x="-1.3812462449" y="-2.533907133700942" rotation="90" />
<Block type="RectSmall" material="wood" x="-0.6512462449" y="-2.533907133700942" rotation="90" />
<Block type="RectFat" material="wood" x="-0.0712462449" y="-2.533907133700942" rotation="90" />
<Block type="RectFat" material="wood" x="0.6587537551" y="-2.533907133700942" rotation="90" />
<Block type="RectFat" material="ice" x="1.3887537551" y="-2.533907133700942" rotation="90" />
<Block type="RectTiny" material="wood" x="-2.1112462449" y="-1.8939071337009423" rotation="90" />
<Block type="RectTiny" material="wood" x="-1.4912462449" y="-1.8939071337009423" rotation="90" />
<Block type="RectTiny" material="stone" x="-1.2712462449" y="-1.8939071337009423" rotation="90" />
<Block type="RectTiny" material="stone" x="-0.6512462449" y="-1.8939071337009423" rotation="90" />
<Block type="SquareSmall" material="ice" x="-0.0712462449" y="-1.8939071337009423" rotation="0" />
<Block type="RectTiny" material="ice" x="0.5487537551" y="-1.8939071337009423" rotation="90" />
<Block type="RectTiny" material="wood" x="0.7687537551" y="-1.8939071337009423" rotation="90" />
<Block type="SquareSmall" material="stone" x="1.3887537551" y="-1.8939071337009423" rotation="0" />
<Block type="SquareHole" material="wood" x="-1.8012462449" y="-1.2589071337009425" rotation="0" />
<Block type="SquareHole" material="ice" x="-0.9612462449" y="-1.2589071337009425" rotation="0" />
<Block type="SquareHole" material="ice" x="0.2387537551" y="-1.2589071337009425" rotation="0" />
<Block type="SquareHole" material="wood" x="1.0787537551" y="-1.2589071337009425" rotation="0" />
<Block type="RectMedium" material="wood" x="-1.3812462449" y="-0.7289071337009423" rotation="0" />
<Block type="RectMedium" material="wood" x="0.6587537551" y="-0.7289071337009423" rotation="0" />
<Block type="SquareHole" material="ice" x="-1.0712462449" y="-0.19890713370094232" rotation="0" />
<Block type="SquareHole" material="stone" x="0.3487537551" y="-0.19890713370094232" rotation="0" />
<Block type="RectFat" material="wood" x="3.0447892402" y="-2.535163142839165" rotation="90" />
<Block type="RectFat" material="stone" x="3.5947892402" y="-2.535163142839165" rotation="90" />
<Block type="RectFat" material="stone" x="4.1447892402" y="-2.535163142839165" rotation="90" />
<Block type="RectFat" material="stone" x="4.6947892402" y="-2.535163142839165" rotation="90" />
<Block type="RectFat" material="stone" x="5.2447892402" y="-2.535163142839165" rotation="90" />
<Block type="RectTiny" material="wood" x="3.0447892402" y="-2.000163142839165" rotation="0" />
<Block type="RectTiny" material="wood" x="3.5947892402" y="-2.000163142839165" rotation="0" />
<Block type="RectTiny" material="ice" x="4.1447892402" y="-2.000163142839165" rotation="0" />
<Block type="RectTiny" material="ice" x="4.6947892402" y="-2.000163142839165" rotation="0" />
<Block type="RectTiny" material="ice" x="5.2447892402" y="-2.000163142839165" rotation="0" />
<Block type="RectTiny" material="wood" x="3.0447892402" y="-1.7801631428391649" rotation="0" />
<Block type="RectTiny" material="stone" x="3.5947892402" y="-1.7801631428391649" rotation="0" />
<Block type="RectTiny" material="ice" x="4.1447892402" y="-1.7801631428391649" rotation="0" />
<Block type="RectTiny" material="stone" x="4.6947892402" y="-1.7801631428391649" rotation="0" />
<Block type="RectTiny" material="ice" x="5.2447892402" y="-1.7801631428391649" rotation="0" />
<Block type="SquareSmall" material="wood" x="3.0447892402" y="-1.4551631428391651" rotation="0" />
<Block type="SquareSmall" material="ice" x="3.5947892402" y="-1.4551631428391651" rotation="0" />
<Block type="SquareSmall" material="ice" x="4.1447892402" y="-1.4551631428391651" rotation="0" />
<Block type="SquareSmall" material="ice" x="4.6947892402" y="-1.4551631428391651" rotation="0" />
<Block type="SquareSmall" material="ice" x="5.2447892402" y="-1.4551631428391651" rotation="0" />
<Block type="RectTiny" material="wood" x="3.0447892402" y="-1.130163142839165" rotation="0" />
<Block type="RectTiny" material="wood" x="3.5947892402" y="-1.130163142839165" rotation="0" />
<Block type="RectTiny" material="stone" x="4.1447892402" y="-1.130163142839165" rotation="0" />
<Block type="RectTiny" material="stone" x="4.6947892402" y="-1.130163142839165" rotation="0" />
<Block type="RectTiny" material="stone" x="5.2447892402" y="-1.130163142839165" rotation="0" />
<Block type="RectTiny" material="wood" x="3.0447892402" y="-0.9101631428391651" rotation="0" />
<Block type="RectTiny" material="wood" x="3.5947892402" y="-0.9101631428391651" rotation="0" />
<Block type="RectTiny" material="stone" x="4.1447892402" y="-0.9101631428391651" rotation="0" />
<Block type="RectTiny" material="wood" x="4.6947892402" y="-0.9101631428391651" rotation="0" />
<Block type="RectTiny" material="ice" x="5.2447892402" y="-0.9101631428391651" rotation="0" />
<Block type="SquareSmall" material="wood" x="3.0447892402" y="-0.5851631428391652" rotation="0" />
<Block type="SquareSmall" material="ice" x="3.5947892402" y="-0.5851631428391652" rotation="0" />
<Block type="SquareSmall" material="stone" x="4.1447892402" y="-0.5851631428391652" rotation="0" />
<Block type="SquareSmall" material="wood" x="4.6947892402" y="-0.5851631428391652" rotation="0" />
<Block type="SquareSmall" material="ice" x="5.2447892402" y="-0.5851631428391652" rotation="0" />
<Block type="RectFat" material="wood" x="3.0447892402" y="0.05483685716083486" rotation="90" />
<Block type="RectSmall" material="ice" x="3.5947892402" y="0.05483685716083486" rotation="90" />
<Block type="RectFat" material="wood" x="4.1447892402" y="0.05483685716083486" rotation="90" />
<Block type="RectSmall" material="wood" x="4.6947892402" y="0.05483685716083486" rotation="90" />
<Block type="RectSmall" material="stone" x="5.2447892402" y="0.05483685716083486" rotation="90" />
<Block type="SquareSmall" material="wood" x="3.0447892402" y="0.6948368571608349" rotation="0" />
<Block type="RectTiny" material="wood" x="3.5947892402" y="0.6948368571608349" rotation="90" />
<Block type="SquareSmall" material="wood" x="4.1447892402" y="0.6948368571608349" rotation="0" />
<Block type="RectTiny" material="wood" x="4.6947892402" y="0.6948368571608349" rotation="90" />
<Block type="RectTiny" material="wood" x="5.2447892402" y="0.6948368571608349" rotation="90" />
<Block type="RectSmall" material="wood" x="6.4160354851" y="-2.892236552166708" rotation="90" />
<Block type="RectSmall" material="stone" x="6.7160354851" y="-2.892236552166708" rotation="90" />
<Block type="RectSmall" material="wood" x="7.0160354851" y="-2.892236552166708" rotation="90" />
<Block type="RectSmall" material="ice" x="7.9960354851" y="-2.892236552166708" rotation="90" />
<Block type="RectSmall" material="stone" x="8.2960354851" y="-2.892236552166708" rotation="90" />
<Block type="RectSmall" material="ice" x="8.5960354851" y="-2.892236552166708" rotation="90" />
<Block type="RectTiny" material="wood" x="6.4160354851" y="-2.252236552166708" rotation="90" />
<Block type="RectTiny" material="ice" x="7.0160354851" y="-2.252236552166708" rotation="90" />
<Block type="RectTiny" material="wood" x="7.9960354851" y="-2.252236552166708" rotation="90" />
<Block type="RectTiny" material="stone" x="8.5960354851" y="-2.252236552166708" rotation="90" />
<Block type="RectSmall" material="wood" x="6.4160354851" y="-1.6122365521667077" rotation="90" />
<Block type="RectSmall" material="stone" x="7.0160354851" y="-1.6122365521667077" rotation="90" />
<Block type="RectSmall" material="wood" x="7.9960354851" y="-1.6122365521667077" rotation="90" />
<Block type="RectSmall" material="stone" x="8.5960354851" y="-1.6122365521667077" rotation="90" />
<Block type="RectFat" material="wood" x="-0.7946955299" y="2.3091789475" rotation="0" />
<Block type="RectFat" material="wood" x="1.0453044701" y="2.3091789475" rotation="0" />
<Block type="RectMedium" material="wood" x="0.1253044701" y="2.6341789475" rotation="0" />
<Block type="RectFat" material="wood" x="-0.2896955299" y="2.9591789475" rotation="0" />
<Block type="SquareSmall" material="wood" x="0.5403044701" y="2.9591789475" rotation="0" />
<Block type="TriangleHole" material="wood" x="1.2187537551" y="-0.2089071337" rotation="0" />
<Block type="CircleSmall" material="ice" x="5.2447892402" y="1.1348368572" rotation="0" />
<Block type="TriangleHole" material="stone" x="0.5403044701" y="3.5841789475" rotation="0" />
<Block type="CircleSmall" material="wood" x="-1.0712462449" y="0.4460928663" rotation="0" />
<Block type="Circle" material="ice" x="0.3487537551" y="0.6210928663" rotation="0" />
<Block type="Circle" material="ice" x="-0.2896955299" y="3.5741789475" rotation="0" />
<Block type="CircleSmall" material="wood" x="7.0160354851" y="-0.9622365522" rotation="0" />
<Block type="CircleSmall" material="wood" x="4.1447892402" y="1.1348368572" rotation="0" />
<Block type="CircleSmall" material="ice" x="3.5947892402" y="1.1348368572" rotation="0" />
<Block type="CircleSmall" material="stone" x="1.3286378034" y="2.7491789475" rotation="0" />
<Block type="CircleSmall" material="ice" x="4.6947892402" y="1.1348368572" rotation="0" />
<Block type="CircleSmall" material="wood" x="3.0447892402" y="1.1348368572" rotation="0" />
<Block type="CircleSmall" material="stone" x="6.4160354851" y="-0.9622365522" rotation="0" />
<Block type="CircleSmall" material="stone" x="7.9960354851" y="-0.9622365522" rotation="0" />
<Block type="CircleSmall" material="stone" x="-1.0780288632" y="2.7491789475" rotation="0" />
<Pig type="BasicSmall" material="" x="-1.9412462449" y="-0.3939071337009423" rotation="0" />
<Pig type="BasicSmall" material="" x="8.5960354851" y="-0.9622365521667077" rotation="0" />
<TNT type="" x="7.3760354851" y="-3.0922365521667077" rotation="0" />
<Platform type="Platform" material="" x="-1.114695529864848" y="1.7841789474579186" />
<Platform type="Platform" material="" x="-0.494695529864848" y="1.7841789474579186" />
<Platform type="Platform" material="" x="0.125304470135152" y="1.7841789474579186" />
<Platform type="Platform" material="" x="0.745304470135152" y="1.7841789474579186" />
<Platform type="Platform" material="" x="1.365304470135152" y="1.7841789474579186" />
<Platform type="Platform" material="" x="-0.3612462449078757" y="-3.7089071337009423" />
<Platform type="Platform" material="" x="-0.3612462449078757" y="-4.328907133700942" />
<Platform type="Platform" material="" x="-0.3612462449078757" y="-4.948907133700942" />
<Platform type="Platform" material="" x="0.2587537550921243" y="-3.7089071337009423" />
<Platform type="Platform" material="" x="-0.9812462449078757" y="-3.7089071337009423" />
<Platform type="Platform" material="" x="0.2587537550921243" y="-4.328907133700942" />
<Platform type="Platform" material="" x="-0.9812462449078757" y="-4.328907133700942" />
<Platform type="Platform" material="" x="0.2587537550921243" y="-4.948907133700942" />
<Platform type="Platform" material="" x="-0.9812462449078757" y="-4.948907133700942" />
<Platform type="Platform" material="" x="0.8787537550921243" y="-3.7089071337009423" />
<Platform type="Platform" material="" x="-1.6012462449078757" y="-3.7089071337009423" />
<Platform type="Platform" material="" x="0.8787537550921243" y="-4.328907133700942" />
<Platform type="Platform" material="" x="-1.6012462449078757" y="-4.328907133700942" />
<Platform type="Platform" material="" x="0.8787537550921243" y="-4.948907133700942" />
<Platform type="Platform" material="" x="-1.6012462449078757" y="-4.948907133700942" />
<Platform type="Platform" material="" x="1.2937537550921243" y="-3.7089071337009423" />
<Platform type="Platform" material="" x="-2.0162462449078755" y="-3.7089071337009423" />
<Platform type="Platform" material="" x="1.2937537550921243" y="-4.328907133700942" />
<Platform type="Platform" material="" x="-2.0162462449078755" y="-4.328907133700942" />
<Platform type="Platform" material="" x="1.2937537550921243" y="-4.948907133700942" />
<Platform type="Platform" material="" x="-2.0162462449078755" y="-4.948907133700942" />
<Platform type="Platform" material="" x="4.144789240217685" y="-3.270163142839165" />
<Platform type="Platform" material="" x="4.144789240217685" y="-3.890163142839165" />
<Platform type="Platform" material="" x="4.144789240217685" y="-4.510163142839165" />
<Platform type="Platform" material="" x="4.764789240217685" y="-3.270163142839165" />
<Platform type="Platform" material="" x="3.524789240217685" y="-3.270163142839165" />
<Platform type="Platform" material="" x="4.764789240217685" y="-3.890163142839165" />
<Platform type="Platform" material="" x="3.524789240217685" y="-3.890163142839165" />
<Platform type="Platform" material="" x="4.764789240217685" y="-4.510163142839165" />
<Platform type="Platform" material="" x="3.524789240217685" y="-4.510163142839165" />
<Platform type="Platform" material="" x="5.149789240217685" y="-3.270163142839165" />
<Platform type="Platform" material="" x="3.1397892402176852" y="-3.270163142839165" />
<Platform type="Platform" material="" x="5.149789240217685" y="-3.890163142839165" />
<Platform type="Platform" material="" x="3.1397892402176852" y="-3.890163142839165" />
<Platform type="Platform" material="" x="5.149789240217685" y="-4.510163142839165" />
<Platform type="Platform" material="" x="3.1397892402176852" y="-4.510163142839165" />
<Platform type="Platform" material="" x="7.506035485125561" y="-3.627236552166708" />
<Platform type="Platform" material="" x="7.506035485125561" y="-4.247236552166708" />
<Platform type="Platform" material="" x="7.506035485125561" y="-4.867236552166707" />
<Platform type="Platform" material="" x="8.126035485125561" y="-3.627236552166708" />
<Platform type="Platform" material="" x="6.886035485125561" y="-3.627236552166708" />
<Platform type="Platform" material="" x="8.126035485125561" y="-4.247236552166708" />
<Platform type="Platform" material="" x="6.886035485125561" y="-4.247236552166708" />
<Platform type="Platform" material="" x="8.126035485125561" y="-4.867236552166707" />
<Platform type="Platform" material="" x="6.886035485125561" y="-4.867236552166707" />
<Platform type="Platform" material="" x="8.39603548512556" y="-3.627236552166708" />
<Platform type="Platform" material="" x="6.616035485125561" y="-3.627236552166708" />
<Platform type="Platform" material="" x="8.39603548512556" y="-4.247236552166708" />
<Platform type="Platform" material="" x="6.616035485125561" y="-4.247236552166708" />
<Platform type="Platform" material="" x="8.39603548512556" y="-4.867236552166707" />
<Platform type="Platform" material="" x="6.616035485125561" y="-4.867236552166707" />
<Platform type="Platform" material="" x="2.321220327056012" y="-3.4895351382700537" rotation="19.690046983151085" scaleX="2.100281991562108" />
<Platform type="Platform" material="" x="2.321220327056012" y="-4.109535138270053" rotation="19.690046983151085" scaleX="2.100281991562108" />
<Platform type="Platform" material="" x="2.216771497654905" y="-3.7089071337009423" rotation="0.0" scaleX="2.100281991562108" />
<Platform type="Platform" material="" x="2.216771497654905" y="-4.328907133700942" rotation="0.0" scaleX="2.100281991562108" />
<Platform type="Platform" material="" x="2.216771497654905" y="-4.948907133700942" rotation="0.0" scaleX="2.100281991562108" />
<Platform type="Platform" material="" x="5.762397077076567" y="-3.4486998475029367" rotation="-22.87730188968666" scaleX="1.481444480525684" />
<Platform type="Platform" material="" x="5.762397077076567" y="-4.068699847502937" rotation="-22.87730188968666" scaleX="1.481444480525684" />
<Platform type="Platform" material="" x="5.8829123626716235" y="-3.627236552166708" rotation="0.0" scaleX="1.481444480525684" />
<Platform type="Platform" material="" x="5.8829123626716235" y="-4.247236552166708" rotation="0.0" scaleX="1.481444480525684" />
<Platform type="Platform" material="" x="5.8829123626716235" y="-4.867236552166708" rotation="0.0" scaleX="1.481444480525684" />
</GameObjects>
</Level>
