<?xml version="1.0" encoding="utf-16"?>
<Level width ="2">
<Camera x="0" y="2" minWidth="20" maxWidth="30">
<Score highScore ="74610">
<Birds>
<Bird type="BirdYellow"/>
<Bird type="BirdBlack"/>
<Bird type="BirdYellow"/>
</Birds>
<Slingshot x="-8" y="-2.5">
<GameObjects>
<Block type="RectFat" material="ice" x="-2.5460433602" y="-2.8292100141052545" rotation="0" />
<Block type="RectFat" material="ice" x="-1.5210433602" y="-2.8292100141052545" rotation="0" />
<Block type="RectFat" material="ice" x="-0.4960433602" y="-2.8292100141052545" rotation="0" />
<Block type="RectFat" material="wood" x="-2.4410433602" y="-2.1892100141052544" rotation="90" />
<Block type="RectFat" material="wood" x="-1.5210433602" y="-2.1892100141052544" rotation="90" />
<Block type="RectFat" material="wood" x="-0.6010433602" y="-2.1892100141052544" rotation="90" />
<Block type="RectFat" material="wood" x="-2.4410433602" y="-1.3392100141052543" rotation="90" />
<Block type="RectFat" material="wood" x="-1.5210433602" y="-1.3392100141052543" rotation="90" />
<Block type="RectFat" material="wood" x="-0.6010433602" y="-1.3392100141052543" rotation="90" />
<Block type="RectBig" material="stone" x="-1.5210433602" y="-0.8042100141052543" rotation="0" />
<Block type="RectSmall" material="wood" x="-2.0760433602" y="-0.5842100141052543" rotation="0" />
<Block type="RectSmall" material="wood" x="-0.9660433602" y="-0.5842100141052543" rotation="0" />
<Block type="RectTiny" material="wood" x="0.115322839" y="-2.873300059784967" rotation="90" />
<Block type="RectTiny" material="wood" x="0.425322839" y="-2.873300059784967" rotation="90" />
<Block type="RectTiny" material="ice" x="1.265322839" y="-2.873300059784967" rotation="90" />
<Block type="RectTiny" material="wood" x="1.575322839" y="-2.873300059784967" rotation="90" />
<Block type="RectTiny" material="wood" x="2.065322839" y="-2.873300059784967" rotation="90" />
<Block type="RectTiny" material="wood" x="2.375322839" y="-2.873300059784967" rotation="90" />
<Block type="RectTiny" material="wood" x="3.215322839" y="-2.873300059784967" rotation="90" />
<Block type="RectTiny" material="wood" x="3.525322839" y="-2.873300059784967" rotation="90" />
<Block type="RectTiny" material="wood" x="4.015322839" y="-2.873300059784967" rotation="90" />
<Block type="RectTiny" material="wood" x="4.325322839" y="-2.873300059784967" rotation="90" />
<Block type="RectTiny" material="stone" x="5.165322839" y="-2.873300059784967" rotation="90" />
<Block type="RectTiny" material="stone" x="5.475322839" y="-2.873300059784967" rotation="90" />
<Block type="RectMedium" material="wood" x="0.115322839" y="-1.818300059784967" rotation="90" />
<Block type="RectMedium" material="wood" x="0.425322839" y="-1.818300059784967" rotation="90" />
<Block type="RectMedium" material="wood" x="1.265322839" y="-1.818300059784967" rotation="90" />
<Block type="RectMedium" material="wood" x="1.575322839" y="-1.818300059784967" rotation="90" />
<Block type="RectMedium" material="wood" x="2.065322839" y="-1.818300059784967" rotation="90" />
<Block type="RectMedium" material="wood" x="2.375322839" y="-1.818300059784967" rotation="90" />
<Block type="RectMedium" material="wood" x="3.215322839" y="-1.818300059784967" rotation="90" />
<Block type="RectMedium" material="wood" x="3.525322839" y="-1.818300059784967" rotation="90" />
<Block type="RectMedium" material="wood" x="4.015322839" y="-1.818300059784967" rotation="90" />
<Block type="RectMedium" material="wood" x="4.325322839" y="-1.818300059784967" rotation="90" />
<Block type="RectMedium" material="wood" x="5.165322839" y="-1.818300059784967" rotation="90" />
<Block type="RectMedium" material="stone" x="5.475322839" y="-1.818300059784967" rotation="90" />
<Block type="RectTiny" material="ice" x="0.115322839" y="-0.763300059784967" rotation="90" />
<Block type="RectTiny" material="ice" x="0.425322839" y="-0.763300059784967" rotation="90" />
<Block type="RectTiny" material="wood" x="1.265322839" y="-0.763300059784967" rotation="90" />
<Block type="RectTiny" material="wood" x="1.575322839" y="-0.763300059784967" rotation="90" />
<Block type="RectTiny" material="wood" x="2.065322839" y="-0.763300059784967" rotation="90" />
<Block type="RectTiny" material="wood" x="2.375322839" y="-0.763300059784967" rotation="90" />
<Block type="RectTiny" material="wood" x="3.215322839" y="-0.763300059784967" rotation="90" />
<Block type="RectTiny" material="wood" x="3.525322839" y="-0.763300059784967" rotation="90" />
<Block type="RectTiny" material="wood" x="4.015322839" y="-0.763300059784967" rotation="90" />
<Block type="RectTiny" material="wood" x="4.325322839" y="-0.763300059784967" rotation="90" />
<Block type="RectTiny" material="wood" x="5.165322839" y="-0.763300059784967" rotation="90" />
<Block type="RectTiny" material="wood" x="5.475322839" y="-0.763300059784967" rotation="90" />
<Block type="RectMedium" material="ice" x="0.845322839" y="-0.4383000597849669" rotation="0" />
<Block type="RectMedium" material="wood" x="2.795322839" y="-0.4383000597849669" rotation="0" />
<Block type="RectMedium" material="wood" x="4.745322839" y="-0.4383000597849669" rotation="0" />
<Block type="SquareHole" material="wood" x="1.055322839" y="0.09169994021503308" rotation="0" />
<Block type="SquareHole" material="wood" x="1.925322839" y="0.09169994021503308" rotation="0" />
<Block type="SquareHole" material="wood" x="2.795322839" y="0.09169994021503308" rotation="0" />
<Block type="SquareHole" material="wood" x="3.665322839" y="0.09169994021503308" rotation="0" />
<Block type="SquareHole" material="wood" x="4.535322839" y="0.09169994021503308" rotation="0" />
<Block type="RectTiny" material="wood" x="1.055322839" y="0.621699940215033" rotation="0" />
<Block type="RectTiny" material="wood" x="1.925322839" y="0.621699940215033" rotation="0" />
<Block type="RectTiny" material="wood" x="2.795322839" y="0.621699940215033" rotation="0" />
<Block type="RectTiny" material="wood" x="3.665322839" y="0.621699940215033" rotation="0" />
<Block type="RectTiny" material="ice" x="4.535322839" y="0.621699940215033" rotation="0" />
<Block type="SquareSmall" material="wood" x="6.4113661992" y="-2.620444474365985" rotation="0" />
<Block type="SquareSmall" material="wood" x="7.0013661992" y="-2.620444474365985" rotation="0" />
<Block type="SquareSmall" material="stone" x="7.6313661992" y="-2.620444474365985" rotation="0" />
<Block type="SquareSmall" material="ice" x="8.2213661992" y="-2.620444474365985" rotation="0" />
<Block type="SquareSmall" material="wood" x="6.4113661992" y="-2.190444474365985" rotation="0" />
<Block type="SquareSmall" material="wood" x="7.0013661992" y="-2.190444474365985" rotation="0" />
<Block type="SquareSmall" material="ice" x="7.6313661992" y="-2.190444474365985" rotation="0" />
<Block type="SquareSmall" material="ice" x="8.2213661992" y="-2.190444474365985" rotation="0" />
<Block type="SquareSmall" material="wood" x="6.4113661992" y="-1.7604444743659848" rotation="0" />
<Block type="SquareSmall" material="stone" x="7.0013661992" y="-1.7604444743659848" rotation="0" />
<Block type="SquareSmall" material="wood" x="7.6313661992" y="-1.7604444743659848" rotation="0" />
<Block type="SquareSmall" material="ice" x="8.2213661992" y="-1.7604444743659848" rotation="0" />
<Block type="RectTiny" material="wood" x="6.4113661992" y="-1.435444474365985" rotation="0" />
<Block type="RectTiny" material="stone" x="7.0013661992" y="-1.435444474365985" rotation="0" />
<Block type="RectTiny" material="wood" x="7.6313661992" y="-1.435444474365985" rotation="0" />
<Block type="RectTiny" material="wood" x="8.2213661992" y="-1.435444474365985" rotation="0" />
<Block type="RectFat" material="wood" x="6.4113661992" y="-0.9004444743659851" rotation="90" />
<Block type="RectFat" material="ice" x="7.0013661992" y="-0.9004444743659851" rotation="90" />
<Block type="RectFat" material="stone" x="7.6313661992" y="-0.9004444743659851" rotation="90" />
<Block type="RectFat" material="stone" x="8.2213661992" y="-0.9004444743659851" rotation="90" />
<Block type="SquareSmall" material="wood" x="6.4113661992" y="-0.26044447436598517" rotation="0" />
<Block type="SquareSmall" material="wood" x="7.0013661992" y="-0.26044447436598517" rotation="0" />
<Block type="SquareSmall" material="stone" x="7.6313661992" y="-0.26044447436598517" rotation="0" />
<Block type="SquareSmall" material="ice" x="8.2213661992" y="-0.26044447436598517" rotation="0" />
<Block type="RectTiny" material="stone" x="6.4113661992" y="0.0645555256340149" rotation="0" />
<Block type="RectTiny" material="wood" x="7.0013661992" y="0.0645555256340149" rotation="0" />
<Block type="RectTiny" material="stone" x="7.6313661992" y="0.0645555256340149" rotation="0" />
<Block type="RectTiny" material="ice" x="8.2213661992" y="0.0645555256340149" rotation="0" />
<Block type="RectTiny" material="ice" x="6.4113661992" y="0.28455552563401487" rotation="0" />
<Block type="RectTiny" material="stone" x="7.0013661992" y="0.28455552563401487" rotation="0" />
<Block type="RectTiny" material="stone" x="7.6313661992" y="0.28455552563401487" rotation="0" />
<Block type="RectTiny" material="stone" x="8.2213661992" y="0.28455552563401487" rotation="0" />
<Block type="RectTiny" material="stone" x="6.4113661992" y="0.5045555256340148" rotation="0" />
<Block type="RectTiny" material="ice" x="7.0013661992" y="0.5045555256340148" rotation="0" />
<Block type="RectTiny" material="stone" x="7.6313661992" y="0.5045555256340148" rotation="0" />
<Block type="RectTiny" material="stone" x="8.2213661992" y="0.5045555256340148" rotation="0" />
<Block type="RectTiny" material="stone" x="6.4113661992" y="0.7245555256340148" rotation="0" />
<Block type="RectTiny" material="stone" x="7.0013661992" y="0.7245555256340148" rotation="0" />
<Block type="RectTiny" material="ice" x="7.6313661992" y="0.7245555256340148" rotation="0" />
<Block type="RectTiny" material="stone" x="8.2213661992" y="0.7245555256340148" rotation="0" />
<Block type="SquareTiny" material="stone" x="6.4663661992" y="0.9445555256340149" rotation="0" />
<Block type="SquareTiny" material="stone" x="6.9463661992" y="0.9445555256340149" rotation="0" />
<Block type="SquareTiny" material="ice" x="7.6863661992" y="0.9445555256340149" rotation="0" />
<Block type="SquareTiny" material="ice" x="8.1663661992" y="0.9445555256340149" rotation="0" />
<Block type="SquareSmall" material="wood" x="4.3463596949" y="2.7907082867" rotation="0" />
<Block type="SquareSmall" material="wood" x="4.9763596949" y="2.7907082867" rotation="0" />
<Block type="SquareSmall" material="wood" x="5.8763596949" y="2.7907082867" rotation="0" />
<Block type="SquareSmall" material="wood" x="6.5063596949" y="2.7907082867" rotation="0" />
<Block type="RectFat" material="stone" x="4.6613596949" y="3.2207082867" rotation="0" />
<Block type="RectFat" material="stone" x="6.1913596949" y="3.2207082867" rotation="0" />
<Block type="RectSmall" material="wood" x="4.3463596949" y="3.8607082867" rotation="90" />
<Block type="RectSmall" material="wood" x="4.6613596949" y="3.8607082867" rotation="90" />
<Block type="RectSmall" material="wood" x="4.9763596949" y="3.8607082867" rotation="90" />
<Block type="RectSmall" material="wood" x="5.8763596949" y="3.8607082867" rotation="90" />
<Block type="RectSmall" material="wood" x="6.1913596949" y="3.8607082867" rotation="90" />
<Block type="RectSmall" material="wood" x="6.5063596949" y="3.8607082867" rotation="90" />
<Block type="RectFat" material="stone" x="4.6613596949" y="4.5007082867" rotation="0" />
<Block type="RectFat" material="stone" x="6.1913596949" y="4.5007082867" rotation="0" />
<Block type="Triangle" material="ice" x="-1.7927100269" y="-0.0642100141" rotation="0.0" />
<Block type="CircleSmall" material="wood" x="6.4746930282" y="4.9407082867" rotation="0" />
<Block type="Triangle" material="stone" x="4.6613596949" y="5.1257082867" rotation="0.0" />
<Block type="Circle" material="ice" x="1.055322839" y="1.1316999402" rotation="0" />
<Block type="CircleSmall" material="ice" x="-0.6827100269" y="-0.2492100141" rotation="0" />
<Block type="Circle" material="ice" x="8.1663661992" y="1.4545555256" rotation="0" />
<Block type="CircleSmall" material="wood" x="6.4663661992" y="1.2795555256" rotation="0" />
<Block type="CircleSmall" material="stone" x="2.795322839" y="0.9566999402" rotation="0" />
<Block type="CircleSmall" material="stone" x="6.9463661992" y="1.2795555256" rotation="0" />
<Block type="CircleSmall" material="ice" x="5.9080263616" y="4.9407082867" rotation="0" />
<Block type="Circle" material="wood" x="1.925322839" y="1.1316999402" rotation="0" />
<Block type="TriangleHole" material="wood" x="4.535322839" y="1.1416999402" rotation="0" />
<Block type="Circle" material="wood" x="3.665322839" y="1.1316999402" rotation="0" />
<Block type="CircleSmall" material="wood" x="0.285322839" y="-0.1033000598" rotation="0" />
<Block type="CircleSmall" material="stone" x="5.305322839" y="-0.1033000598" rotation="0" />
<Pig type="BasicSmall" material="" x="2.775322839" y="-2.863300059784967" rotation="0" />
<Pig type="BasicSmall" material="" x="4.805322839" y="-2.863300059784967" rotation="0" />
<TNT type="" x="0.785322839" y="-2.863300059784967" rotation="0" />
<Platform type="Platform" material="" x="3.8763596949317316" y="2.265708286745431" />
<Platform type="Platform" material="" x="4.496359694931732" y="2.265708286745431" />
<Platform type="Platform" material="" x="5.116359694931732" y="2.265708286745431" />
<Platform type="Platform" material="" x="5.736359694931731" y="2.265708286745431" />
<Platform type="Platform" material="" x="6.356359694931731" y="2.265708286745431" />
<Platform type="Platform" material="" x="6.976359694931731" y="2.265708286745431" />
<Platform type="Platform" material="" x="-1.5210433602250328" y="-3.3542100141052544" />
<Platform type="Platform" material="" x="-1.5210433602250328" y="-3.974210014105254" />
<Platform type="Platform" material="" x="-1.5210433602250328" y="-4.594210014105254" />
<Platform type="Platform" material="" x="-0.9010433602250328" y="-3.3542100141052544" />
<Platform type="Platform" material="" x="-2.1410433602250327" y="-3.3542100141052544" />
<Platform type="Platform" material="" x="-0.9010433602250328" y="-3.974210014105254" />
<Platform type="Platform" material="" x="-2.1410433602250327" y="-3.974210014105254" />
<Platform type="Platform" material="" x="-0.9010433602250328" y="-4.594210014105254" />
<Platform type="Platform" material="" x="-2.1410433602250327" y="-4.594210014105254" />
<Platform type="Platform" material="" x="-0.3810433602250328" y="-3.3542100141052544" />
<Platform type="Platform" material="" x="-2.6610433602250327" y="-3.3542100141052544" />
<Platform type="Platform" material="" x="-0.3810433602250328" y="-3.974210014105254" />
<Platform type="Platform" material="" x="-2.6610433602250327" y="-3.974210014105254" />
<Platform type="Platform" material="" x="-0.3810433602250328" y="-4.594210014105254" />
<Platform type="Platform" material="" x="-2.6610433602250327" y="-4.594210014105254" />
<Platform type="Platform" material="" x="2.7953228390002622" y="-3.398300059784967" />
<Platform type="Platform" material="" x="2.7953228390002622" y="-4.018300059784967" />
<Platform type="Platform" material="" x="2.7953228390002622" y="-4.638300059784967" />
<Platform type="Platform" material="" x="3.4153228390002623" y="-3.398300059784967" />
<Platform type="Platform" material="" x="2.175322839000262" y="-3.398300059784967" />
<Platform type="Platform" material="" x="3.4153228390002623" y="-4.018300059784967" />
<Platform type="Platform" material="" x="2.175322839000262" y="-4.018300059784967" />
<Platform type="Platform" material="" x="3.4153228390002623" y="-4.638300059784967" />
<Platform type="Platform" material="" x="2.175322839000262" y="-4.638300059784967" />
<Platform type="Platform" material="" x="4.035322839000262" y="-3.398300059784967" />
<Platform type="Platform" material="" x="1.555322839000262" y="-3.398300059784967" />
<Platform type="Platform" material="" x="4.035322839000262" y="-4.018300059784967" />
<Platform type="Platform" material="" x="1.555322839000262" y="-4.018300059784967" />
<Platform type="Platform" material="" x="4.035322839000262" y="-4.638300059784967" />
<Platform type="Platform" material="" x="1.555322839000262" y="-4.638300059784967" />
<Platform type="Platform" material="" x="4.655322839000262" y="-3.398300059784967" />
<Platform type="Platform" material="" x="0.935322839000262" y="-3.398300059784967" />
<Platform type="Platform" material="" x="4.655322839000262" y="-4.018300059784967" />
<Platform type="Platform" material="" x="0.935322839000262" y="-4.018300059784967" />
<Platform type="Platform" material="" x="4.655322839000262" y="-4.638300059784967" />
<Platform type="Platform" material="" x="0.935322839000262" y="-4.638300059784967" />
<Platform type="Platform" material="" x="5.275322839000262" y="-3.398300059784967" />
<Platform type="Platform" material="" x="0.31532283900026203" y="-3.398300059784967" />
<Platform type="Platform" material="" x="5.275322839000262" y="-4.018300059784967" />
<Platform type="Platform" material="" x="0.31532283900026203" y="-4.018300059784967" />
<Platform type="Platform" material="" x="5.275322839000262" y="-4.638300059784967" />
<Platform type="Platform" material="" x="0.31532283900026203" y="-4.638300059784967" />
<Platform type="Platform" material="" x="5.275322839000263" y="-3.398300059784967" />
<Platform type="Platform" material="" x="0.31532283900026115" y="-3.398300059784967" />
<Platform type="Platform" material="" x="5.275322839000263" y="-4.018300059784967" />
<Platform type="Platform" material="" x="0.31532283900026115" y="-4.018300059784967" />
<Platform type="Platform" material="" x="5.275322839000263" y="-4.638300059784967" />
<Platform type="Platform" material="" x="0.31532283900026115" y="-4.638300059784967" />
<Platform type="Platform" material="" x="7.316366199225295" y="-3.145444474365985" />
<Platform type="Platform" material="" x="7.316366199225295" y="-3.765444474365985" />
<Platform type="Platform" material="" x="7.316366199225295" y="-4.385444474365985" />
<Platform type="Platform" material="" x="7.936366199225295" y="-3.145444474365985" />
<Platform type="Platform" material="" x="6.696366199225295" y="-3.145444474365985" />
<Platform type="Platform" material="" x="7.936366199225295" y="-3.765444474365985" />
<Platform type="Platform" material="" x="6.696366199225295" y="-3.765444474365985" />
<Platform type="Platform" material="" x="7.936366199225295" y="-4.385444474365985" />
<Platform type="Platform" material="" x="6.696366199225295" y="-4.385444474365985" />
<Platform type="Platform" material="" x="8.126366199225295" y="-3.145444474365985" />
<Platform type="Platform" material="" x="6.506366199225295" y="-3.145444474365985" />
<Platform type="Platform" material="" x="8.126366199225295" y="-3.765444474365985" />
<Platform type="Platform" material="" x="6.506366199225295" y="-3.765444474365985" />
<Platform type="Platform" material="" x="8.126366199225295" y="-4.385444474365985" />
<Platform type="Platform" material="" x="6.506366199225295" y="-4.385444474365985" />
<Platform type="Platform" material="" x="-0.1878602606123873" y="-3.3762550369451105" rotation="-30.000000000000323" scaleX="0.14222595380552328" />
<Platform type="Platform" material="" x="-0.1878602606123873" y="-3.9962550369451106" rotation="-30.000000000000323" scaleX="0.14222595380552328" />
<Platform type="Platform" material="" x="-0.03286026061238584" y="-3.398300059784967" rotation="0.0" scaleX="0.14222595380552328" />
<Platform type="Platform" material="" x="-0.03286026061238584" y="-4.018300059784967" rotation="0.0" scaleX="0.14222595380552328" />
<Platform type="Platform" material="" x="-0.03286026061238584" y="-4.638300059784967" rotation="0.0" scaleX="0.14222595380552328" />
<Platform type="Platform" material="" x="6.009377600138287" y="-3.271872267075476" rotation="22.480239550171692" scaleX="1.0666034461913922" />
<Platform type="Platform" material="" x="6.009377600138287" y="-3.891872267075476" rotation="22.480239550171692" scaleX="1.0666034461913922" />
<Platform type="Platform" material="" x="5.890844519112779" y="-3.398300059784967" rotation="0.0" scaleX="1.0666034461913922" />
<Platform type="Platform" material="" x="5.890844519112779" y="-4.018300059784967" rotation="0.0" scaleX="1.0666034461913922" />
<Platform type="Platform" material="" x="5.890844519112779" y="-4.638300059784967" rotation="0.0" scaleX="1.0666034461913922" />
</GameObjects>
</Level>
