<?xml version="1.0" encoding="utf-16"?>
<Level width ="2">
<Camera x="0" y="2" minWidth="20" maxWidth="30">
<Score highScore ="76500">
<Birds>
<Bird type="BirdYellow"/>
<Bird type="BirdRed"/>
<Bird type="BirdBlue"/>
<Bird type="BirdBlack"/>
</Birds>
<Slingshot x="-8" y="-2.5">
<GameObjects>
<Block type="RectSmall" material="wood" x="-1.6990563737" y="-3.075" rotation="90" />
<Block type="RectSmall" material="wood" x="-1.0690563737" y="-3.075" rotation="90" />
<Block type="RectSmall" material="wood" x="-0.4290563737" y="-3.075" rotation="90" />
<Block type="RectSmall" material="wood" x="0.2009436263" y="-3.075" rotation="90" />
<Block type="RectFat" material="wood" x="-1.3840563737" y="-2.435" rotation="0" />
<Block type="RectFat" material="wood" x="-0.1140563737" y="-2.435" rotation="0" />
<Block type="SquareSmall" material="wood" x="-1.3840563737" y="-2.005" rotation="0" />
<Block type="SquareSmall" material="wood" x="-0.1140563737" y="-2.005" rotation="0" />
<Block type="RectBig" material="wood" x="-1.3290563737" y="-0.76" rotation="90" />
<Block type="RectBig" material="wood" x="-0.1690563737" y="-0.76" rotation="90" />
<Block type="RectSmall" material="wood" x="2.748317475" y="-3.39" rotation="0" />
<Block type="RectSmall" material="wood" x="3.625817475" y="-3.39" rotation="0" />
<Block type="RectSmall" material="wood" x="4.503317475" y="-3.39" rotation="0" />
<Block type="SquareHole" material="wood" x="2.748317475" y="-2.86" rotation="0" />
<Block type="SquareHole" material="wood" x="3.625817475" y="-2.86" rotation="0" />
<Block type="SquareHole" material="wood" x="4.503317475" y="-2.86" rotation="0" />
<Block type="RectSmall" material="wood" x="2.960817475" y="-2.33" rotation="0" />
<Block type="RectSmall" material="wood" x="4.290817475" y="-2.33" rotation="0" />
<Block type="RectTiny" material="wood" x="2.960817475" y="-2.11" rotation="0" />
<Block type="RectTiny" material="wood" x="4.290817475" y="-2.11" rotation="0" />
<Block type="RectFat" material="wood" x="2.960817475" y="-1.575" rotation="90" />
<Block type="RectFat" material="wood" x="4.290817475" y="-1.575" rotation="90" />
<Block type="SquareHole" material="wood" x="6.5398738488" y="-3.08" rotation="0" />
<Block type="SquareHole" material="ice" x="8.2098738488" y="-3.08" rotation="0" />
<Block type="SquareTiny" material="ice" x="6.2248738488" y="-2.55" rotation="0" />
<Block type="SquareTiny" material="wood" x="6.5398738488" y="-2.55" rotation="0" />
<Block type="SquareTiny" material="ice" x="6.8548738488" y="-2.55" rotation="0" />
<Block type="SquareTiny" material="wood" x="7.8948738488" y="-2.55" rotation="0" />
<Block type="SquareTiny" material="wood" x="8.2098738488" y="-2.55" rotation="0" />
<Block type="SquareTiny" material="stone" x="8.5248738488" y="-2.55" rotation="0" />
<Block type="RectTiny" material="ice" x="6.2248738488" y="-2.225" rotation="90" />
<Block type="RectTiny" material="wood" x="6.8548738488" y="-2.225" rotation="90" />
<Block type="RectTiny" material="wood" x="7.8948738488" y="-2.225" rotation="90" />
<Block type="RectTiny" material="wood" x="8.5248738488" y="-2.225" rotation="90" />
<Block type="RectSmall" material="wood" x="6.5398738488" y="-1.9" rotation="0" />
<Block type="RectSmall" material="stone" x="8.2098738488" y="-1.9" rotation="0" />
<Block type="RectTiny" material="wood" x="6.6448738488" y="-1.68" rotation="0" />
<Block type="RectTiny" material="ice" x="8.1048738488" y="-1.68" rotation="0" />
<Block type="RectMedium" material="wood" x="7.3748738488" y="-1.46" rotation="0" />
<Block type="RectTiny" material="ice" x="6.8398738488" y="-1.24" rotation="0" />
<Block type="RectTiny" material="stone" x="7.3748738488" y="-1.24" rotation="0" />
<Block type="RectTiny" material="stone" x="7.9098738488" y="-1.24" rotation="0" />
<Block type="RectTiny" material="ice" x="6.8948738488" y="-0.915" rotation="90" />
<Block type="RectTiny" material="stone" x="7.8548738488" y="-0.915" rotation="90" />
<Block type="RectSmall" material="stone" x="5.6018109319" y="1.1009637642" rotation="0" />
<Block type="RectSmall" material="wood" x="7.1718109319" y="1.1009637642" rotation="0" />
<Block type="RectTiny" material="stone" x="5.6568109319" y="1.4259637642" rotation="90" />
<Block type="RectTiny" material="stone" x="5.9668109319" y="1.4259637642" rotation="90" />
<Block type="RectTiny" material="stone" x="6.8068109319" y="1.4259637642" rotation="90" />
<Block type="RectTiny" material="wood" x="7.1168109319" y="1.4259637642" rotation="90" />
<Block type="RectSmall" material="stone" x="5.6568109319" y="2.0659637642" rotation="90" />
<Block type="RectSmall" material="ice" x="5.9668109319" y="2.0659637642" rotation="90" />
<Block type="RectSmall" material="wood" x="6.8068109319" y="2.0659637642" rotation="90" />
<Block type="RectSmall" material="wood" x="7.1168109319" y="2.0659637642" rotation="90" />
<Block type="RectMedium" material="ice" x="6.3868109319" y="2.6009637642" rotation="0" />
<Block type="RectFat" material="ice" x="6.0718109319" y="3.1359637642" rotation="90" />
<Block type="RectFat" material="ice" x="6.7018109319" y="3.1359637642" rotation="90" />
<Block type="RectFat" material="ice" x="6.3868109319" y="3.7759637642" rotation="0" />
<Block type="SquareHole" material="ice" x="6.386810931884153" y="4.4109637642" rotation="0" />
<Block type="RectTiny" material="wood" x="0.3751751619" y="2.3286545981" rotation="90" />
<Block type="RectTiny" material="wood" x="1.0051751619" y="2.3286545981" rotation="90" />
<Block type="RectTiny" material="wood" x="1.2951751619" y="2.3286545981" rotation="90" />
<Block type="RectTiny" material="wood" x="1.9251751619" y="2.3286545981" rotation="90" />
<Block type="RectTiny" material="wood" x="2.2151751619" y="2.3286545981" rotation="90" />
<Block type="RectTiny" material="wood" x="2.8451751619" y="2.3286545981" rotation="90" />
<Block type="RectFat" material="stone" x="0.6901751619" y="2.7586545981" rotation="0" />
<Block type="RectFat" material="stone" x="1.6101751619" y="2.7586545981" rotation="0" />
<Block type="RectFat" material="stone" x="2.5301751619" y="2.7586545981" rotation="0" />
<Block type="RectBig" material="stone" x="1.6101751619" y="3.0836545981" rotation="0" />
<Block type="RectSmall" material="ice" x="1.2301751619" y="3.6186545981" rotation="90" />
<Block type="RectSmall" material="stone" x="1.6101751619" y="3.6186545981" rotation="90" />
<Block type="RectSmall" material="stone" x="1.9901751619" y="3.6186545981" rotation="90" />
<Block type="RectTiny" material="ice" x="1.2301751619" y="4.2586545981" rotation="90" />
<Block type="RectTiny" material="ice" x="1.6101751619" y="4.2586545981" rotation="90" />
<Block type="RectTiny" material="ice" x="1.9901751619" y="4.2586545981" rotation="90" />
<Block type="Circle" material="stone" x="1.9901751619" y="4.8736545981" rotation="0" />
<Block type="CircleSmall" material="wood" x="6.1068109319" y="5.0559637642" rotation="0" />
<Block type="CircleSmall" material="wood" x="-1.3290563737" y="0.495" rotation="0" />
<Block type="CircleSmall" material="stone" x="4.290817475" y="-0.925" rotation="0" />
<Block type="CircleSmall" material="wood" x="6.8948738488" y="-0.475" rotation="0" />
<Block type="CircleSmall" material="wood" x="3.625817475" y="-2.215" rotation="0" />
<Block type="CircleSmall" material="wood" x="7.3748738488" y="-0.905" rotation="0" />
<Block type="CircleSmall" material="wood" x="6.6668109319" y="5.0559637642" rotation="0" />
<Block type="Circle" material="wood" x="2.960817475" y="-0.75" rotation="0" />
<Block type="CircleSmall" material="wood" x="7.8548738488" y="-0.475" rotation="0" />
<Pig type="BasicSmall" material="" x="6.3318109319" y="1.2159637642" rotation="0" />
<Pig type="BasicSmall" material="" x="7.5398738488" y="-3.275" rotation="0" />
<Pig type="BasicSmall" material="" x="-0.1690563737" y="0.495" rotation="0" />
<Pig type="BasicSmall" material="" x="1.2301751619" y="4.6986545981" rotation="0" />
<Platform type="Platform" material="" x="4.526810931884153" y="0.680963764196628" />
<Platform type="Platform" material="" x="5.146810931884152" y="0.680963764196628" />
<Platform type="Platform" material="" x="5.7668109318841525" y="0.680963764196628" />
<Platform type="Platform" material="" x="6.386810931884153" y="0.680963764196628" />
<Platform type="Platform" material="" x="7.006810931884153" y="0.680963764196628" />
<Platform type="Platform" material="" x="7.626810931884153" y="0.680963764196628" />
<Platform type="Platform" material="" x="8.246810931884152" y="0.680963764196628" />
<Platform type="Platform" material="" x="0.3701751619271101" y="1.8036545981377023" />
<Platform type="Platform" material="" x="0.9901751619271101" y="1.8036545981377023" />
<Platform type="Platform" material="" x="1.61017516192711" y="1.8036545981377023" />
<Platform type="Platform" material="" x="2.23017516192711" y="1.8036545981377023" />
<Platform type="Platform" material="" x="2.85017516192711" y="1.8036545981377023" />
<Platform type="Platform" material="" x="-0.7490563737092577" y="-3.81" />
<Platform type="Platform" material="" x="-0.7490563737092577" y="-4.43" />
<Platform type="Platform" material="" x="-0.7490563737092577" y="-5.05" />
<Platform type="Platform" material="" x="-0.1290563737092577" y="-3.81" />
<Platform type="Platform" material="" x="-1.3690563737092578" y="-3.81" />
<Platform type="Platform" material="" x="-0.1290563737092577" y="-4.43" />
<Platform type="Platform" material="" x="-1.3690563737092578" y="-4.43" />
<Platform type="Platform" material="" x="-0.1290563737092577" y="-5.05" />
<Platform type="Platform" material="" x="-1.3690563737092578" y="-5.05" />
<Platform type="Platform" material="" x="0.0009436262907423498" y="-3.81" />
<Platform type="Platform" material="" x="-1.499056373709258" y="-3.81" />
<Platform type="Platform" material="" x="0.0009436262907423498" y="-4.43" />
<Platform type="Platform" material="" x="-1.499056373709258" y="-4.43" />
<Platform type="Platform" material="" x="0.0009436262907423498" y="-5.05" />
<Platform type="Platform" material="" x="-1.499056373709258" y="-5.05" />
<Platform type="Platform" material="" x="3.6258174750440944" y="-3.81" />
<Platform type="Platform" material="" x="3.6258174750440944" y="-4.43" />
<Platform type="Platform" material="" x="3.6258174750440944" y="-5.05" />
<Platform type="Platform" material="" x="4.2458174750440945" y="-3.81" />
<Platform type="Platform" material="" x="3.0058174750440942" y="-3.81" />
<Platform type="Platform" material="" x="4.2458174750440945" y="-4.43" />
<Platform type="Platform" material="" x="3.0058174750440942" y="-4.43" />
<Platform type="Platform" material="" x="4.2458174750440945" y="-5.05" />
<Platform type="Platform" material="" x="3.0058174750440942" y="-5.05" />
<Platform type="Platform" material="" x="4.618317475044095" y="-3.81" />
<Platform type="Platform" material="" x="2.6333174750440937" y="-3.81" />
<Platform type="Platform" material="" x="4.618317475044095" y="-4.43" />
<Platform type="Platform" material="" x="2.6333174750440937" y="-4.43" />
<Platform type="Platform" material="" x="4.618317475044095" y="-5.05" />
<Platform type="Platform" material="" x="2.6333174750440937" y="-5.05" />
<Platform type="Platform" material="" x="7.374873848753352" y="-3.81" />
<Platform type="Platform" material="" x="7.374873848753352" y="-4.43" />
<Platform type="Platform" material="" x="7.374873848753352" y="-5.05" />
<Platform type="Platform" material="" x="7.994873848753352" y="-3.81" />
<Platform type="Platform" material="" x="6.754873848753352" y="-3.81" />
<Platform type="Platform" material="" x="7.994873848753352" y="-4.43" />
<Platform type="Platform" material="" x="6.754873848753352" y="-4.43" />
<Platform type="Platform" material="" x="7.994873848753352" y="-5.05" />
<Platform type="Platform" material="" x="6.754873848753352" y="-5.05" />
<Platform type="Platform" material="" x="8.324873848753352" y="-3.81" />
<Platform type="Platform" material="" x="6.424873848753351" y="-3.81" />
<Platform type="Platform" material="" x="8.324873848753352" y="-4.43" />
<Platform type="Platform" material="" x="6.424873848753351" y="-4.43" />
<Platform type="Platform" material="" x="8.324873848753352" y="-5.05" />
<Platform type="Platform" material="" x="6.424873848753351" y="-5.05" />
<Platform type="Platform" material="" x="1.317130550667418" y="-3.81" rotation="0.0" scaleX="3.2457642721828246" />
<Platform type="Platform" material="" x="1.317130550667418" y="-4.43" rotation="0.0" scaleX="3.2457642721828246" />
<Platform type="Platform" material="" x="5.521595661898723" y="-3.81" rotation="0.0" scaleX="1.913800602756866" />
<Platform type="Platform" material="" x="5.521595661898723" y="-4.43" rotation="0.0" scaleX="1.913800602756866" />
</GameObjects>
</Level>
