<?xml version="1.0" encoding="utf-16"?>
<Level width ="2">
<Camera x="0" y="2" minWidth="20" maxWidth="30">
<Score highScore ="63060">
<Birds>
<Bird type="BirdYellow"/>
<Bird type="BirdBlue"/>
<Bird type="BirdRed"/>
<Bird type="BirdWhite"/>
</Birds>
<Slingshot x="-8" y="-2.5">
<GameObjects>
<Block type="RectMedium" material="wood" x="-1.7098781647" y="-2.62031854664038" rotation="90" />
<Block type="RectMedium" material="wood" x="-1.3048781647" y="-2.62031854664038" rotation="90" />
<Block type="RectMedium" material="ice" x="-0.2748781647" y="-2.62031854664038" rotation="90" />
<Block type="RectMedium" material="ice" x="0.1301218353" y="-2.62031854664038" rotation="90" />
<Block type="RectBig" material="wood" x="-1.7098781647" y="-0.7503185466403803" rotation="90" />
<Block type="RectBig" material="wood" x="-1.3048781647" y="-0.7503185466403803" rotation="90" />
<Block type="RectBig" material="ice" x="-0.2748781647" y="-0.7503185466403803" rotation="90" />
<Block type="RectBig" material="wood" x="0.1301218353" y="-0.7503185466403803" rotation="90" />
<Block type="RectBig" material="ice" x="-0.7898781647167881" y="0.3896814533596197" rotation="0" />
<Block type="SquareHole" material="ice" x="1.8545433148" y="-3.0629814785726825" rotation="0" />
<Block type="SquareHole" material="ice" x="2.8995433148" y="-3.0629814785726825" rotation="0" />
<Block type="SquareHole" material="wood" x="3.9445433148" y="-3.0629814785726825" rotation="0" />
<Block type="SquareHole" material="wood" x="1.8545433148" y="-2.2229814785726827" rotation="0" />
<Block type="SquareHole" material="wood" x="2.8995433148" y="-2.2229814785726827" rotation="0" />
<Block type="SquareHole" material="wood" x="3.9445433148" y="-2.2229814785726827" rotation="0" />
<Block type="RectSmall" material="stone" x="2.1695433148" y="-1.6929814785726824" rotation="0" />
<Block type="RectSmall" material="stone" x="3.6295433148" y="-1.6929814785726824" rotation="0" />
<Block type="RectTiny" material="wood" x="2.1695433148" y="-1.3679814785726827" rotation="90" />
<Block type="RectTiny" material="stone" x="2.4795433148" y="-1.3679814785726827" rotation="90" />
<Block type="RectTiny" material="stone" x="3.3195433148" y="-1.3679814785726827" rotation="90" />
<Block type="RectTiny" material="stone" x="3.6295433148" y="-1.3679814785726827" rotation="90" />
<Block type="SquareTiny" material="ice" x="2.1695433148" y="-1.0429814785726825" rotation="0" />
<Block type="SquareTiny" material="wood" x="2.4795433148" y="-1.0429814785726825" rotation="0" />
<Block type="SquareTiny" material="wood" x="3.3195433148" y="-1.0429814785726825" rotation="0" />
<Block type="SquareTiny" material="wood" x="3.6295433148" y="-1.0429814785726825" rotation="0" />
<Block type="RectMedium" material="wood" x="2.8995433148" y="-0.8229814785726826" rotation="0" />
<Block type="SquareSmall" material="ice" x="2.8995433148007135" y="-0.4979814785726826" rotation="0" />
<Block type="RectMedium" material="wood" x="4.6394214795" y="-2.66" rotation="90" />
<Block type="RectMedium" material="wood" x="5.5594214795" y="-2.66" rotation="90" />
<Block type="RectMedium" material="wood" x="6.4794214795" y="-2.66" rotation="90" />
<Block type="RectMedium" material="wood" x="6.8994214795" y="-2.66" rotation="90" />
<Block type="RectMedium" material="ice" x="7.8194214795" y="-2.66" rotation="90" />
<Block type="RectMedium" material="ice" x="8.7394214795" y="-2.66" rotation="90" />
<Block type="RectTiny" material="ice" x="4.6394214795" y="-1.605" rotation="90" />
<Block type="RectTiny" material="ice" x="5.5594214795" y="-1.605" rotation="90" />
<Block type="RectTiny" material="ice" x="6.4794214795" y="-1.605" rotation="90" />
<Block type="RectTiny" material="wood" x="6.8994214795" y="-1.605" rotation="90" />
<Block type="RectTiny" material="wood" x="7.8194214795" y="-1.605" rotation="90" />
<Block type="RectTiny" material="ice" x="8.7394214795" y="-1.605" rotation="90" />
<Block type="RectBig" material="wood" x="5.5594214795" y="-1.28" rotation="0" />
<Block type="RectBig" material="wood" x="7.8194214795" y="-1.28" rotation="0" />
<Block type="RectMedium" material="ice" x="5.5594214795" y="-1.06" rotation="0" />
<Block type="RectMedium" material="wood" x="7.8194214795" y="-1.06" rotation="0" />
<Block type="SquareHole" material="stone" x="5.7694214795" y="-0.53" rotation="0" />
<Block type="SquareHole" material="stone" x="6.6894214795" y="-0.53" rotation="0" />
<Block type="SquareHole" material="stone" x="7.6094214795" y="-0.53" rotation="0" />
<Block type="RectBig" material="stone" x="6.6894214795" y="0.0" rotation="0" />
<Block type="RectTiny" material="ice" x="5.8494214795" y="0.22" rotation="0" />
<Block type="RectTiny" material="stone" x="6.6894214795" y="0.22" rotation="0" />
<Block type="RectTiny" material="wood" x="7.5294214795" y="0.22" rotation="0" />
<Block type="RectFat" material="wood" x="2.8972155513" y="2.4361666212" rotation="0" />
<Block type="RectFat" material="wood" x="3.8172155513" y="2.4361666212" rotation="0" />
<Block type="RectFat" material="stone" x="4.7372155513" y="2.4361666212" rotation="0" />
<Block type="RectBig" material="wood" x="3.8172155513" y="2.7611666212" rotation="0" />
<Block type="RectTiny" material="wood" x="3.0972155513" y="2.9811666212" rotation="0" />
<Block type="RectTiny" material="wood" x="3.8172155513" y="2.9811666212" rotation="0" />
<Block type="RectTiny" material="wood" x="4.5372155513" y="2.9811666212" rotation="0" />
<Block type="CircleSmall" material="ice" x="4.5372155513" y="3.3161666212" rotation="0" />
<Block type="CircleSmall" material="ice" x="5.8494214795" y="0.555" rotation="0" />
<Block type="CircleSmall" material="stone" x="4.9994214795" y="-0.725" rotation="0" />
<Block type="TriangleHole" material="stone" x="3.0972155513" y="3.5011666212" rotation="0" />
<Block type="TriangleHole" material="wood" x="-0.1032114981" y="0.9096814534" rotation="0" />
<Block type="CircleSmall" material="wood" x="8.3794214795" y="-0.725" rotation="0" />
<Block type="Circle" material="wood" x="2.8995433148" y="0.1170185214" rotation="0" />
<Block type="CircleSmall" material="wood" x="6.6894214795" y="0.555" rotation="0" />
<Block type="TriangleHole" material="wood" x="-1.4765448314" y="0.9096814534" rotation="0" />
<Block type="CircleSmall" material="stone" x="-0.7898781647" y="0.7246814534" rotation="0" />
<Block type="CircleSmall" material="wood" x="3.8172155513" y="3.3161666212" rotation="0" />
<Block type="TriangleHole" material="stone" x="7.5294214795" y="0.74" rotation="0" />
<Pig type="BasicSmall" material="" x="5.9194214795" y="-3.275" rotation="0" />
<Pig type="BasicSmall" material="" x="2.8995433148" y="-1.5779814785726827" rotation="0" />
<Pig type="BasicSmall" material="" x="7.4594214795" y="-3.275" rotation="0" />
<Pig type="BasicSmall" material="" x="-0.9398781647" y="-3.2353185466403804" rotation="0" />
<TNT type="" x="4.9994214795" y="-3.275" rotation="0" />
<Platform type="Platform" material="" x="2.5772155513060877" y="1.9111666211929008" />
<Platform type="Platform" material="" x="3.197215551306088" y="1.9111666211929008" />
<Platform type="Platform" material="" x="3.817215551306088" y="1.9111666211929008" />
<Platform type="Platform" material="" x="4.437215551306088" y="1.9111666211929008" />
<Platform type="Platform" material="" x="5.057215551306088" y="1.9111666211929008" />
<Platform type="Platform" material="" x="-0.7898781647167881" y="-3.77031854664038" />
<Platform type="Platform" material="" x="-0.7898781647167881" y="-4.39031854664038" />
<Platform type="Platform" material="" x="-0.7898781647167881" y="-5.010318546640381" />
<Platform type="Platform" material="" x="-0.16987816471678807" y="-3.77031854664038" />
<Platform type="Platform" material="" x="-1.4098781647167882" y="-3.77031854664038" />
<Platform type="Platform" material="" x="-0.16987816471678807" y="-4.39031854664038" />
<Platform type="Platform" material="" x="-1.4098781647167882" y="-4.39031854664038" />
<Platform type="Platform" material="" x="-0.16987816471678807" y="-5.010318546640381" />
<Platform type="Platform" material="" x="-1.4098781647167882" y="-5.010318546640381" />
<Platform type="Platform" material="" x="-0.06987816471678804" y="-3.77031854664038" />
<Platform type="Platform" material="" x="-1.5098781647167883" y="-3.77031854664038" />
<Platform type="Platform" material="" x="-0.06987816471678804" y="-4.39031854664038" />
<Platform type="Platform" material="" x="-1.5098781647167883" y="-4.39031854664038" />
<Platform type="Platform" material="" x="-0.06987816471678804" y="-5.010318546640381" />
<Platform type="Platform" material="" x="-1.5098781647167883" y="-5.010318546640381" />
<Platform type="Platform" material="" x="2.8995433148007135" y="-3.7929814785726825" />
<Platform type="Platform" material="" x="2.8995433148007135" y="-4.412981478572682" />
<Platform type="Platform" material="" x="2.8995433148007135" y="-5.032981478572683" />
<Platform type="Platform" material="" x="3.5195433148007136" y="-3.7929814785726825" />
<Platform type="Platform" material="" x="2.2795433148007134" y="-3.7929814785726825" />
<Platform type="Platform" material="" x="3.5195433148007136" y="-4.412981478572682" />
<Platform type="Platform" material="" x="2.2795433148007134" y="-4.412981478572682" />
<Platform type="Platform" material="" x="3.5195433148007136" y="-5.032981478572683" />
<Platform type="Platform" material="" x="2.2795433148007134" y="-5.032981478572683" />
<Platform type="Platform" material="" x="4.054543314800714" y="-3.7929814785726825" />
<Platform type="Platform" material="" x="1.7445433148007123" y="-3.7929814785726825" />
<Platform type="Platform" material="" x="4.054543314800714" y="-4.412981478572682" />
<Platform type="Platform" material="" x="1.7445433148007123" y="-4.412981478572682" />
<Platform type="Platform" material="" x="4.054543314800714" y="-5.032981478572683" />
<Platform type="Platform" material="" x="1.7445433148007123" y="-5.032981478572683" />
<Platform type="Platform" material="" x="6.6894214795175015" y="-3.81" />
<Platform type="Platform" material="" x="6.6894214795175015" y="-4.43" />
<Platform type="Platform" material="" x="6.6894214795175015" y="-5.05" />
<Platform type="Platform" material="" x="7.309421479517502" y="-3.81" />
<Platform type="Platform" material="" x="6.069421479517501" y="-3.81" />
<Platform type="Platform" material="" x="7.309421479517502" y="-4.43" />
<Platform type="Platform" material="" x="6.069421479517501" y="-4.43" />
<Platform type="Platform" material="" x="7.309421479517502" y="-5.05" />
<Platform type="Platform" material="" x="6.069421479517501" y="-5.05" />
<Platform type="Platform" material="" x="7.929421479517502" y="-3.81" />
<Platform type="Platform" material="" x="5.449421479517501" y="-3.81" />
<Platform type="Platform" material="" x="7.929421479517502" y="-4.43" />
<Platform type="Platform" material="" x="5.449421479517501" y="-4.43" />
<Platform type="Platform" material="" x="7.929421479517502" y="-5.05" />
<Platform type="Platform" material="" x="5.449421479517501" y="-5.05" />
<Platform type="Platform" material="" x="8.539421479517502" y="-3.81" />
<Platform type="Platform" material="" x="4.839421479517501" y="-3.81" />
<Platform type="Platform" material="" x="8.539421479517502" y="-4.43" />
<Platform type="Platform" material="" x="4.839421479517501" y="-4.43" />
<Platform type="Platform" material="" x="8.539421479517502" y="-5.05" />
<Platform type="Platform" material="" x="4.839421479517501" y="-5.05" />
<Platform type="Platform" material="" x="0.8314516990471247" y="-3.7816500126065313" rotation="-1.0869986708973511" scaleX="1.926833005167729" />
<Platform type="Platform" material="" x="0.8314516990471247" y="-4.401650012606531" rotation="-1.0869986708973511" scaleX="1.926833005167729" />
<Platform type="Platform" material="" x="0.8373325750419621" y="-3.7929814785726825" rotation="0.0" scaleX="1.926833005167729" />
<Platform type="Platform" material="" x="0.8373325750419621" y="-4.412981478572682" rotation="0.0" scaleX="1.926833005167729" />
<Platform type="Platform" material="" x="0.8373325750419621" y="-5.032981478572682" rotation="0.0" scaleX="1.926833005167729" />
<Platform type="Platform" material="" x="4.415153682501872" y="-3.8014907392863413" rotation="-5.893130345878165" scaleX="0.26734540823578035" />
<Platform type="Platform" material="" x="4.415153682501872" y="-4.421490739286341" rotation="-5.893130345878165" scaleX="0.26734540823578035" />
<Platform type="Platform" material="" x="4.446982397159108" y="-3.81" rotation="0.0" scaleX="0.26734540823578035" />
<Platform type="Platform" material="" x="4.446982397159108" y="-4.43" rotation="0.0" scaleX="0.26734540823578035" />
<Platform type="Platform" material="" x="4.446982397159108" y="-5.05" rotation="0.0" scaleX="0.26734540823578035" />
</GameObjects>
</Level>
