<?xml version="1.0" encoding="utf-16"?>
<Level width ="2">
<Camera x="0" y="2" minWidth="20" maxWidth="30">
<Score highScore ="37900">
<Birds>
<Bird type="BirdRed"/>
<Bird type="BirdYellow"/>
<Bird type="BirdBlack"/>
</Birds>
<Slingshot x="-8" y="-2.5">
<GameObjects>
<Block type="SquareSmall" material="wood" x="-2.5835421194" y="-3.285" rotation="0" />
<Block type="SquareSmall" material="ice" x="-1.6635421194" y="-3.285" rotation="0" />
<Block type="SquareSmall" material="wood" x="-0.7435421194" y="-3.285" rotation="0" />
<Block type="SquareTiny" material="wood" x="-2.5835421194" y="-2.96" rotation="0" />
<Block type="SquareTiny" material="wood" x="-1.6635421194" y="-2.96" rotation="0" />
<Block type="RectTiny" material="wood" x="-0.7435421194" y="-2.96" rotation="0" />
<Block type="RectBig" material="stone" x="-1.6635421194" y="-2.74" rotation="0" />
<Block type="SquareSmall" material="ice" x="-2.4935421194" y="-2.415" rotation="0" />
<Block type="RectFat" material="ice" x="-1.6635421194" y="-2.415" rotation="0" />
<Block type="SquareSmall" material="wood" x="-0.8335421194" y="-2.415" rotation="0" />
<Block type="RectTiny" material="stone" x="-2.4935421194" y="-1.985" rotation="90" />
<Block type="SquareSmall" material="stone" x="-1.6635421194" y="-1.985" rotation="0" />
<Block type="SquareSmall" material="wood" x="-0.8335421194" y="-1.985" rotation="0" />
<Block type="RectTiny" material="stone" x="1.1477130238" y="-3.39" rotation="0" />
<Block type="RectTiny" material="ice" x="1.7677130238" y="-3.39" rotation="0" />
<Block type="RectTiny" material="ice" x="2.3077130238" y="-3.39" rotation="0" />
<Block type="RectTiny" material="wood" x="2.9277130238" y="-3.39" rotation="0" />
<Block type="RectTiny" material="stone" x="3.4677130238" y="-3.39" rotation="0" />
<Block type="RectTiny" material="stone" x="4.0877130238" y="-3.39" rotation="0" />
<Block type="RectTiny" material="stone" x="1.1477130238" y="-3.17" rotation="0" />
<Block type="RectTiny" material="ice" x="1.7677130238" y="-3.17" rotation="0" />
<Block type="RectTiny" material="wood" x="2.3077130238" y="-3.17" rotation="0" />
<Block type="RectTiny" material="wood" x="2.9277130238" y="-3.17" rotation="0" />
<Block type="RectTiny" material="stone" x="3.4677130238" y="-3.17" rotation="0" />
<Block type="RectTiny" material="stone" x="4.0877130238" y="-3.17" rotation="0" />
<Block type="RectTiny" material="wood" x="1.1477130238" y="-2.95" rotation="0" />
<Block type="RectTiny" material="wood" x="1.7677130238" y="-2.95" rotation="0" />
<Block type="RectTiny" material="wood" x="2.3077130238" y="-2.95" rotation="0" />
<Block type="RectTiny" material="wood" x="2.9277130238" y="-2.95" rotation="0" />
<Block type="RectTiny" material="stone" x="3.4677130238" y="-2.95" rotation="0" />
<Block type="RectTiny" material="stone" x="4.0877130238" y="-2.95" rotation="0" />
<Block type="SquareTiny" material="wood" x="1.1477130238" y="-2.73" rotation="0" />
<Block type="SquareTiny" material="wood" x="1.7677130238" y="-2.73" rotation="0" />
<Block type="RectTiny" material="ice" x="2.3077130238" y="-2.73" rotation="0" />
<Block type="SquareTiny" material="stone" x="2.9277130238" y="-2.73" rotation="0" />
<Block type="SquareTiny" material="stone" x="3.4677130238" y="-2.73" rotation="0" />
<Block type="RectTiny" material="wood" x="4.0877130238" y="-2.73" rotation="0" />
<Block type="SquareHole" material="stone" x="1.4577130238" y="-2.2" rotation="0" />
<Block type="SquareHole" material="wood" x="2.6177130238" y="-2.2" rotation="0" />
<Block type="SquareHole" material="wood" x="3.7777130238" y="-2.2" rotation="0" />
<Block type="RectSmall" material="stone" x="1.1477130238" y="-1.355" rotation="90" />
<Block type="RectSmall" material="stone" x="1.4577130238" y="-1.355" rotation="90" />
<Block type="RectSmall" material="stone" x="1.7677130238" y="-1.355" rotation="90" />
<Block type="RectSmall" material="stone" x="2.3077130238" y="-1.355" rotation="90" />
<Block type="RectSmall" material="wood" x="2.6177130238" y="-1.355" rotation="90" />
<Block type="RectSmall" material="wood" x="2.9277130238" y="-1.355" rotation="90" />
<Block type="RectSmall" material="wood" x="3.4677130238" y="-1.355" rotation="90" />
<Block type="RectSmall" material="wood" x="3.7777130238" y="-1.355" rotation="90" />
<Block type="RectSmall" material="wood" x="4.0877130238" y="-1.355" rotation="90" />
<Block type="SquareTiny" material="stone" x="1.1477130238" y="-0.82" rotation="0" />
<Block type="SquareTiny" material="stone" x="1.4577130238" y="-0.82" rotation="0" />
<Block type="SquareTiny" material="wood" x="1.7677130238" y="-0.82" rotation="0" />
<Block type="SquareTiny" material="wood" x="2.3077130238" y="-0.82" rotation="0" />
<Block type="SquareTiny" material="wood" x="2.6177130238" y="-0.82" rotation="0" />
<Block type="SquareTiny" material="wood" x="2.9277130238" y="-0.82" rotation="0" />
<Block type="SquareTiny" material="wood" x="3.4677130238" y="-0.82" rotation="0" />
<Block type="SquareTiny" material="stone" x="3.7777130238" y="-0.82" rotation="0" />
<Block type="SquareTiny" material="wood" x="4.0877130238" y="-0.82" rotation="0" />
<Block type="SquareHole" material="wood" x="1.4577130238" y="-0.29" rotation="0" />
<Block type="SquareHole" material="wood" x="2.6177130238" y="-0.29" rotation="0" />
<Block type="SquareHole" material="wood" x="3.7777130238" y="-0.29" rotation="0" />
<Block type="RectFat" material="ice" x="6.0312551432" y="-2.7426875848095964" rotation="90" />
<Block type="RectFat" material="ice" x="6.4762551432" y="-2.7426875848095964" rotation="90" />
<Block type="RectFat" material="ice" x="6.9212551432" y="-2.7426875848095964" rotation="90" />
<Block type="RectFat" material="ice" x="7.6412551432" y="-2.7426875848095964" rotation="90" />
<Block type="RectFat" material="ice" x="8.0862551432" y="-2.7426875848095964" rotation="90" />
<Block type="RectFat" material="ice" x="8.5312551432" y="-2.7426875848095964" rotation="90" />
<Block type="SquareSmall" material="ice" x="6.0312551432" y="-2.1026875848095963" rotation="0" />
<Block type="SquareSmall" material="stone" x="6.4762551432" y="-2.1026875848095963" rotation="0" />
<Block type="SquareSmall" material="stone" x="6.9212551432" y="-2.1026875848095963" rotation="0" />
<Block type="SquareSmall" material="ice" x="7.6412551432" y="-2.1026875848095963" rotation="0" />
<Block type="SquareSmall" material="ice" x="8.0862551432" y="-2.1026875848095963" rotation="0" />
<Block type="SquareSmall" material="stone" x="8.5312551432" y="-2.1026875848095963" rotation="0" />
<Block type="RectFat" material="ice" x="6.0312551432" y="-1.4626875848095962" rotation="90" />
<Block type="RectFat" material="wood" x="6.4762551432" y="-1.4626875848095962" rotation="90" />
<Block type="RectFat" material="wood" x="6.9212551432" y="-1.4626875848095962" rotation="90" />
<Block type="RectFat" material="ice" x="7.6412551432" y="-1.4626875848095962" rotation="90" />
<Block type="RectFat" material="ice" x="8.0862551432" y="-1.4626875848095962" rotation="90" />
<Block type="RectFat" material="wood" x="8.5312551432" y="-1.4626875848095962" rotation="90" />
<Block type="RectTiny" material="ice" x="6.0312551432" y="-0.9276875848095962" rotation="0" />
<Block type="RectTiny" material="stone" x="6.4762551432" y="-0.9276875848095962" rotation="0" />
<Block type="RectTiny" material="ice" x="6.9212551432" y="-0.9276875848095962" rotation="0" />
<Block type="RectTiny" material="wood" x="7.6412551432" y="-0.9276875848095962" rotation="0" />
<Block type="RectTiny" material="wood" x="8.0862551432" y="-0.9276875848095962" rotation="0" />
<Block type="RectTiny" material="wood" x="8.5312551432" y="-0.9276875848095962" rotation="0" />
<Block type="RectTiny" material="wood" x="6.0312551432" y="-0.7076875848095963" rotation="0" />
<Block type="RectTiny" material="stone" x="6.4762551432" y="-0.7076875848095963" rotation="0" />
<Block type="RectTiny" material="wood" x="6.9212551432" y="-0.7076875848095963" rotation="0" />
<Block type="RectTiny" material="wood" x="7.6412551432" y="-0.7076875848095963" rotation="0" />
<Block type="RectTiny" material="wood" x="8.0862551432" y="-0.7076875848095963" rotation="0" />
<Block type="RectTiny" material="wood" x="8.5312551432" y="-0.7076875848095963" rotation="0" />
<Block type="SquareTiny" material="wood" x="6.0312551432" y="-0.4876875848095962" rotation="0" />
<Block type="RectTiny" material="stone" x="6.4762551432" y="-0.4876875848095962" rotation="0" />
<Block type="SquareTiny" material="wood" x="6.9212551432" y="-0.4876875848095962" rotation="0" />
<Block type="RectTiny" material="wood" x="7.6412551432" y="-0.4876875848095962" rotation="0" />
<Block type="RectTiny" material="wood" x="8.0862551432" y="-0.4876875848095962" rotation="0" />
<Block type="SquareTiny" material="wood" x="8.5312551432" y="-0.4876875848095962" rotation="0" />
<Block type="SquareSmall" material="wood" x="6.1362551432" y="-0.16268758480959622" rotation="0" />
<Block type="SquareSmall" material="wood" x="6.8162551432" y="-0.16268758480959622" rotation="0" />
<Block type="SquareSmall" material="wood" x="7.7462551432" y="-0.16268758480959622" rotation="0" />
<Block type="SquareSmall" material="wood" x="8.4262551432" y="-0.16268758480959622" rotation="0" />
<Block type="SquareSmall" material="wood" x="6.1362551432" y="0.2673124151904038" rotation="0" />
<Block type="SquareSmall" material="wood" x="6.8162551432" y="0.2673124151904038" rotation="0" />
<Block type="SquareSmall" material="wood" x="7.7462551432" y="0.2673124151904038" rotation="0" />
<Block type="SquareSmall" material="wood" x="8.4262551432" y="0.2673124151904038" rotation="0" />
<Block type="SquareTiny" material="wood" x="6.1362551432" y="0.5923124151904038" rotation="0" />
<Block type="SquareTiny" material="wood" x="6.8162551432" y="0.5923124151904038" rotation="0" />
<Block type="SquareTiny" material="wood" x="7.7462551432" y="0.5923124151904038" rotation="0" />
<Block type="RectTiny" material="wood" x="8.4262551432" y="0.5923124151904038" rotation="0" />
<Block type="SquareHole" material="stone" x="0.1811579762" y="2.9770994323" rotation="0" />
<Block type="SquareHole" material="ice" x="1.7611579762" y="2.9770994323" rotation="0" />
<Block type="SquareTiny" material="stone" x="-0.1338420238" y="3.5070994323" rotation="0" />
<Block type="SquareTiny" material="ice" x="0.1811579762" y="3.5070994323" rotation="0" />
<Block type="SquareTiny" material="ice" x="0.4961579762" y="3.5070994323" rotation="0" />
<Block type="SquareTiny" material="stone" x="1.4461579762" y="3.5070994323" rotation="0" />
<Block type="SquareTiny" material="ice" x="1.7611579762" y="3.5070994323" rotation="0" />
<Block type="SquareTiny" material="ice" x="2.0761579762" y="3.5070994323" rotation="0" />
<Block type="RectFat" material="wood" x="0.1811579762" y="3.8320994323" rotation="0" />
<Block type="RectFat" material="ice" x="1.7611579762" y="3.8320994323" rotation="0" />
<Block type="RectTiny" material="wood" x="0.2861579762" y="4.1570994323" rotation="0" />
<Block type="RectTiny" material="ice" x="1.6561579762" y="4.1570994323" rotation="0" />
<Block type="RectTiny" material="stone" x="0.2861579762" y="4.3770994323" rotation="0" />
<Block type="SquareTiny" material="ice" x="1.6561579762" y="4.3770994323" rotation="0" />
<Block type="SquareSmall" material="stone" x="3.3137326421" y="2.5980436318" rotation="0" />
<Block type="SquareSmall" material="stone" x="4.1937326421" y="2.5980436318" rotation="0" />
<Block type="SquareSmall" material="stone" x="5.0737326421" y="2.5980436318" rotation="0" />
<Block type="SquareHole" material="stone" x="3.6237326421" y="3.2330436318" rotation="0" />
<Block type="SquareHole" material="stone" x="4.7637326421" y="3.2330436318" rotation="0" />
<Block type="CircleSmall" material="wood" x="3.7777130238" y="0.355" rotation="0" />
<Block type="CircleSmall" material="stone" x="1.4577130238" y="0.355" rotation="0" />
<Block type="TriangleHole" material="stone" x="0.2861579762" y="4.8970994323" rotation="0" />
<Block type="Circle" material="stone" x="-1.6635421194" y="-1.37" rotation="0" />
<Block type="Circle" material="wood" x="-2.4935421194" y="-1.37" rotation="0" />
<Block type="TriangleHole" material="stone" x="5.0437326421" y="4.0630436318" rotation="0" />
<Block type="CircleSmall" material="wood" x="7.7462551432" y="0.9273124152" rotation="0" />
<Block type="CircleSmall" material="ice" x="3.6237326421" y="3.8780436318" rotation="0" />
<Block type="Circle" material="wood" x="1.6561579762" y="4.8870994323" rotation="0" />
<Block type="CircleSmall" material="stone" x="6.8162551432" y="0.9273124152" rotation="0" />
<Block type="CircleSmall" material="wood" x="8.4262551432" y="0.9273124152" rotation="0" />
<Block type="Triangle" material="ice" x="2.3377130238" y="0.54" rotation="0.0" />
<Pig type="BasicSmall" material="" x="-0.8335421194" y="-1.545" rotation="0" />
<Pig type="BasicSmall" material="" x="6.1362551432" y="0.9273124151904037" rotation="0" />
<TNT type="" x="0.8511579762" y="2.7820994323" rotation="0" />
<Platform type="Platform" material="" x="0.04115797624531847" y="2.247099432271396" />
<Platform type="Platform" material="" x="0.6611579762453184" y="2.247099432271396" />
<Platform type="Platform" material="" x="1.2811579762453185" y="2.247099432271396" />
<Platform type="Platform" material="" x="1.9011579762453183" y="2.247099432271396" />
<Platform type="Platform" material="" x="3.2637326421167723" y="2.0730436317839276" />
<Platform type="Platform" material="" x="3.883732642116772" y="2.0730436317839276" />
<Platform type="Platform" material="" x="4.503732642116772" y="2.0730436317839276" />
<Platform type="Platform" material="" x="5.123732642116772" y="2.0730436317839276" />
<Platform type="Platform" material="" x="-1.663542119373854" y="-3.81" />
<Platform type="Platform" material="" x="-1.663542119373854" y="-4.43" />
<Platform type="Platform" material="" x="-1.663542119373854" y="-5.05" />
<Platform type="Platform" material="" x="-1.0435421193738539" y="-3.81" />
<Platform type="Platform" material="" x="-2.283542119373854" y="-3.81" />
<Platform type="Platform" material="" x="-1.0435421193738539" y="-4.43" />
<Platform type="Platform" material="" x="-2.283542119373854" y="-4.43" />
<Platform type="Platform" material="" x="-1.0435421193738539" y="-5.05" />
<Platform type="Platform" material="" x="-2.283542119373854" y="-5.05" />
<Platform type="Platform" material="" x="-0.838542119373854" y="-3.81" />
<Platform type="Platform" material="" x="-2.4885421193738537" y="-3.81" />
<Platform type="Platform" material="" x="-0.838542119373854" y="-4.43" />
<Platform type="Platform" material="" x="-2.4885421193738537" y="-4.43" />
<Platform type="Platform" material="" x="-0.838542119373854" y="-5.05" />
<Platform type="Platform" material="" x="-2.4885421193738537" y="-5.05" />
<Platform type="Platform" material="" x="2.6177130237852047" y="-3.81" />
<Platform type="Platform" material="" x="2.6177130237852047" y="-4.43" />
<Platform type="Platform" material="" x="2.6177130237852047" y="-5.05" />
<Platform type="Platform" material="" x="3.2377130237852048" y="-3.81" />
<Platform type="Platform" material="" x="1.9977130237852045" y="-3.81" />
<Platform type="Platform" material="" x="3.2377130237852048" y="-4.43" />
<Platform type="Platform" material="" x="1.9977130237852045" y="-4.43" />
<Platform type="Platform" material="" x="3.2377130237852048" y="-5.05" />
<Platform type="Platform" material="" x="1.9977130237852045" y="-5.05" />
<Platform type="Platform" material="" x="3.857713023785205" y="-3.81" />
<Platform type="Platform" material="" x="1.3777130237852044" y="-3.81" />
<Platform type="Platform" material="" x="3.857713023785205" y="-4.43" />
<Platform type="Platform" material="" x="1.3777130237852044" y="-4.43" />
<Platform type="Platform" material="" x="3.857713023785205" y="-5.05" />
<Platform type="Platform" material="" x="1.3777130237852044" y="-5.05" />
<Platform type="Platform" material="" x="3.9927130237852047" y="-3.81" />
<Platform type="Platform" material="" x="1.2427130237852042" y="-3.81" />
<Platform type="Platform" material="" x="3.9927130237852047" y="-4.43" />
<Platform type="Platform" material="" x="1.2427130237852042" y="-4.43" />
<Platform type="Platform" material="" x="3.9927130237852047" y="-5.05" />
<Platform type="Platform" material="" x="1.2427130237852042" y="-5.05" />
<Platform type="Platform" material="" x="7.281255143159059" y="-3.4776875848095963" />
<Platform type="Platform" material="" x="7.281255143159059" y="-4.097687584809596" />
<Platform type="Platform" material="" x="7.281255143159059" y="-4.717687584809596" />
<Platform type="Platform" material="" x="7.901255143159059" y="-3.4776875848095963" />
<Platform type="Platform" material="" x="6.6612551431590585" y="-3.4776875848095963" />
<Platform type="Platform" material="" x="7.901255143159059" y="-4.097687584809596" />
<Platform type="Platform" material="" x="6.6612551431590585" y="-4.097687584809596" />
<Platform type="Platform" material="" x="7.901255143159059" y="-4.717687584809596" />
<Platform type="Platform" material="" x="6.6612551431590585" y="-4.717687584809596" />
<Platform type="Platform" material="" x="8.436255143159059" y="-3.4776875848095963" />
<Platform type="Platform" material="" x="6.1262551431590575" y="-3.4776875848095963" />
<Platform type="Platform" material="" x="8.436255143159059" y="-4.097687584809596" />
<Platform type="Platform" material="" x="6.1262551431590575" y="-4.097687584809596" />
<Platform type="Platform" material="" x="8.436255143159059" y="-4.717687584809596" />
<Platform type="Platform" material="" x="6.1262551431590575" y="-4.717687584809596" />
<Platform type="Platform" material="" x="0.2020854522056751" y="-3.81" rotation="0.0" scaleX="2.3568631341275132" />
<Platform type="Platform" material="" x="0.2020854522056751" y="-4.43" rotation="0.0" scaleX="2.3568631341275132" />
<Platform type="Platform" material="" x="5.125963983780602" y="-3.643843792404798" rotation="12.383337772826735" scaleX="2.49934501742973" />
<Platform type="Platform" material="" x="5.125963983780602" y="-4.263843792404798" rotation="12.383337772826735" scaleX="2.49934501742973" />
<Platform type="Platform" material="" x="5.059484083472132" y="-3.81" rotation="0.0" scaleX="2.49934501742973" />
<Platform type="Platform" material="" x="5.059484083472132" y="-4.43" rotation="0.0" scaleX="2.49934501742973" />
<Platform type="Platform" material="" x="5.059484083472132" y="-5.05" rotation="0.0" scaleX="2.49934501742973" />
</GameObjects>
</Level>
