<?xml version="1.0" encoding="utf-16"?>
<Level width ="2">
<Camera x="0" y="2" minWidth="20" maxWidth="30">
<Score highScore ="49490">
<Birds>
<Bird type="BirdBlue"/>
<Bird type="BirdWhite"/>
<Bird type="BirdYellow"/>
<Bird type="BirdRed"/>
</Birds>
<Slingshot x="-8" y="-2.5">
<GameObjects>
<Block type="RectTiny" material="ice" x="-1.919876281" y="-3.39" rotation="0" />
<Block type="RectTiny" material="ice" x="-1.299876281" y="-3.39" rotation="0" />
<Block type="SquareTiny" material="ice" x="-1.919876281" y="-3.17" rotation="0" />
<Block type="SquareTiny" material="ice" x="-1.299876281" y="-3.17" rotation="0" />
<Block type="RectMedium" material="ice" x="-1.919876281" y="-2.22" rotation="90" />
<Block type="RectMedium" material="ice" x="-1.299876281" y="-2.22" rotation="90" />
<Block type="SquareHole" material="ice" x="-1.609876281" y="-0.96" rotation="0" />
<Block type="RectSmall" material="ice" x="-1.609876281" y="-0.43" rotation="0" />
<Block type="RectTiny" material="ice" x="-1.609876281" y="-0.21" rotation="0" />
<Block type="SquareSmall" material="ice" x="-1.6098762810249398" y="0.115" rotation="0" />
<Block type="SquareHole" material="wood" x="0.2552692007" y="-2.9672840346035105" rotation="0" />
<Block type="SquareHole" material="wood" x="1.8652692007" y="-2.9672840346035105" rotation="0" />
<Block type="SquareHole" material="wood" x="3.4752692007" y="-2.9672840346035105" rotation="0" />
<Block type="RectMedium" material="wood" x="0.9852692007" y="-2.4372840346035103" rotation="0" />
<Block type="RectMedium" material="wood" x="2.7452692007" y="-2.4372840346035103" rotation="0" />
<Block type="RectMedium" material="wood" x="0.9852692007" y="-2.2172840346035105" rotation="0" />
<Block type="RectMedium" material="wood" x="2.7452692007" y="-2.2172840346035105" rotation="0" />
<Block type="SquareHole" material="wood" x="1.1952692007" y="-1.6872840346035107" rotation="0" />
<Block type="SquareHole" material="wood" x="2.5352692007" y="-1.6872840346035107" rotation="0" />
<Block type="RectMedium" material="stone" x="5.6163954817" y="-3.2948883267197293" rotation="0" />
<Block type="RectMedium" material="stone" x="7.3338954817" y="-3.2948883267197293" rotation="0" />
<Block type="RectTiny" material="ice" x="5.2251454817" y="-3.074888326719729" rotation="0" />
<Block type="RectTiny" material="ice" x="6.0076454817" y="-3.074888326719729" rotation="0" />
<Block type="RectTiny" material="ice" x="6.9426454817" y="-3.074888326719729" rotation="0" />
<Block type="RectTiny" material="ice" x="7.7251454817" y="-3.074888326719729" rotation="0" />
<Block type="RectTiny" material="wood" x="5.2251454817" y="-2.8548883267197294" rotation="0" />
<Block type="RectTiny" material="wood" x="6.0076454817" y="-2.8548883267197294" rotation="0" />
<Block type="RectTiny" material="wood" x="6.9426454817" y="-2.8548883267197294" rotation="0" />
<Block type="RectTiny" material="wood" x="7.7251454817" y="-2.8548883267197294" rotation="0" />
<Block type="SquareSmall" material="ice" x="5.2251454817" y="-2.529888326719729" rotation="0" />
<Block type="SquareSmall" material="ice" x="6.0076454817" y="-2.529888326719729" rotation="0" />
<Block type="SquareSmall" material="ice" x="6.9426454817" y="-2.529888326719729" rotation="0" />
<Block type="SquareSmall" material="ice" x="7.7251454817" y="-2.529888326719729" rotation="0" />
<Block type="RectTiny" material="wood" x="5.2251454817" y="-2.204888326719729" rotation="0" />
<Block type="RectTiny" material="wood" x="6.0076454817" y="-2.204888326719729" rotation="0" />
<Block type="RectTiny" material="wood" x="6.9426454817" y="-2.204888326719729" rotation="0" />
<Block type="RectTiny" material="wood" x="7.7251454817" y="-2.204888326719729" rotation="0" />
<Block type="SquareSmall" material="wood" x="5.2251454817" y="-1.8798883267197293" rotation="0" />
<Block type="SquareSmall" material="wood" x="6.0076454817" y="-1.8798883267197293" rotation="0" />
<Block type="SquareSmall" material="wood" x="6.9426454817" y="-1.8798883267197293" rotation="0" />
<Block type="SquareSmall" material="wood" x="7.7251454817" y="-1.8798883267197293" rotation="0" />
<Block type="RectSmall" material="ice" x="5.2251454817" y="-1.2398883267197292" rotation="90" />
<Block type="RectSmall" material="ice" x="5.8551454817" y="-1.2398883267197292" rotation="90" />
<Block type="RectSmall" material="ice" x="6.1601454817" y="-1.2398883267197292" rotation="90" />
<Block type="RectSmall" material="ice" x="6.7901454817" y="-1.2398883267197292" rotation="90" />
<Block type="RectSmall" material="ice" x="7.0951454817" y="-1.2398883267197292" rotation="90" />
<Block type="RectSmall" material="ice" x="7.7251454817" y="-1.2398883267197292" rotation="90" />
<Block type="RectSmall" material="wood" x="5.5401454817" y="-0.7048883267197291" rotation="0" />
<Block type="RectSmall" material="wood" x="6.4751454817" y="-0.7048883267197291" rotation="0" />
<Block type="RectSmall" material="wood" x="7.4101454817" y="-0.7048883267197291" rotation="0" />
<Block type="RectFat" material="ice" x="5.5401454817" y="-0.37988832671972905" rotation="0" />
<Block type="RectFat" material="ice" x="6.4751454817" y="-0.37988832671972905" rotation="0" />
<Block type="RectFat" material="ice" x="7.4101454817" y="-0.37988832671972905" rotation="0" />
<Block type="RectFat" material="stone" x="5.8551454817" y="0.05011167328027093" rotation="0" />
<Block type="RectFat" material="stone" x="7.0951454817" y="0.05011167328027093" rotation="0" />
<Block type="RectTiny" material="stone" x="5.9601454817" y="0.37511167328027095" rotation="0" />
<Block type="RectTiny" material="stone" x="6.9901454817" y="0.37511167328027095" rotation="0" />
<Block type="RectFat" material="ice" x="1.0922562461" y="0.9255138231" rotation="0" />
<Block type="RectFat" material="stone" x="3.1422562461" y="0.9255138231" rotation="0" />
<Block type="RectTiny" material="ice" x="1.1972562461" y="1.2505138231" rotation="0" />
<Block type="RectTiny" material="stone" x="3.0372562461" y="1.2505138231" rotation="0" />
<Block type="RectBig" material="ice" x="2.1172562461" y="1.4705138231" rotation="0" />
<Block type="RectTiny" material="ice" x="1.8022562461" y="1.6905138231" rotation="0" />
<Block type="RectTiny" material="wood" x="2.4322562461" y="1.6905138231" rotation="0" />
<Block type="RectSmall" material="ice" x="2.1172562461" y="1.9105138231" rotation="0" />
<Block type="RectBig" material="ice" x="2.1172562461132958" y="3.0505138231" rotation="90" />
<Block type="CircleSmall" material="ice" x="2.8152692007" y="-1.0422840346" rotation="0" />
<Block type="CircleSmall" material="ice" x="1.4752692007" y="-1.0422840346" rotation="0" />
<Block type="CircleSmall" material="ice" x="2.1172562461" y="4.3055138231" rotation="0" />
<Block type="TriangleHole" material="ice" x="5.9601454817" y="0.8951116733" rotation="0" />
<Block type="CircleSmall" material="stone" x="-1.609876281" y="0.555" rotation="0" />
<Block type="CircleSmall" material="ice" x="0.9152692007" y="-1.0422840346" rotation="0" />
<Block type="CircleSmall" material="wood" x="2.2552692007" y="-1.0422840346" rotation="0" />
<Block type="CircleSmall" material="wood" x="3.3052692007" y="-1.8822840346" rotation="0" />
<Block type="CircleSmall" material="wood" x="0.4252692007" y="-1.8822840346" rotation="0" />
<Pig type="BasicSmall" material="" x="0.9252692007" y="-3.162284034603511" rotation="0" />
<Pig type="BasicSmall" material="" x="2.4622562461" y="0.9355138231" rotation="0" />
<Pig type="BasicSmall" material="" x="2.8052692007" y="-3.162284034603511" rotation="0" />
<Pig type="BasicSmall" material="" x="1.7722562461" y="0.9355138231" rotation="0" />
<Pig type="BasicSmall" material="" x="6.9901454817" y="0.7101116732802709" rotation="0" />
<Platform type="Platform" material="" x="0.2572562461132959" y="0.40051382310268924" />
<Platform type="Platform" material="" x="0.8772562461132958" y="0.40051382310268924" />
<Platform type="Platform" material="" x="1.4972562461132957" y="0.40051382310268924" />
<Platform type="Platform" material="" x="2.1172562461132958" y="0.40051382310268924" />
<Platform type="Platform" material="" x="2.737256246113296" y="0.40051382310268924" />
<Platform type="Platform" material="" x="3.3572562461132955" y="0.40051382310268924" />
<Platform type="Platform" material="" x="3.9772562461132956" y="0.40051382310268924" />
<Platform type="Platform" material="" x="-1.6098762810249398" y="-3.81" />
<Platform type="Platform" material="" x="-1.6098762810249398" y="-4.43" />
<Platform type="Platform" material="" x="-1.6098762810249398" y="-5.05" />
<Platform type="Platform" material="" x="-1.3948762810249398" y="-3.81" />
<Platform type="Platform" material="" x="-1.8248762810249397" y="-3.81" />
<Platform type="Platform" material="" x="-1.3948762810249398" y="-4.43" />
<Platform type="Platform" material="" x="-1.8248762810249397" y="-4.43" />
<Platform type="Platform" material="" x="-1.3948762810249398" y="-5.05" />
<Platform type="Platform" material="" x="-1.8248762810249397" y="-5.05" />
<Platform type="Platform" material="" x="1.8652692006863014" y="-3.6972840346035105" />
<Platform type="Platform" material="" x="1.8652692006863014" y="-4.31728403460351" />
<Platform type="Platform" material="" x="1.8652692006863014" y="-4.937284034603511" />
<Platform type="Platform" material="" x="2.4852692006863015" y="-3.6972840346035105" />
<Platform type="Platform" material="" x="1.2452692006863013" y="-3.6972840346035105" />
<Platform type="Platform" material="" x="2.4852692006863015" y="-4.31728403460351" />
<Platform type="Platform" material="" x="1.2452692006863013" y="-4.31728403460351" />
<Platform type="Platform" material="" x="2.4852692006863015" y="-4.937284034603511" />
<Platform type="Platform" material="" x="1.2452692006863013" y="-4.937284034603511" />
<Platform type="Platform" material="" x="3.1052692006863016" y="-3.6972840346035105" />
<Platform type="Platform" material="" x="0.6252692006863013" y="-3.6972840346035105" />
<Platform type="Platform" material="" x="3.1052692006863016" y="-4.31728403460351" />
<Platform type="Platform" material="" x="0.6252692006863013" y="-4.31728403460351" />
<Platform type="Platform" material="" x="3.1052692006863016" y="-4.937284034603511" />
<Platform type="Platform" material="" x="0.6252692006863013" y="-4.937284034603511" />
<Platform type="Platform" material="" x="3.585269200686301" y="-3.6972840346035105" />
<Platform type="Platform" material="" x="0.14526920068630178" y="-3.6972840346035105" />
<Platform type="Platform" material="" x="3.585269200686301" y="-4.31728403460351" />
<Platform type="Platform" material="" x="0.14526920068630178" y="-4.31728403460351" />
<Platform type="Platform" material="" x="3.585269200686301" y="-4.937284034603511" />
<Platform type="Platform" material="" x="0.14526920068630178" y="-4.937284034603511" />
<Platform type="Platform" material="" x="6.475145481711241" y="-3.7148883267197292" />
<Platform type="Platform" material="" x="6.475145481711241" y="-4.334888326719729" />
<Platform type="Platform" material="" x="6.475145481711241" y="-4.954888326719729" />
<Platform type="Platform" material="" x="7.095145481711241" y="-3.7148883267197292" />
<Platform type="Platform" material="" x="5.855145481711241" y="-3.7148883267197292" />
<Platform type="Platform" material="" x="7.095145481711241" y="-4.334888326719729" />
<Platform type="Platform" material="" x="5.855145481711241" y="-4.334888326719729" />
<Platform type="Platform" material="" x="7.095145481711241" y="-4.954888326719729" />
<Platform type="Platform" material="" x="5.855145481711241" y="-4.954888326719729" />
<Platform type="Platform" material="" x="7.715145481711241" y="-3.7148883267197292" />
<Platform type="Platform" material="" x="5.235145481711241" y="-3.7148883267197292" />
<Platform type="Platform" material="" x="7.715145481711241" y="-4.334888326719729" />
<Platform type="Platform" material="" x="5.235145481711241" y="-4.334888326719729" />
<Platform type="Platform" material="" x="7.715145481711241" y="-4.954888326719729" />
<Platform type="Platform" material="" x="5.235145481711241" y="-4.954888326719729" />
<Platform type="Platform" material="" x="7.863895481711242" y="-3.7148883267197292" />
<Platform type="Platform" material="" x="5.086395481711239" y="-3.7148883267197292" />
<Platform type="Platform" material="" x="7.863895481711242" y="-4.334888326719729" />
<Platform type="Platform" material="" x="5.086395481711239" y="-4.334888326719729" />
<Platform type="Platform" material="" x="7.863895481711242" y="-4.954888326719729" />
<Platform type="Platform" material="" x="5.086395481711239" y="-4.954888326719729" />
<Platform type="Platform" material="" x="-0.5871109156266489" y="-3.7536420173017553" rotation="6.983823592012986" scaleX="1.495199216877149" />
<Platform type="Platform" material="" x="-0.5871109156266489" y="-4.373642017301755" rotation="6.983823592012986" scaleX="1.495199216877149" />
<Platform type="Platform" material="" x="-0.6248035401693189" y="-3.81" rotation="0.0" scaleX="1.495199216877149" />
<Platform type="Platform" material="" x="-0.6248035401693189" y="-4.43" rotation="0.0" scaleX="1.495199216877149" />
<Platform type="Platform" material="" x="-0.6248035401693189" y="-5.05" rotation="0.0" scaleX="1.495199216877149" />
<Platform type="Platform" material="" x="4.329639991939826" y="-3.70608618066162" rotation="-1.1445776668990977" scaleX="1.4214550391185672" />
<Platform type="Platform" material="" x="4.329639991939826" y="-4.32608618066162" rotation="-1.1445776668990977" scaleX="1.4214550391185672" />
<Platform type="Platform" material="" x="4.3358323411987705" y="-3.7148883267197292" rotation="0.0" scaleX="1.4214550391185672" />
<Platform type="Platform" material="" x="4.3358323411987705" y="-4.334888326719729" rotation="0.0" scaleX="1.4214550391185672" />
<Platform type="Platform" material="" x="4.3358323411987705" y="-4.954888326719729" rotation="0.0" scaleX="1.4214550391185672" />
</GameObjects>
</Level>
