<?xml version="1.0" encoding="utf-16"?>
<Level width ="2">
<Camera x="0" y="2" minWidth="20" maxWidth="30">
<Score highScore ="30060">
<Birds>
<Bird type="BirdBlack"/>
<Bird type="BirdYellow"/>
<Bird type="BirdBlue"/>
</Birds>
<Slingshot x="-8" y="-2.5">
<GameObjects>
<Block type="SquareTiny" material="stone" x="-2.6249910742" y="-3.3841721565870895" rotation="0" />
<Block type="SquareTiny" material="ice" x="-0.7849910742" y="-3.3841721565870895" rotation="0" />
<Block type="RectBig" material="stone" x="-1.7049910742309542" y="-3.1641721565870893" rotation="0" />
<Block type="SquareHole" material="stone" x="0.197285724" y="-3.08" rotation="0" />
<Block type="SquareHole" material="stone" x="1.657285724" y="-3.08" rotation="0" />
<Block type="RectMedium" material="wood" x="0.927285724" y="-2.55" rotation="0" />
<Block type="RectTiny" material="wood" x="0.427285724" y="-2.33" rotation="0" />
<Block type="RectTiny" material="wood" x="0.927285724" y="-2.33" rotation="0" />
<Block type="RectTiny" material="wood" x="1.427285724" y="-2.33" rotation="0" />
<Block type="SquareTiny" material="wood" x="0.427285724" y="-2.11" rotation="0" />
<Block type="SquareTiny" material="wood" x="0.927285724" y="-2.11" rotation="0" />
<Block type="SquareTiny" material="wood" x="1.427285724" y="-2.11" rotation="0" />
<Block type="RectTiny" material="wood" x="0.427285724" y="-1.785" rotation="90" />
<Block type="RectTiny" material="wood" x="0.927285724" y="-1.785" rotation="90" />
<Block type="RectTiny" material="wood" x="1.427285724" y="-1.785" rotation="90" />
<Block type="RectBig" material="ice" x="0.427285724" y="-0.54" rotation="90" />
<Block type="RectBig" material="ice" x="1.427285724" y="-0.54" rotation="90" />
<Block type="RectFat" material="wood" x="4.6572767982" y="-3.075" rotation="90" />
<Block type="RectFat" material="wood" x="5.1722767982" y="-3.075" rotation="90" />
<Block type="RectFat" material="stone" x="6.0922767982" y="-3.075" rotation="90" />
<Block type="RectFat" material="wood" x="6.6072767982" y="-3.075" rotation="90" />
<Block type="SquareTiny" material="wood" x="4.7122767982" y="-2.54" rotation="0" />
<Block type="SquareTiny" material="stone" x="5.1172767982" y="-2.54" rotation="0" />
<Block type="SquareTiny" material="stone" x="6.1472767982" y="-2.54" rotation="0" />
<Block type="SquareTiny" material="stone" x="6.5522767982" y="-2.54" rotation="0" />
<Block type="RectBig" material="wood" x="5.6322767982" y="-2.32" rotation="0" />
<Block type="RectBig" material="wood" x="5.6322767982" y="-2.1" rotation="0" />
<Block type="RectTiny" material="stone" x="4.9022767982" y="-1.88" rotation="0" />
<Block type="RectTiny" material="stone" x="5.6322767982" y="-1.88" rotation="0" />
<Block type="RectTiny" material="wood" x="6.3622767982" y="-1.88" rotation="0" />
<Block type="SquareSmall" material="stone" x="4.9022767982" y="-1.555" rotation="0" />
<Block type="SquareSmall" material="stone" x="5.6322767982" y="-1.555" rotation="0" />
<Block type="SquareSmall" material="wood" x="6.3622767982" y="-1.555" rotation="0" />
<Block type="RectFat" material="stone" x="4.9022767982" y="-0.915" rotation="90" />
<Block type="RectFat" material="stone" x="5.6322767982" y="-0.915" rotation="90" />
<Block type="RectFat" material="stone" x="6.3622767982" y="-0.915" rotation="90" />
<Block type="RectMedium" material="stone" x="5.6322767982" y="-0.38" rotation="0" />
<Block type="RectTiny" material="stone" x="5.2172767982" y="-0.16" rotation="0" />
<Block type="RectTiny" material="wood" x="6.0472767982" y="-0.16" rotation="0" />
<Block type="RectTiny" material="wood" x="5.2722767982" y="0.165" rotation="90" />
<Block type="RectTiny" material="stone" x="5.9922767982" y="0.165" rotation="90" />
<Block type="RectBig" material="stone" x="3.4332334681" y="2.7259498379" rotation="0" />
<Block type="RectFat" material="stone" x="2.7332334681" y="3.2609498379" rotation="90" />
<Block type="RectFat" material="wood" x="3.4332334681" y="3.2609498379" rotation="90" />
<Block type="RectFat" material="stone" x="4.1332334681" y="3.2609498379" rotation="90" />
<Block type="RectTiny" material="ice" x="2.7332334681" y="3.7959498379" rotation="0" />
<Block type="RectTiny" material="stone" x="3.4332334681" y="3.7959498379" rotation="0" />
<Block type="RectTiny" material="wood" x="4.1332334681" y="3.7959498379" rotation="0" />
<Block type="RectSmall" material="ice" x="2.7332334681" y="4.3309498379" rotation="90" />
<Block type="RectSmall" material="ice" x="3.4332334681" y="4.3309498379" rotation="90" />
<Block type="RectSmall" material="stone" x="4.1332334681" y="4.3309498379" rotation="90" />
<Block type="CircleSmall" material="wood" x="0.427285724" y="0.715" rotation="0" />
<Block type="TriangleHole" material="ice" x="1.427285724" y="0.9" rotation="0" />
<Block type="Triangle" material="wood" x="-2.3916577409" y="-2.6441721566" rotation="0.0" />
<Block type="CircleSmall" material="stone" x="-1.7049910742" y="-2.8291721566" rotation="0" />
<Block type="CircleSmall" material="stone" x="5.9922767982" y="0.605" rotation="0" />
<Block type="Circle" material="wood" x="4.1332334681" y="5.1559498379" rotation="0" />
<Block type="CircleSmall" material="ice" x="-1.0183244076" y="-2.8291721566" rotation="0" />
<Block type="CircleSmall" material="wood" x="0.927285724" y="-1.345" rotation="0" />
<Block type="CircleSmall" material="wood" x="2.7332334681" y="4.9809498379" rotation="0" />
<Block type="CircleSmall" material="wood" x="3.4332334681" y="4.9809498379" rotation="0" />
<Pig type="BasicSmall" material="" x="0.867285724" y="-3.275" rotation="0" />
<Pig type="BasicSmall" material="" x="5.2722767982" y="0.605" rotation="0" />
<Platform type="Platform" material="" x="2.503233468060758" y="2.305949837932687" />
<Platform type="Platform" material="" x="3.1232334680607576" y="2.305949837932687" />
<Platform type="Platform" material="" x="3.7432334680607577" y="2.305949837932687" />
<Platform type="Platform" material="" x="4.363233468060757" y="2.305949837932687" />
<Platform type="Platform" material="" x="-1.7049910742309542" y="-3.8041721565870894" />
<Platform type="Platform" material="" x="-1.7049910742309542" y="-4.4241721565870895" />
<Platform type="Platform" material="" x="-1.7049910742309542" y="-5.04417215658709" />
<Platform type="Platform" material="" x="-1.0849910742309543" y="-3.8041721565870894" />
<Platform type="Platform" material="" x="-2.324991074230954" y="-3.8041721565870894" />
<Platform type="Platform" material="" x="-1.0849910742309543" y="-4.4241721565870895" />
<Platform type="Platform" material="" x="-2.324991074230954" y="-4.4241721565870895" />
<Platform type="Platform" material="" x="-1.0849910742309543" y="-5.04417215658709" />
<Platform type="Platform" material="" x="-2.324991074230954" y="-5.04417215658709" />
<Platform type="Platform" material="" x="-0.9849910742309542" y="-3.8041721565870894" />
<Platform type="Platform" material="" x="-2.424991074230954" y="-3.8041721565870894" />
<Platform type="Platform" material="" x="-0.9849910742309542" y="-4.4241721565870895" />
<Platform type="Platform" material="" x="-2.424991074230954" y="-4.4241721565870895" />
<Platform type="Platform" material="" x="-0.9849910742309542" y="-5.04417215658709" />
<Platform type="Platform" material="" x="-2.424991074230954" y="-5.04417215658709" />
<Platform type="Platform" material="" x="0.9272857239659176" y="-3.81" />
<Platform type="Platform" material="" x="0.9272857239659176" y="-4.43" />
<Platform type="Platform" material="" x="0.9272857239659176" y="-5.05" />
<Platform type="Platform" material="" x="1.5472857239659175" y="-3.81" />
<Platform type="Platform" material="" x="0.3072857239659176" y="-3.81" />
<Platform type="Platform" material="" x="1.5472857239659175" y="-4.43" />
<Platform type="Platform" material="" x="0.3072857239659176" y="-4.43" />
<Platform type="Platform" material="" x="1.5472857239659175" y="-5.05" />
<Platform type="Platform" material="" x="0.3072857239659176" y="-5.05" />
<Platform type="Platform" material="" x="1.7672857239659172" y="-3.81" />
<Platform type="Platform" material="" x="0.08728572396591783" y="-3.81" />
<Platform type="Platform" material="" x="1.7672857239659172" y="-4.43" />
<Platform type="Platform" material="" x="0.08728572396591783" y="-4.43" />
<Platform type="Platform" material="" x="1.7672857239659172" y="-5.05" />
<Platform type="Platform" material="" x="0.08728572396591783" y="-5.05" />
<Platform type="Platform" material="" x="5.632276798196871" y="-3.81" />
<Platform type="Platform" material="" x="5.632276798196871" y="-4.43" />
<Platform type="Platform" material="" x="5.632276798196871" y="-5.05" />
<Platform type="Platform" material="" x="6.252276798196871" y="-3.81" />
<Platform type="Platform" material="" x="5.012276798196871" y="-3.81" />
<Platform type="Platform" material="" x="6.252276798196871" y="-4.43" />
<Platform type="Platform" material="" x="5.012276798196871" y="-4.43" />
<Platform type="Platform" material="" x="6.252276798196871" y="-5.05" />
<Platform type="Platform" material="" x="5.012276798196871" y="-5.05" />
<Platform type="Platform" material="" x="6.512276798196871" y="-3.81" />
<Platform type="Platform" material="" x="4.752276798196871" y="-3.81" />
<Platform type="Platform" material="" x="6.512276798196871" y="-4.43" />
<Platform type="Platform" material="" x="4.752276798196871" y="-4.43" />
<Platform type="Platform" material="" x="6.512276798196871" y="-5.05" />
<Platform type="Platform" material="" x="4.752276798196871" y="-5.05" />
<Platform type="Platform" material="" x="-0.45284686961533804" y="-3.807086078293545" rotation="-0.738247802632153" scaleX="0.7295392647976724" />
<Platform type="Platform" material="" x="-0.45284686961533804" y="-4.427086078293545" rotation="-0.738247802632153" scaleX="0.7295392647976724" />
<Platform type="Platform" material="" x="-0.44885267513251814" y="-3.81" rotation="0.0" scaleX="0.7295392647976724" />
<Platform type="Platform" material="" x="-0.44885267513251814" y="-4.43" rotation="0.0" scaleX="0.7295392647976724" />
<Platform type="Platform" material="" x="-0.44885267513251814" y="-5.05" rotation="0.0" scaleX="0.7295392647976724" />
<Platform type="Platform" material="" x="3.2597812610813945" y="-3.81" rotation="0.0" scaleX="3.8145017326305717" />
<Platform type="Platform" material="" x="3.2597812610813945" y="-4.43" rotation="0.0" scaleX="3.8145017326305717" />
</GameObjects>
</Level>
