<?xml version="1.0" encoding="utf-16"?>
<Level width ="2">
<Camera x="0" y="2" minWidth="20" maxWidth="30">
<Score highScore ="72570">
<Birds>
<Bird type="BirdBlack"/>
<Bird type="BirdYellow"/>
<Bird type="BirdBlue"/>
<Bird type="BirdRed"/>
</Birds>
<Slingshot x="-8" y="-2.5">
<GameObjects>
<Block type="SquareSmall" material="wood" x="-2.5341687591" y="-3.285" rotation="0" />
<Block type="SquareSmall" material="ice" x="-1.8741687591" y="-3.285" rotation="0" />
<Block type="SquareSmall" material="stone" x="-1.2141687591" y="-3.285" rotation="0" />
<Block type="SquareSmall" material="wood" x="-0.5541687591" y="-3.285" rotation="0" />
<Block type="SquareSmall" material="ice" x="0.1058312409" y="-3.285" rotation="0" />
<Block type="SquareSmall" material="wood" x="-2.5341687591" y="-2.855" rotation="0" />
<Block type="SquareSmall" material="stone" x="-1.8741687591" y="-2.855" rotation="0" />
<Block type="SquareSmall" material="stone" x="-1.2141687591" y="-2.855" rotation="0" />
<Block type="SquareSmall" material="ice" x="-0.5541687591" y="-2.855" rotation="0" />
<Block type="SquareSmall" material="ice" x="0.1058312409" y="-2.855" rotation="0" />
<Block type="RectTiny" material="ice" x="-2.5341687591" y="-2.53" rotation="0" />
<Block type="RectTiny" material="ice" x="-1.8741687591" y="-2.53" rotation="0" />
<Block type="RectTiny" material="stone" x="-1.2141687591" y="-2.53" rotation="0" />
<Block type="RectTiny" material="stone" x="-0.5541687591" y="-2.53" rotation="0" />
<Block type="RectTiny" material="ice" x="0.1058312409" y="-2.53" rotation="0" />
<Block type="RectFat" material="wood" x="-2.5341687591" y="-1.995" rotation="90" />
<Block type="RectFat" material="wood" x="-1.8741687591" y="-1.995" rotation="90" />
<Block type="RectFat" material="ice" x="-1.2141687591" y="-1.995" rotation="90" />
<Block type="RectFat" material="stone" x="-0.5541687591" y="-1.995" rotation="90" />
<Block type="RectFat" material="ice" x="0.1058312409" y="-1.995" rotation="90" />
<Block type="RectTiny" material="wood" x="-2.5341687591" y="-1.46" rotation="0" />
<Block type="RectTiny" material="wood" x="-1.8741687591" y="-1.46" rotation="0" />
<Block type="RectTiny" material="wood" x="-1.2141687591" y="-1.46" rotation="0" />
<Block type="RectTiny" material="ice" x="-0.5541687591" y="-1.46" rotation="0" />
<Block type="RectTiny" material="wood" x="0.1058312409" y="-1.46" rotation="0" />
<Block type="SquareSmall" material="ice" x="-2.5341687591" y="-1.135" rotation="0" />
<Block type="SquareSmall" material="wood" x="-1.8741687591" y="-1.135" rotation="0" />
<Block type="SquareSmall" material="ice" x="-1.2141687591" y="-1.135" rotation="0" />
<Block type="SquareSmall" material="ice" x="-0.5541687591" y="-1.135" rotation="0" />
<Block type="SquareSmall" material="ice" x="0.1058312409" y="-1.135" rotation="0" />
<Block type="RectTiny" material="wood" x="-2.5341687591" y="-0.81" rotation="0" />
<Block type="RectTiny" material="stone" x="-1.8741687591" y="-0.81" rotation="0" />
<Block type="RectTiny" material="ice" x="-1.2141687591" y="-0.81" rotation="0" />
<Block type="RectTiny" material="ice" x="-0.5541687591" y="-0.81" rotation="0" />
<Block type="RectTiny" material="ice" x="0.1058312409" y="-0.81" rotation="0" />
<Block type="RectTiny" material="ice" x="-2.5341687591" y="-0.59" rotation="0" />
<Block type="RectTiny" material="ice" x="-1.8741687591" y="-0.59" rotation="0" />
<Block type="RectTiny" material="wood" x="-1.2141687591" y="-0.59" rotation="0" />
<Block type="RectTiny" material="wood" x="-0.5541687591" y="-0.59" rotation="0" />
<Block type="RectTiny" material="wood" x="0.1058312409" y="-0.59" rotation="0" />
<Block type="SquareTiny" material="wood" x="-2.5341687591" y="-0.37" rotation="0" />
<Block type="SquareTiny" material="wood" x="-1.8741687591" y="-0.37" rotation="0" />
<Block type="SquareTiny" material="stone" x="-1.2141687591" y="-0.37" rotation="0" />
<Block type="SquareTiny" material="stone" x="-0.5541687591" y="-0.37" rotation="0" />
<Block type="SquareTiny" material="wood" x="0.1058312409" y="-0.37" rotation="0" />
<Block type="SquareSmall" material="stone" x="1.7496563463" y="-3.115487574791231" rotation="0" />
<Block type="SquareSmall" material="wood" x="2.5196563463" y="-3.115487574791231" rotation="0" />
<Block type="SquareSmall" material="wood" x="3.2896563463" y="-3.115487574791231" rotation="0" />
<Block type="SquareSmall" material="stone" x="4.0596563463" y="-3.115487574791231" rotation="0" />
<Block type="SquareSmall" material="stone" x="4.8296563463" y="-3.115487574791231" rotation="0" />
<Block type="RectTiny" material="stone" x="1.7496563463" y="-2.7904875747912308" rotation="0" />
<Block type="RectTiny" material="wood" x="2.5196563463" y="-2.7904875747912308" rotation="0" />
<Block type="RectTiny" material="wood" x="3.2896563463" y="-2.7904875747912308" rotation="0" />
<Block type="RectTiny" material="stone" x="4.0596563463" y="-2.7904875747912308" rotation="0" />
<Block type="RectTiny" material="stone" x="4.8296563463" y="-2.7904875747912308" rotation="0" />
<Block type="RectFat" material="wood" x="1.7496563463" y="-2.2554875747912306" rotation="90" />
<Block type="RectFat" material="wood" x="2.5196563463" y="-2.2554875747912306" rotation="90" />
<Block type="RectFat" material="wood" x="3.2896563463" y="-2.2554875747912306" rotation="90" />
<Block type="RectFat" material="ice" x="4.0596563463" y="-2.2554875747912306" rotation="90" />
<Block type="RectFat" material="ice" x="4.8296563463" y="-2.2554875747912306" rotation="90" />
<Block type="RectTiny" material="stone" x="1.7496563463" y="-1.7204875747912305" rotation="0" />
<Block type="RectTiny" material="stone" x="2.5196563463" y="-1.7204875747912305" rotation="0" />
<Block type="RectTiny" material="ice" x="3.2896563463" y="-1.7204875747912305" rotation="0" />
<Block type="RectTiny" material="wood" x="4.0596563463" y="-1.7204875747912305" rotation="0" />
<Block type="RectTiny" material="wood" x="4.8296563463" y="-1.7204875747912305" rotation="0" />
<Block type="SquareSmall" material="ice" x="1.7496563463" y="-1.3954875747912308" rotation="0" />
<Block type="SquareSmall" material="ice" x="2.5196563463" y="-1.3954875747912308" rotation="0" />
<Block type="SquareSmall" material="ice" x="3.2896563463" y="-1.3954875747912308" rotation="0" />
<Block type="SquareSmall" material="wood" x="4.0596563463" y="-1.3954875747912308" rotation="0" />
<Block type="SquareSmall" material="wood" x="4.8296563463" y="-1.3954875747912308" rotation="0" />
<Block type="RectTiny" material="wood" x="1.7496563463" y="-1.0704875747912306" rotation="0" />
<Block type="RectTiny" material="stone" x="2.5196563463" y="-1.0704875747912306" rotation="0" />
<Block type="RectTiny" material="stone" x="3.2896563463" y="-1.0704875747912306" rotation="0" />
<Block type="RectTiny" material="wood" x="4.0596563463" y="-1.0704875747912306" rotation="0" />
<Block type="RectTiny" material="stone" x="4.8296563463" y="-1.0704875747912306" rotation="0" />
<Block type="RectTiny" material="stone" x="1.7496563463" y="-0.8504875747912307" rotation="0" />
<Block type="RectTiny" material="stone" x="2.5196563463" y="-0.8504875747912307" rotation="0" />
<Block type="RectTiny" material="stone" x="3.2896563463" y="-0.8504875747912307" rotation="0" />
<Block type="RectTiny" material="stone" x="4.0596563463" y="-0.8504875747912307" rotation="0" />
<Block type="RectTiny" material="stone" x="4.8296563463" y="-0.8504875747912307" rotation="0" />
<Block type="RectFat" material="wood" x="1.7496563463" y="-0.3154875747912307" rotation="90" />
<Block type="RectFat" material="stone" x="2.5196563463" y="-0.3154875747912307" rotation="90" />
<Block type="RectFat" material="stone" x="3.2896563463" y="-0.3154875747912307" rotation="90" />
<Block type="RectFat" material="stone" x="4.0596563463" y="-0.3154875747912307" rotation="90" />
<Block type="RectFat" material="stone" x="4.8296563463" y="-0.3154875747912307" rotation="90" />
<Block type="RectFat" material="ice" x="6.3838251054" y="-3.075" rotation="90" />
<Block type="RectFat" material="ice" x="7.0138251054" y="-3.075" rotation="90" />
<Block type="RectFat" material="wood" x="7.9938251054" y="-3.075" rotation="90" />
<Block type="RectFat" material="wood" x="8.6238251054" y="-3.075" rotation="90" />
<Block type="RectSmall" material="wood" x="6.6988251054" y="-2.54" rotation="0" />
<Block type="RectSmall" material="wood" x="8.3088251054" y="-2.54" rotation="0" />
<Block type="RectMedium" material="ice" x="-0.4602504462" y="2.6300774558" rotation="0" />
<Block type="RectBig" material="ice" x="-1.0902504462" y="3.7700774558" rotation="90" />
<Block type="RectBig" material="ice" x="-0.7202504462" y="3.7700774558" rotation="90" />
<Block type="RectBig" material="ice" x="-0.2002504462" y="3.7700774558" rotation="90" />
<Block type="RectBig" material="ice" x="0.1697495538" y="3.7700774558" rotation="90" />
<Block type="RectFat" material="stone" x="-3.6580052203900446" y="-3.285" rotation="0" />
<Block type="RectFat" material="stone" x="-3.6580052203900446" y="-2.6450000000000005" rotation="90" />
<Block type="RectSmall" material="stone" x="-3.6580052203900446" y="-2.1100000000000008" rotation="0" />
<Block type="RectTiny" material="stone" x="-3.6580052203900446" y="-1.8900000000000008" rotation="0" />
<Block type="RectSmall" material="stone" x="-3.6580052203900446" y="-1.6700000000000006" rotation="0" />
<Block type="RectTiny" material="stone" x="-3.6580052203900446" y="-1.3450000000000004" rotation="90" />
<Block type="SquareTiny" material="stone" x="-3.6580052203900446" y="-1.0200000000000002" rotation="0" />
<Block type="RectMedium" material="stone" x="-3.6580052203900446" y="-0.8000000000000003" rotation="0" />
<Block type="RectSmall" material="ice" x="-3.6580052203900446" y="-0.5800000000000003" rotation="0" />
<Block type="CircleSmall" material="wood" x="-0.2002504462" y="5.0250774558" rotation="0" />
<Block type="Triangle" material="wood" x="6.4154917721" y="-2.02" rotation="90.0" />
<Block type="Circle" material="wood" x="-0.5541687591" y="0.14" rotation="0" />
<Block type="TriangleHole" material="stone" x="4.8296563463" y="0.5195124252" rotation="0" />
<Block type="Circle" material="stone" x="-1.8741687591" y="0.14" rotation="0" />
<Block type="CircleSmall" material="wood" x="2.5196563463" y="0.3345124252" rotation="0" />
<Block type="CircleSmall" material="ice" x="0.1058312409" y="-0.035" rotation="0" />
<Block type="CircleSmall" material="wood" x="8.0254917721" y="-2.205" rotation="0" />
<Block type="TriangleHole" material="stone" x="3.2896563463" y="0.5195124252" rotation="0" />
<Block type="CircleSmall" material="ice" x="-1.2141687591" y="-0.035" rotation="0" />
<Block type="CircleSmall" material="wood" x="4.0596563463" y="0.3345124252" rotation="0" />
<Pig type="BasicSmall" material="" x="-2.5341687591" y="-0.035" rotation="0" />
<Pig type="BasicSmall" material="" x="1.7496563463" y="0.33451242520876934" rotation="0" />
<Pig type="BasicSmall" material="" x="8.5921584387" y="-2.205" rotation="0" />
<Pig type="BasicSmall" material="" x="-1.0902504462" y="5.0250774558" rotation="0" />
<Pig type="BasicSmall" material="" x="7.4838251054" y="-3.275" rotation="0" />
<Platform type="Platform" material="" x="-1.7002504462455863" y="2.2100774558372596" />
<Platform type="Platform" material="" x="-1.0802504462455864" y="2.2100774558372596" />
<Platform type="Platform" material="" x="-0.4602504462455864" y="2.2100774558372596" />
<Platform type="Platform" material="" x="0.15974955375441358" y="2.2100774558372596" />
<Platform type="Platform" material="" x="0.7797495537544136" y="2.2100774558372596" />
<Platform type="Platform" material="" x="-1.2141687590841892" y="-3.81" />
<Platform type="Platform" material="" x="-1.2141687590841892" y="-4.43" />
<Platform type="Platform" material="" x="-1.2141687590841892" y="-5.05" />
<Platform type="Platform" material="" x="-0.5941687590841892" y="-3.81" />
<Platform type="Platform" material="" x="-1.8341687590841893" y="-3.81" />
<Platform type="Platform" material="" x="-0.5941687590841892" y="-4.43" />
<Platform type="Platform" material="" x="-1.8341687590841893" y="-4.43" />
<Platform type="Platform" material="" x="-0.5941687590841892" y="-5.05" />
<Platform type="Platform" material="" x="-1.8341687590841893" y="-5.05" />
<Platform type="Platform" material="" x="0.01083124091581078" y="-3.81" />
<Platform type="Platform" material="" x="-2.4391687590841893" y="-3.81" />
<Platform type="Platform" material="" x="0.01083124091581078" y="-4.43" />
<Platform type="Platform" material="" x="-2.4391687590841893" y="-4.43" />
<Platform type="Platform" material="" x="0.01083124091581078" y="-5.05" />
<Platform type="Platform" material="" x="-2.4391687590841893" y="-5.05" />
<Platform type="Platform" material="" x="3.2896563463157156" y="-3.640487574791231" />
<Platform type="Platform" material="" x="3.2896563463157156" y="-4.260487574791231" />
<Platform type="Platform" material="" x="3.2896563463157156" y="-4.88048757479123" />
<Platform type="Platform" material="" x="3.9096563463157157" y="-3.640487574791231" />
<Platform type="Platform" material="" x="2.6696563463157155" y="-3.640487574791231" />
<Platform type="Platform" material="" x="3.9096563463157157" y="-4.260487574791231" />
<Platform type="Platform" material="" x="2.6696563463157155" y="-4.260487574791231" />
<Platform type="Platform" material="" x="3.9096563463157157" y="-4.88048757479123" />
<Platform type="Platform" material="" x="2.6696563463157155" y="-4.88048757479123" />
<Platform type="Platform" material="" x="4.529656346315716" y="-3.640487574791231" />
<Platform type="Platform" material="" x="2.0496563463157154" y="-3.640487574791231" />
<Platform type="Platform" material="" x="4.529656346315716" y="-4.260487574791231" />
<Platform type="Platform" material="" x="2.0496563463157154" y="-4.260487574791231" />
<Platform type="Platform" material="" x="4.529656346315716" y="-4.88048757479123" />
<Platform type="Platform" material="" x="2.0496563463157154" y="-4.88048757479123" />
<Platform type="Platform" material="" x="4.734656346315716" y="-3.640487574791231" />
<Platform type="Platform" material="" x="1.8446563463157153" y="-3.640487574791231" />
<Platform type="Platform" material="" x="4.734656346315716" y="-4.260487574791231" />
<Platform type="Platform" material="" x="1.8446563463157153" y="-4.260487574791231" />
<Platform type="Platform" material="" x="4.734656346315716" y="-4.88048757479123" />
<Platform type="Platform" material="" x="1.8446563463157153" y="-4.88048757479123" />
<Platform type="Platform" material="" x="7.503825105399905" y="-3.81" />
<Platform type="Platform" material="" x="7.503825105399905" y="-4.43" />
<Platform type="Platform" material="" x="7.503825105399905" y="-5.05" />
<Platform type="Platform" material="" x="8.123825105399904" y="-3.81" />
<Platform type="Platform" material="" x="6.883825105399905" y="-3.81" />
<Platform type="Platform" material="" x="8.123825105399904" y="-4.43" />
<Platform type="Platform" material="" x="6.883825105399905" y="-4.43" />
<Platform type="Platform" material="" x="8.123825105399904" y="-5.05" />
<Platform type="Platform" material="" x="6.883825105399905" y="-5.05" />
<Platform type="Platform" material="" x="8.528825105399905" y="-3.81" />
<Platform type="Platform" material="" x="6.4788251053999035" y="-3.81" />
<Platform type="Platform" material="" x="8.528825105399905" y="-4.43" />
<Platform type="Platform" material="" x="6.4788251053999035" y="-4.43" />
<Platform type="Platform" material="" x="8.528825105399905" y="-5.05" />
<Platform type="Platform" material="" x="6.4788251053999035" y="-5.05" />
<Platform type="Platform" material="" x="0.9706196653089596" y="-3.7252437873956152" rotation="7.950022409683271" scaleX="1.9767810952245497" />
<Platform type="Platform" material="" x="0.9706196653089596" y="-4.345243787395615" rotation="7.950022409683271" scaleX="1.9767810952245497" />
<Platform type="Platform" material="" x="0.9277437936157631" y="-3.81" rotation="0.0" scaleX="1.9767810952245497" />
<Platform type="Platform" material="" x="0.9277437936157631" y="-4.43" rotation="0.0" scaleX="1.9767810952245497" />
<Platform type="Platform" material="" x="0.9277437936157631" y="-5.05" rotation="0.0" scaleX="1.9767810952245497" />
<Platform type="Platform" material="" x="5.560518627360597" y="-3.7252437873956152" rotation="-8.574979179478271" scaleX="1.833672969423838" />
<Platform type="Platform" material="" x="5.560518627360597" y="-4.345243787395615" rotation="-8.574979179478271" scaleX="1.833672969423838" />
<Platform type="Platform" material="" x="5.60674072585781" y="-3.81" rotation="0.0" scaleX="1.833672969423838" />
<Platform type="Platform" material="" x="5.60674072585781" y="-4.43" rotation="0.0" scaleX="1.833672969423838" />
<Platform type="Platform" material="" x="5.60674072585781" y="-5.05" rotation="0.0" scaleX="1.833672969423838" />
</GameObjects>
</Level>
