<?xml version="1.0" encoding="utf-16"?>
<Level width ="2">
<Camera x="0" y="2" minWidth="20" maxWidth="30">
<Score highScore ="35370">
<Birds>
<Bird type="BirdWhite"/>
<Bird type="BirdBlack"/>
<Bird type="BirdYellow"/>
<Bird type="BirdBlue"/>
</Birds>
<Slingshot x="-8" y="-2.5">
<GameObjects>
<Block type="RectTiny" material="wood" x="-1.9640456366" y="-3.39" rotation="0" />
<Block type="RectTiny" material="wood" x="-1.3340456366" y="-3.39" rotation="0" />
<Block type="RectTiny" material="wood" x="-0.7840456366" y="-3.39" rotation="0" />
<Block type="RectTiny" material="wood" x="-0.1540456366" y="-3.39" rotation="0" />
<Block type="RectTiny" material="wood" x="0.3959543634" y="-3.39" rotation="0" />
<Block type="RectTiny" material="wood" x="1.0259543634" y="-3.39" rotation="0" />
<Block type="RectTiny" material="ice" x="-1.9640456366" y="-3.17" rotation="0" />
<Block type="RectTiny" material="ice" x="-1.3340456366" y="-3.17" rotation="0" />
<Block type="RectTiny" material="ice" x="-0.7840456366" y="-3.17" rotation="0" />
<Block type="RectTiny" material="ice" x="-0.1540456366" y="-3.17" rotation="0" />
<Block type="RectTiny" material="ice" x="0.3959543634" y="-3.17" rotation="0" />
<Block type="RectTiny" material="ice" x="1.0259543634" y="-3.17" rotation="0" />
<Block type="RectFat" material="stone" x="-1.9640456366" y="-2.635" rotation="90" />
<Block type="RectFat" material="stone" x="-1.3340456366" y="-2.635" rotation="90" />
<Block type="RectFat" material="stone" x="-0.7840456366" y="-2.635" rotation="90" />
<Block type="RectFat" material="stone" x="-0.1540456366" y="-2.635" rotation="90" />
<Block type="RectFat" material="stone" x="0.3959543634" y="-2.635" rotation="90" />
<Block type="RectFat" material="stone" x="1.0259543634" y="-2.635" rotation="90" />
<Block type="RectTiny" material="ice" x="-1.9640456366" y="-2.1" rotation="0" />
<Block type="RectTiny" material="ice" x="-1.3340456366" y="-2.1" rotation="0" />
<Block type="RectTiny" material="ice" x="-0.7840456366" y="-2.1" rotation="0" />
<Block type="RectTiny" material="ice" x="-0.1540456366" y="-2.1" rotation="0" />
<Block type="RectTiny" material="ice" x="0.3959543634" y="-2.1" rotation="0" />
<Block type="RectTiny" material="ice" x="1.0259543634" y="-2.1" rotation="0" />
<Block type="RectTiny" material="ice" x="-1.9640456366" y="-1.88" rotation="0" />
<Block type="RectTiny" material="ice" x="-1.3340456366" y="-1.88" rotation="0" />
<Block type="RectTiny" material="ice" x="-0.7840456366" y="-1.88" rotation="0" />
<Block type="RectTiny" material="ice" x="-0.1540456366" y="-1.88" rotation="0" />
<Block type="RectTiny" material="ice" x="0.3959543634" y="-1.88" rotation="0" />
<Block type="RectTiny" material="ice" x="1.0259543634" y="-1.88" rotation="0" />
<Block type="RectSmall" material="ice" x="-1.6490456366" y="-1.66" rotation="0" />
<Block type="RectSmall" material="ice" x="-0.4690456366" y="-1.66" rotation="0" />
<Block type="RectSmall" material="ice" x="0.7109543634" y="-1.66" rotation="0" />
<Block type="SquareHole" material="stone" x="-1.6490456366" y="-1.13" rotation="0" />
<Block type="SquareHole" material="stone" x="-0.4690456366" y="-1.13" rotation="0" />
<Block type="SquareHole" material="stone" x="0.7109543634" y="-1.13" rotation="0" />
<Block type="SquareHole" material="stone" x="-1.6490456366" y="-0.29" rotation="0" />
<Block type="SquareHole" material="stone" x="-0.4690456366" y="-0.29" rotation="0" />
<Block type="SquareHole" material="stone" x="0.7109543634" y="-0.29" rotation="0" />
<Block type="RectTiny" material="ice" x="2.4179573169" y="-3.39" rotation="0" />
<Block type="RectTiny" material="wood" x="3.1629573169" y="-3.39" rotation="0" />
<Block type="RectTiny" material="wood" x="3.9079573169" y="-3.39" rotation="0" />
<Block type="RectTiny" material="wood" x="4.3679573169" y="-3.39" rotation="0" />
<Block type="RectTiny" material="wood" x="5.1129573169" y="-3.39" rotation="0" />
<Block type="RectTiny" material="wood" x="5.8579573169" y="-3.39" rotation="0" />
<Block type="RectTiny" material="ice" x="2.4179573169" y="-3.065" rotation="90" />
<Block type="RectTiny" material="wood" x="3.0479573169" y="-3.065" rotation="90" />
<Block type="RectTiny" material="wood" x="3.2779573169" y="-3.065" rotation="90" />
<Block type="RectTiny" material="wood" x="3.9079573169" y="-3.065" rotation="90" />
<Block type="RectTiny" material="wood" x="4.3679573169" y="-3.065" rotation="90" />
<Block type="RectTiny" material="wood" x="4.9979573169" y="-3.065" rotation="90" />
<Block type="RectTiny" material="wood" x="5.2279573169" y="-3.065" rotation="90" />
<Block type="RectTiny" material="wood" x="5.8579573169" y="-3.065" rotation="90" />
<Block type="RectSmall" material="ice" x="2.4179573169" y="-2.425" rotation="90" />
<Block type="RectSmall" material="wood" x="3.0479573169" y="-2.425" rotation="90" />
<Block type="RectSmall" material="ice" x="3.2779573169" y="-2.425" rotation="90" />
<Block type="RectSmall" material="stone" x="3.9079573169" y="-2.425" rotation="90" />
<Block type="RectSmall" material="stone" x="4.3679573169" y="-2.425" rotation="90" />
<Block type="RectSmall" material="wood" x="4.9979573169" y="-2.425" rotation="90" />
<Block type="RectSmall" material="stone" x="5.2279573169" y="-2.425" rotation="90" />
<Block type="RectSmall" material="stone" x="5.8579573169" y="-2.425" rotation="90" />
<Block type="RectFat" material="ice" x="2.7329573169" y="-1.785" rotation="0" />
<Block type="RectFat" material="ice" x="3.5929573169" y="-1.785" rotation="0" />
<Block type="RectFat" material="ice" x="4.6829573169" y="-1.785" rotation="0" />
<Block type="RectFat" material="stone" x="5.5429573169" y="-1.785" rotation="0" />
<Block type="SquareSmall" material="wood" x="2.7329573169" y="-1.355" rotation="0" />
<Block type="SquareSmall" material="stone" x="3.3629573169" y="-1.355" rotation="0" />
<Block type="SquareSmall" material="stone" x="3.8229573169" y="-1.355" rotation="0" />
<Block type="SquareSmall" material="stone" x="4.4529573169" y="-1.355" rotation="0" />
<Block type="SquareSmall" material="ice" x="4.9129573169" y="-1.355" rotation="0" />
<Block type="SquareSmall" material="wood" x="5.5429573169" y="-1.355" rotation="0" />
<Block type="RectTiny" material="wood" x="2.7329573169" y="-1.03" rotation="0" />
<Block type="RectTiny" material="stone" x="3.3629573169" y="-1.03" rotation="0" />
<Block type="RectTiny" material="stone" x="3.8229573169" y="-1.03" rotation="0" />
<Block type="RectTiny" material="ice" x="4.4529573169" y="-1.03" rotation="0" />
<Block type="RectTiny" material="stone" x="4.9129573169" y="-1.03" rotation="0" />
<Block type="RectTiny" material="wood" x="5.5429573169" y="-1.03" rotation="0" />
<Block type="RectFat" material="wood" x="2.7329573169" y="-0.495" rotation="90" />
<Block type="RectFat" material="stone" x="3.3629573169" y="-0.495" rotation="90" />
<Block type="RectFat" material="stone" x="3.8229573169" y="-0.495" rotation="90" />
<Block type="RectFat" material="stone" x="4.4529573169" y="-0.495" rotation="90" />
<Block type="RectFat" material="wood" x="4.9129573169" y="-0.495" rotation="90" />
<Block type="RectFat" material="wood" x="5.5429573169" y="-0.495" rotation="90" />
<Block type="RectSmall" material="wood" x="3.0479573169" y="0.04" rotation="0" />
<Block type="RectSmall" material="wood" x="4.1379573169" y="0.04" rotation="0" />
<Block type="RectSmall" material="wood" x="5.2279573169" y="0.04" rotation="0" />
<Block type="RectFat" material="stone" x="6.6870029535" y="-3.1758544508265842" rotation="0" />
<Block type="RectFat" material="stone" x="7.6070029535" y="-3.1758544508265842" rotation="0" />
<Block type="RectFat" material="ice" x="8.5270029535" y="-3.1758544508265842" rotation="0" />
<Block type="SquareTiny" material="stone" x="6.6870029535" y="-2.850854450826584" rotation="0" />
<Block type="SquareTiny" material="stone" x="7.6070029535" y="-2.850854450826584" rotation="0" />
<Block type="SquareTiny" material="ice" x="8.5270029535" y="-2.850854450826584" rotation="0" />
<Block type="RectTiny" material="stone" x="6.6870029535" y="-2.525854450826584" rotation="90" />
<Block type="RectTiny" material="stone" x="7.6070029535" y="-2.525854450826584" rotation="90" />
<Block type="RectTiny" material="ice" x="8.5270029535" y="-2.525854450826584" rotation="90" />
<Block type="RectBig" material="stone" x="7.6070029535" y="-2.200854450826584" rotation="0" />
<Block type="RectFat" material="stone" x="7.1620029535" y="-1.8758544508265842" rotation="0" />
<Block type="RectFat" material="ice" x="8.0520029535" y="-1.8758544508265842" rotation="0" />
<Block type="RectTiny" material="stone" x="6.9770029535" y="-1.445854450826584" rotation="90" />
<Block type="RectTiny" material="stone" x="7.3470029535" y="-1.445854450826584" rotation="90" />
<Block type="RectTiny" material="stone" x="7.8670029535" y="-1.445854450826584" rotation="90" />
<Block type="RectTiny" material="ice" x="8.2370029535" y="-1.445854450826584" rotation="90" />
<Block type="SquareTiny" material="stone" x="6.9770029535" y="-1.120854450826584" rotation="0" />
<Block type="SquareTiny" material="stone" x="7.3470029535" y="-1.120854450826584" rotation="0" />
<Block type="SquareTiny" material="stone" x="7.8670029535" y="-1.120854450826584" rotation="0" />
<Block type="SquareTiny" material="stone" x="8.2370029535" y="-1.120854450826584" rotation="0" />
<Block type="RectSmall" material="wood" x="-0.1672174957" y="2.7561014468" rotation="90" />
<Block type="RectSmall" material="wood" x="0.1427825043" y="2.7561014468" rotation="90" />
<Block type="RectSmall" material="wood" x="0.4527825043" y="2.7561014468" rotation="90" />
<Block type="SquareHole" material="wood" x="0.1427825043" y="3.6011014468" rotation="0" />
<Block type="RectSmall" material="wood" x="0.1427825042554084" y="4.4461014468" rotation="90" />
<Block type="RectTiny" material="wood" x="4.5361978225" y="1.8776983268" rotation="0" />
<Block type="RectTiny" material="stone" x="6.4861978225" y="1.8776983268" rotation="0" />
<Block type="RectSmall" material="stone" x="4.5911978225" y="2.4126983268" rotation="90" />
<Block type="RectSmall" material="ice" x="6.4311978225" y="2.4126983268" rotation="90" />
<Block type="RectBig" material="wood" x="5.5111978225" y="2.9476983268" rotation="0" />
<Block type="RectBig" material="wood" x="5.511197822461702" y="3.1676983268" rotation="0" />
<Block type="TriangleHole" material="ice" x="2.7646239836" y="0.56" rotation="0" />
<Block type="CircleSmall" material="wood" x="0.1427825043" y="5.0961014468" rotation="0" />
<Block type="TriangleHole" material="wood" x="4.8245311558" y="3.6876983268" rotation="0" />
<Block type="Circle" material="ice" x="-0.4690456366" y="0.53" rotation="0" />
<Block type="TriangleHole" material="ice" x="8.2370029535" y="-0.6008544508" rotation="0" />
<Block type="CircleSmall" material="ice" x="5.5112906502" y="0.375" rotation="0" />
<Block type="Triangle" material="ice" x="-1.3690456366" y="0.54" rotation="90.0" />
<Block type="Triangle" material="stone" x="0.9909543634" y="0.54" rotation="90.0" />
<Block type="CircleSmall" material="wood" x="5.5111978225" y="3.5026983268" rotation="0" />
<Block type="Triangle" material="ice" x="3.8546239836" y="0.56" rotation="0.0" />
<Block type="TriangleHole" material="wood" x="6.1978644891" y="3.6876983268" rotation="0" />
<Block type="CircleSmall" material="wood" x="4.9446239836" y="0.375" rotation="0" />
<Pig type="BasicSmall" material="" x="5.0061978225" y="1.9926983268" rotation="0" />
<Pig type="BasicSmall" material="" x="6.0161978225" y="1.9926983268" rotation="0" />
<Pig type="BasicSmall" material="" x="5.5061978225" y="1.9926983268" rotation="0" />
<Pig type="BasicSmall" material="" x="7.3470029535" y="-0.7858544508265842" rotation="0" />
<Platform type="Platform" material="" x="-1.7172174957445914" y="2.0211014467663713" />
<Platform type="Platform" material="" x="-1.0972174957445917" y="2.0211014467663713" />
<Platform type="Platform" material="" x="-0.4772174957445916" y="2.0211014467663713" />
<Platform type="Platform" material="" x="0.1427825042554084" y="2.0211014467663713" />
<Platform type="Platform" material="" x="0.7627825042554084" y="2.0211014467663713" />
<Platform type="Platform" material="" x="1.3827825042554083" y="2.0211014467663713" />
<Platform type="Platform" material="" x="2.0027825042554084" y="2.0211014467663713" />
<Platform type="Platform" material="" x="4.581197822461703" y="1.4576983267715424" />
<Platform type="Platform" material="" x="5.201197822461703" y="1.4576983267715424" />
<Platform type="Platform" material="" x="5.821197822461702" y="1.4576983267715424" />
<Platform type="Platform" material="" x="6.441197822461702" y="1.4576983267715424" />
<Platform type="Platform" material="" x="-0.4690456365883633" y="-3.81" />
<Platform type="Platform" material="" x="-0.4690456365883633" y="-4.43" />
<Platform type="Platform" material="" x="-0.4690456365883633" y="-5.05" />
<Platform type="Platform" material="" x="0.1509543634116367" y="-3.81" />
<Platform type="Platform" material="" x="-1.0890456365883634" y="-3.81" />
<Platform type="Platform" material="" x="0.1509543634116367" y="-4.43" />
<Platform type="Platform" material="" x="-1.0890456365883634" y="-4.43" />
<Platform type="Platform" material="" x="0.1509543634116367" y="-5.05" />
<Platform type="Platform" material="" x="-1.0890456365883634" y="-5.05" />
<Platform type="Platform" material="" x="0.7709543634116367" y="-3.81" />
<Platform type="Platform" material="" x="-1.7090456365883635" y="-3.81" />
<Platform type="Platform" material="" x="0.7709543634116367" y="-4.43" />
<Platform type="Platform" material="" x="-1.7090456365883635" y="-4.43" />
<Platform type="Platform" material="" x="0.7709543634116367" y="-5.05" />
<Platform type="Platform" material="" x="-1.7090456365883635" y="-5.05" />
<Platform type="Platform" material="" x="0.9309543634116366" y="-3.81" />
<Platform type="Platform" material="" x="-1.8690456365883636" y="-3.81" />
<Platform type="Platform" material="" x="0.9309543634116366" y="-4.43" />
<Platform type="Platform" material="" x="-1.8690456365883636" y="-4.43" />
<Platform type="Platform" material="" x="0.9309543634116366" y="-5.05" />
<Platform type="Platform" material="" x="-1.8690456365883636" y="-5.05" />
<Platform type="Platform" material="" x="4.137957316863433" y="-3.81" />
<Platform type="Platform" material="" x="4.137957316863433" y="-4.43" />
<Platform type="Platform" material="" x="4.137957316863433" y="-5.05" />
<Platform type="Platform" material="" x="4.7579573168634335" y="-3.81" />
<Platform type="Platform" material="" x="3.5179573168634333" y="-3.81" />
<Platform type="Platform" material="" x="4.7579573168634335" y="-4.43" />
<Platform type="Platform" material="" x="3.5179573168634333" y="-4.43" />
<Platform type="Platform" material="" x="4.7579573168634335" y="-5.05" />
<Platform type="Platform" material="" x="3.5179573168634333" y="-5.05" />
<Platform type="Platform" material="" x="5.377957316863434" y="-3.81" />
<Platform type="Platform" material="" x="2.897957316863433" y="-3.81" />
<Platform type="Platform" material="" x="5.377957316863434" y="-4.43" />
<Platform type="Platform" material="" x="2.897957316863433" y="-4.43" />
<Platform type="Platform" material="" x="5.377957316863434" y="-5.05" />
<Platform type="Platform" material="" x="2.897957316863433" y="-5.05" />
<Platform type="Platform" material="" x="5.762957316863434" y="-3.81" />
<Platform type="Platform" material="" x="2.5129573168634325" y="-3.81" />
<Platform type="Platform" material="" x="5.762957316863434" y="-4.43" />
<Platform type="Platform" material="" x="2.5129573168634325" y="-4.43" />
<Platform type="Platform" material="" x="5.762957316863434" y="-5.05" />
<Platform type="Platform" material="" x="2.5129573168634325" y="-5.05" />
<Platform type="Platform" material="" x="7.607002953451797" y="-3.700854450826584" />
<Platform type="Platform" material="" x="7.607002953451797" y="-4.320854450826584" />
<Platform type="Platform" material="" x="7.607002953451797" y="-4.940854450826584" />
<Platform type="Platform" material="" x="8.227002953451796" y="-3.700854450826584" />
<Platform type="Platform" material="" x="6.987002953451797" y="-3.700854450826584" />
<Platform type="Platform" material="" x="8.227002953451796" y="-4.320854450826584" />
<Platform type="Platform" material="" x="6.987002953451797" y="-4.320854450826584" />
<Platform type="Platform" material="" x="8.227002953451796" y="-4.940854450826584" />
<Platform type="Platform" material="" x="6.987002953451797" y="-4.940854450826584" />
<Platform type="Platform" material="" x="8.642002953451797" y="-3.700854450826584" />
<Platform type="Platform" material="" x="6.572002953451796" y="-3.700854450826584" />
<Platform type="Platform" material="" x="8.642002953451797" y="-4.320854450826584" />
<Platform type="Platform" material="" x="6.572002953451796" y="-4.320854450826584" />
<Platform type="Platform" material="" x="8.642002953451797" y="-4.940854450826584" />
<Platform type="Platform" material="" x="6.572002953451796" y="-4.940854450826584" />
<Platform type="Platform" material="" x="1.7219558401375346" y="-3.81" rotation="0.0" scaleX="1.551617666857735" />
<Platform type="Platform" material="" x="1.7219558401375346" y="-4.43" rotation="0.0" scaleX="1.551617666857735" />
<Platform type="Platform" material="" x="6.322480135157615" y="-3.755427225413292" rotation="30.00000000000014" scaleX="0.352082416688437" />
<Platform type="Platform" material="" x="6.322480135157615" y="-4.375427225413292" rotation="30.00000000000014" scaleX="0.352082416688437" />
<Platform type="Platform" material="" x="6.167480135157615" y="-3.81" rotation="0.0" scaleX="0.352082416688437" />
<Platform type="Platform" material="" x="6.167480135157615" y="-4.43" rotation="0.0" scaleX="0.352082416688437" />
<Platform type="Platform" material="" x="6.167480135157615" y="-5.05" rotation="0.0" scaleX="0.352082416688437" />
</GameObjects>
</Level>
