<?xml version="1.0" encoding="utf-16"?>
<Level width ="2">
<Camera x="0" y="2" minWidth="20" maxWidth="30">
<Score highScore ="50710">
<Birds>
<Bird type="BirdYellow"/>
<Bird type="BirdRed"/>
<Bird type="BirdBlack"/>
<Bird type="BirdWhite"/>
</Birds>
<Slingshot x="-8" y="-2.5">
<GameObjects>
<Block type="RectBig" material="stone" x="-0.5463696016" y="-3.054565868864844" rotation="0" />
<Block type="RectFat" material="stone" x="-0.8563696016" y="-2.5195658688648437" rotation="90" />
<Block type="RectFat" material="stone" x="-0.2363696016" y="-2.5195658688648437" rotation="90" />
<Block type="RectFat" material="stone" x="-0.8563696016" y="-1.6695658688648436" rotation="90" />
<Block type="RectFat" material="wood" x="-0.2363696016" y="-1.6695658688648436" rotation="90" />
<Block type="SquareHole" material="wood" x="-0.5463696016" y="-0.8245658688648436" rotation="0" />
<Block type="RectFat" material="wood" x="-0.5463696016" y="-0.18956586886484372" rotation="0" />
<Block type="SquareTiny" material="stone" x="-0.9063696016" y="0.1354341311351563" rotation="0" />
<Block type="SquareTiny" material="ice" x="-0.1863696016" y="0.1354341311351563" rotation="0" />
<Block type="RectFat" material="stone" x="2.5658894108" y="-2.669310476621291" rotation="0" />
<Block type="RectFat" material="ice" x="4.4058894108" y="-2.669310476621291" rotation="0" />
<Block type="RectSmall" material="stone" x="2.2508894108" y="-2.029310476621291" rotation="90" />
<Block type="RectSmall" material="stone" x="2.8808894108" y="-2.029310476621291" rotation="90" />
<Block type="RectSmall" material="stone" x="4.0908894108" y="-2.029310476621291" rotation="90" />
<Block type="RectSmall" material="ice" x="4.7208894108" y="-2.029310476621291" rotation="90" />
<Block type="RectSmall" material="stone" x="2.5658894108" y="-1.494310476621291" rotation="0" />
<Block type="RectSmall" material="stone" x="4.4058894108" y="-1.494310476621291" rotation="0" />
<Block type="RectBig" material="wood" x="3.4858894108" y="-1.2743104766212907" rotation="0" />
<Block type="RectTiny" material="stone" x="2.7558894108" y="-1.054310476621291" rotation="0" />
<Block type="RectTiny" material="stone" x="4.2158894108" y="-1.054310476621291" rotation="0" />
<Block type="RectMedium" material="wood" x="3.4858894108" y="-0.8343104766212909" rotation="0" />
<Block type="RectMedium" material="stone" x="3.4858894108" y="-0.6143104766212909" rotation="0" />
<Block type="RectTiny" material="stone" x="3.1708894108" y="-0.39431047662129093" rotation="0" />
<Block type="RectTiny" material="stone" x="3.8008894108" y="-0.39431047662129093" rotation="0" />
<Block type="RectFat" material="wood" x="3.4858894108" y="-0.06931047662129097" rotation="0" />
<Block type="RectTiny" material="wood" x="3.485889410765033" y="0.2556895233787091" rotation="0" />
<Block type="SquareTiny" material="ice" x="5.2197590123" y="-2.789750503546487" rotation="0" />
<Block type="SquareTiny" material="ice" x="5.9497590123" y="-2.789750503546487" rotation="0" />
<Block type="SquareTiny" material="ice" x="6.6797590123" y="-2.789750503546487" rotation="0" />
<Block type="SquareTiny" material="ice" x="7.3847590123" y="-2.789750503546487" rotation="0" />
<Block type="SquareTiny" material="ice" x="8.1147590123" y="-2.789750503546487" rotation="0" />
<Block type="SquareTiny" material="ice" x="8.8447590123" y="-2.789750503546487" rotation="0" />
<Block type="RectMedium" material="ice" x="5.9497590123" y="-2.5697505035464867" rotation="0" />
<Block type="RectMedium" material="ice" x="8.1147590123" y="-2.5697505035464867" rotation="0" />
<Block type="RectFat" material="wood" x="6.0572590123" y="-2.0347505035464866" rotation="90" />
<Block type="RectFat" material="wood" x="6.5722590123" y="-2.0347505035464866" rotation="90" />
<Block type="RectFat" material="wood" x="7.4922590123" y="-2.0347505035464866" rotation="90" />
<Block type="RectFat" material="wood" x="8.0072590123" y="-2.0347505035464866" rotation="90" />
<Block type="RectTiny" material="wood" x="6.0572590123" y="-1.4997505035464869" rotation="0" />
<Block type="RectTiny" material="wood" x="6.5722590123" y="-1.4997505035464869" rotation="0" />
<Block type="RectTiny" material="wood" x="7.4922590123" y="-1.4997505035464869" rotation="0" />
<Block type="RectTiny" material="wood" x="8.0072590123" y="-1.4997505035464869" rotation="0" />
<Block type="RectTiny" material="wood" x="6.1122590123" y="-1.1747505035464867" rotation="90" />
<Block type="RectTiny" material="wood" x="6.5172590123" y="-1.1747505035464867" rotation="90" />
<Block type="RectTiny" material="wood" x="7.5472590123" y="-1.1747505035464867" rotation="90" />
<Block type="RectTiny" material="wood" x="7.9522590123" y="-1.1747505035464867" rotation="90" />
<Block type="RectBig" material="wood" x="7.0322590123" y="-0.8497505035464867" rotation="0" />
<Block type="RectBig" material="wood" x="7.0322590123278585" y="-0.6297505035464868" rotation="0" />
<Block type="RectTiny" material="stone" x="-1.9819511229" y="2.8703565966" rotation="0" />
<Block type="RectTiny" material="stone" x="-1.3769511229" y="2.8703565966" rotation="0" />
<Block type="RectTiny" material="wood" x="-0.7719511229" y="2.8703565966" rotation="0" />
<Block type="RectTiny" material="stone" x="-1.9819511229" y="3.0903565966" rotation="0" />
<Block type="RectTiny" material="stone" x="-1.3769511229" y="3.0903565966" rotation="0" />
<Block type="RectTiny" material="wood" x="-0.7719511229" y="3.0903565966" rotation="0" />
<Block type="SquareSmall" material="wood" x="-1.9819511229" y="3.4153565966" rotation="0" />
<Block type="SquareSmall" material="wood" x="-1.3769511229" y="3.4153565966" rotation="0" />
<Block type="SquareSmall" material="wood" x="-0.7719511229" y="3.4153565966" rotation="0" />
<Block type="RectTiny" material="wood" x="-1.9269511229" y="3.8453565966" rotation="90" />
<Block type="RectTiny" material="wood" x="-1.3769511229" y="3.8453565966" rotation="90" />
<Block type="RectTiny" material="wood" x="-0.8269511229" y="3.8453565966" rotation="90" />
<Block type="RectSmall" material="wood" x="-1.9269511229" y="4.4853565966" rotation="90" />
<Block type="RectSmall" material="wood" x="-1.3769511229" y="4.4853565966" rotation="90" />
<Block type="RectSmall" material="wood" x="-0.8269511229" y="4.4853565966" rotation="90" />
<Block type="RectMedium" material="ice" x="-2.873275725094143" y="-3.39" rotation="0" />
<Block type="RectMedium" material="wood" x="-2.873275725094143" y="-3.1700000000000004" rotation="0" />
<Block type="SquareTiny" material="ice" x="-2.873275725094143" y="-2.9500000000000006" rotation="0" />
<Block type="SquareHole" material="wood" x="-2.873275725094143" y="-2.420000000000001" rotation="0" />
<Block type="RectBig" material="wood" x="-2.873275725094143" y="-1.8900000000000008" rotation="0" />
<Block type="TriangleHole" material="ice" x="-0.1863696016" y="0.6554341311" rotation="0" />
<Block type="CircleSmall" material="wood" x="-1.3769511229" y="5.1353565966" rotation="0" />
<Block type="TriangleHole" material="wood" x="5.3897590123" y="-2.0497505035" rotation="0" />
<Block type="CircleSmall" material="wood" x="3.4858894108" y="0.5906895234" rotation="0" />
<Block type="TriangleHole" material="wood" x="7.0322590123" y="-0.1097505035" rotation="0" />
<Block type="CircleSmall" material="stone" x="6.3455923457" y="-0.2947505035" rotation="0" />
<Block type="CircleSmall" material="ice" x="-0.8269511229" y="5.1353565966" rotation="0" />
<Pig type="BasicSmall" material="" x="3.2458894108" y="-2.659310476621291" rotation="0" />
<Pig type="BasicSmall" material="" x="-1.9269511229" y="5.1353565966" rotation="0" />
<Pig type="BasicSmall" material="" x="8.6747590123" y="-2.2347505035464867" rotation="0" />
<Pig type="BasicSmall" material="" x="-0.9063696016" y="0.4704341311351563" rotation="0" />
<Pig type="BasicSmall" material="" x="7.718925679" y="-0.2947505035464868" rotation="0" />
<Platform type="Platform" material="" x="-2.306951122923265" y="2.450356596603255" />
<Platform type="Platform" material="" x="-1.6869511229232652" y="2.450356596603255" />
<Platform type="Platform" material="" x="-1.066951122923265" y="2.450356596603255" />
<Platform type="Platform" material="" x="-0.4469511229232652" y="2.450356596603255" />
<Platform type="Platform" material="" x="-0.5463696015628257" y="-3.4745658688648438" />
<Platform type="Platform" material="" x="-0.5463696015628257" y="-4.094565868864843" />
<Platform type="Platform" material="" x="-0.5463696015628257" y="-4.7145658688648435" />
<Platform type="Platform" material="" x="0.07363039843717434" y="-3.4745658688648438" />
<Platform type="Platform" material="" x="-1.1663696015628258" y="-3.4745658688648438" />
<Platform type="Platform" material="" x="0.07363039843717434" y="-4.094565868864843" />
<Platform type="Platform" material="" x="-1.1663696015628258" y="-4.094565868864843" />
<Platform type="Platform" material="" x="0.07363039843717434" y="-4.7145658688648435" />
<Platform type="Platform" material="" x="-1.1663696015628258" y="-4.7145658688648435" />
<Platform type="Platform" material="" x="0.17363039843717437" y="-3.4745658688648438" />
<Platform type="Platform" material="" x="-1.2663696015628259" y="-3.4745658688648438" />
<Platform type="Platform" material="" x="0.17363039843717437" y="-4.094565868864843" />
<Platform type="Platform" material="" x="-1.2663696015628259" y="-4.094565868864843" />
<Platform type="Platform" material="" x="0.17363039843717437" y="-4.7145658688648435" />
<Platform type="Platform" material="" x="-1.2663696015628259" y="-4.7145658688648435" />
<Platform type="Platform" material="" x="3.485889410765033" y="-3.194310476621291" />
<Platform type="Platform" material="" x="3.485889410765033" y="-3.8143104766212907" />
<Platform type="Platform" material="" x="3.485889410765033" y="-4.434310476621291" />
<Platform type="Platform" material="" x="4.105889410765033" y="-3.194310476621291" />
<Platform type="Platform" material="" x="2.865889410765033" y="-3.194310476621291" />
<Platform type="Platform" material="" x="4.105889410765033" y="-3.8143104766212907" />
<Platform type="Platform" material="" x="2.865889410765033" y="-3.8143104766212907" />
<Platform type="Platform" material="" x="4.105889410765033" y="-4.434310476621291" />
<Platform type="Platform" material="" x="2.865889410765033" y="-4.434310476621291" />
<Platform type="Platform" material="" x="4.520889410765033" y="-3.194310476621291" />
<Platform type="Platform" material="" x="2.4508894107650327" y="-3.194310476621291" />
<Platform type="Platform" material="" x="4.520889410765033" y="-3.8143104766212907" />
<Platform type="Platform" material="" x="2.4508894107650327" y="-3.8143104766212907" />
<Platform type="Platform" material="" x="4.520889410765033" y="-4.434310476621291" />
<Platform type="Platform" material="" x="2.4508894107650327" y="-4.434310476621291" />
<Platform type="Platform" material="" x="7.0322590123278585" y="-3.209750503546487" />
<Platform type="Platform" material="" x="7.0322590123278585" y="-3.829750503546487" />
<Platform type="Platform" material="" x="7.0322590123278585" y="-4.449750503546487" />
<Platform type="Platform" material="" x="7.652259012327859" y="-3.209750503546487" />
<Platform type="Platform" material="" x="6.412259012327858" y="-3.209750503546487" />
<Platform type="Platform" material="" x="7.652259012327859" y="-3.829750503546487" />
<Platform type="Platform" material="" x="6.412259012327858" y="-3.829750503546487" />
<Platform type="Platform" material="" x="7.652259012327859" y="-4.449750503546487" />
<Platform type="Platform" material="" x="6.412259012327858" y="-4.449750503546487" />
<Platform type="Platform" material="" x="8.272259012327858" y="-3.209750503546487" />
<Platform type="Platform" material="" x="5.792259012327858" y="-3.209750503546487" />
<Platform type="Platform" material="" x="8.272259012327858" y="-3.829750503546487" />
<Platform type="Platform" material="" x="5.792259012327858" y="-3.829750503546487" />
<Platform type="Platform" material="" x="8.272259012327858" y="-4.449750503546487" />
<Platform type="Platform" material="" x="5.792259012327858" y="-4.449750503546487" />
<Platform type="Platform" material="" x="8.644759012327858" y="-3.209750503546487" />
<Platform type="Platform" material="" x="5.419759012327858" y="-3.209750503546487" />
<Platform type="Platform" material="" x="8.644759012327858" y="-3.829750503546487" />
<Platform type="Platform" material="" x="5.419759012327858" y="-3.829750503546487" />
<Platform type="Platform" material="" x="8.644759012327858" y="-4.449750503546487" />
<Platform type="Platform" material="" x="5.419759012327858" y="-4.449750503546487" />
<Platform type="Platform" material="" x="1.3639494320680514" y="-3.3344381727430674" rotation="9.598353439151582" scaleX="2.7109494512477235" />
<Platform type="Platform" material="" x="1.3639494320680514" y="-3.9544381727430675" rotation="9.598353439151582" scaleX="2.7109494512477235" />
<Platform type="Platform" material="" x="1.3122599046011034" y="-3.4745658688648438" rotation="0.0" scaleX="2.7109494512477235" />
<Platform type="Platform" material="" x="1.3122599046011034" y="-4.094565868864843" rotation="0.0" scaleX="2.7109494512477235" />
<Platform type="Platform" material="" x="1.3122599046011034" y="-4.7145658688648435" rotation="0.0" scaleX="2.7109494512477235" />
<Platform type="Platform" material="" x="4.953186850915843" y="-3.2020304900838887" rotation="-3.169029843863601" scaleX="0.4504785555374585" />
<Platform type="Platform" material="" x="4.953186850915843" y="-3.822030490083889" rotation="-3.169029843863601" scaleX="0.4504785555374585" />
<Platform type="Platform" material="" x="4.970324211546446" y="-3.209750503546487" rotation="0.0" scaleX="0.4504785555374585" />
<Platform type="Platform" material="" x="4.970324211546446" y="-3.829750503546487" rotation="0.0" scaleX="0.4504785555374585" />
<Platform type="Platform" material="" x="4.970324211546446" y="-4.449750503546487" rotation="0.0" scaleX="0.4504785555374585" />
</GameObjects>
</Level>
