<?xml version="1.0" encoding="utf-16"?>
<Level width ="2">
<Camera x="0" y="2" minWidth="20" maxWidth="30">
<Score highScore ="40080">
<Birds>
<Bird type="BirdBlue"/>
<Bird type="BirdYellow"/>
<Bird type="BirdBlack"/>
</Birds>
<Slingshot x="-8" y="-2.5">
<GameObjects>
<Block type="SquareHole" material="wood" x="-2.0814659906" y="-3.08" rotation="0" />
<Block type="SquareHole" material="wood" x="-0.2414659906" y="-3.08" rotation="0" />
<Block type="RectMedium" material="ice" x="-2.3964659906" y="-1.82" rotation="90" />
<Block type="RectMedium" material="wood" x="-1.7664659906" y="-1.82" rotation="90" />
<Block type="RectMedium" material="stone" x="-0.5564659906" y="-1.82" rotation="90" />
<Block type="RectMedium" material="wood" x="0.0735340094" y="-1.82" rotation="90" />
<Block type="RectFat" material="wood" x="-2.0814659906" y="-0.765" rotation="0" />
<Block type="RectFat" material="wood" x="-0.2414659906" y="-0.765" rotation="0" />
<Block type="RectBig" material="wood" x="-1.1614659906" y="-0.44" rotation="0" />
<Block type="RectBig" material="wood" x="-1.1614659906" y="-0.22" rotation="0" />
<Block type="RectFat" material="wood" x="-1.1614659906448725" y="0.105" rotation="0" />
<Block type="RectTiny" material="stone" x="1.7089605111" y="-2.9067057199981385" rotation="0" />
<Block type="RectTiny" material="stone" x="2.3489605111" y="-2.9067057199981385" rotation="0" />
<Block type="RectTiny" material="stone" x="2.9889605111" y="-2.9067057199981385" rotation="0" />
<Block type="RectTiny" material="stone" x="3.6289605111" y="-2.9067057199981385" rotation="0" />
<Block type="RectTiny" material="stone" x="4.2689605111" y="-2.9067057199981385" rotation="0" />
<Block type="RectTiny" material="ice" x="1.7089605111" y="-2.6867057199981383" rotation="0" />
<Block type="RectTiny" material="stone" x="2.3489605111" y="-2.6867057199981383" rotation="0" />
<Block type="RectTiny" material="wood" x="2.9889605111" y="-2.6867057199981383" rotation="0" />
<Block type="RectTiny" material="stone" x="3.6289605111" y="-2.6867057199981383" rotation="0" />
<Block type="RectTiny" material="stone" x="4.2689605111" y="-2.6867057199981383" rotation="0" />
<Block type="RectFat" material="ice" x="1.7089605111" y="-2.151705719998138" rotation="90" />
<Block type="RectFat" material="ice" x="2.3489605111" y="-2.151705719998138" rotation="90" />
<Block type="RectFat" material="wood" x="2.9889605111" y="-2.151705719998138" rotation="90" />
<Block type="RectFat" material="stone" x="3.6289605111" y="-2.151705719998138" rotation="90" />
<Block type="RectFat" material="stone" x="4.2689605111" y="-2.151705719998138" rotation="90" />
<Block type="RectTiny" material="ice" x="1.7089605111" y="-1.6167057199981385" rotation="0" />
<Block type="RectTiny" material="ice" x="2.3489605111" y="-1.6167057199981385" rotation="0" />
<Block type="RectTiny" material="wood" x="2.9889605111" y="-1.6167057199981385" rotation="0" />
<Block type="RectTiny" material="wood" x="3.6289605111" y="-1.6167057199981385" rotation="0" />
<Block type="RectTiny" material="stone" x="4.2689605111" y="-1.6167057199981385" rotation="0" />
<Block type="RectTiny" material="ice" x="1.7089605111" y="-1.3967057199981383" rotation="0" />
<Block type="RectTiny" material="ice" x="2.3489605111" y="-1.3967057199981383" rotation="0" />
<Block type="RectTiny" material="wood" x="2.9889605111" y="-1.3967057199981383" rotation="0" />
<Block type="RectTiny" material="wood" x="3.6289605111" y="-1.3967057199981383" rotation="0" />
<Block type="RectTiny" material="wood" x="4.2689605111" y="-1.3967057199981383" rotation="0" />
<Block type="RectTiny" material="stone" x="1.7089605111" y="-1.1767057199981381" rotation="0" />
<Block type="RectTiny" material="stone" x="2.3489605111" y="-1.1767057199981381" rotation="0" />
<Block type="RectTiny" material="ice" x="2.9889605111" y="-1.1767057199981381" rotation="0" />
<Block type="RectTiny" material="ice" x="3.6289605111" y="-1.1767057199981381" rotation="0" />
<Block type="RectTiny" material="ice" x="4.2689605111" y="-1.1767057199981381" rotation="0" />
<Block type="SquareSmall" material="stone" x="1.7089605111" y="-0.8517057199981383" rotation="0" />
<Block type="SquareSmall" material="stone" x="2.3489605111" y="-0.8517057199981383" rotation="0" />
<Block type="SquareSmall" material="stone" x="2.9889605111" y="-0.8517057199981383" rotation="0" />
<Block type="SquareSmall" material="ice" x="3.6289605111" y="-0.8517057199981383" rotation="0" />
<Block type="SquareSmall" material="wood" x="4.2689605111" y="-0.8517057199981383" rotation="0" />
<Block type="RectTiny" material="ice" x="1.7089605111" y="-0.5267057199981383" rotation="0" />
<Block type="RectTiny" material="ice" x="2.3489605111" y="-0.5267057199981383" rotation="0" />
<Block type="RectTiny" material="ice" x="2.9889605111" y="-0.5267057199981383" rotation="0" />
<Block type="RectTiny" material="ice" x="3.6289605111" y="-0.5267057199981383" rotation="0" />
<Block type="RectTiny" material="ice" x="4.2689605111" y="-0.5267057199981383" rotation="0" />
<Block type="RectTiny" material="ice" x="1.7089605111" y="-0.30670571999813834" rotation="0" />
<Block type="RectTiny" material="ice" x="2.3489605111" y="-0.30670571999813834" rotation="0" />
<Block type="RectTiny" material="ice" x="2.9889605111" y="-0.30670571999813834" rotation="0" />
<Block type="RectTiny" material="ice" x="3.6289605111" y="-0.30670571999813834" rotation="0" />
<Block type="RectTiny" material="ice" x="4.2689605111" y="-0.30670571999813834" rotation="0" />
<Block type="RectTiny" material="wood" x="1.7089605111" y="-0.08670571999813825" rotation="0" />
<Block type="RectTiny" material="ice" x="2.3489605111" y="-0.08670571999813825" rotation="0" />
<Block type="RectTiny" material="stone" x="2.9889605111" y="-0.08670571999813825" rotation="0" />
<Block type="RectTiny" material="stone" x="3.6289605111" y="-0.08670571999813825" rotation="0" />
<Block type="RectTiny" material="ice" x="4.2689605111" y="-0.08670571999813825" rotation="0" />
<Block type="RectTiny" material="wood" x="1.7089605111" y="0.2382942800018617" rotation="90" />
<Block type="RectTiny" material="wood" x="2.3489605111" y="0.2382942800018617" rotation="90" />
<Block type="RectTiny" material="wood" x="2.9889605111" y="0.2382942800018617" rotation="90" />
<Block type="RectTiny" material="ice" x="3.6289605111" y="0.2382942800018617" rotation="90" />
<Block type="RectTiny" material="ice" x="4.2689605111" y="0.2382942800018617" rotation="90" />
<Block type="RectTiny" material="ice" x="5.6704265018" y="-2.984301319440585" rotation="0" />
<Block type="RectTiny" material="ice" x="6.4104265018" y="-2.984301319440585" rotation="0" />
<Block type="RectTiny" material="stone" x="7.1504265018" y="-2.984301319440585" rotation="0" />
<Block type="RectTiny" material="ice" x="7.8904265018" y="-2.984301319440585" rotation="0" />
<Block type="RectTiny" material="ice" x="8.6304265018" y="-2.984301319440585" rotation="0" />
<Block type="RectTiny" material="wood" x="5.6704265018" y="-2.7643013194405848" rotation="0" />
<Block type="RectTiny" material="ice" x="6.4104265018" y="-2.7643013194405848" rotation="0" />
<Block type="RectTiny" material="stone" x="7.1504265018" y="-2.7643013194405848" rotation="0" />
<Block type="RectTiny" material="ice" x="7.8904265018" y="-2.7643013194405848" rotation="0" />
<Block type="RectTiny" material="ice" x="8.6304265018" y="-2.7643013194405848" rotation="0" />
<Block type="RectFat" material="wood" x="5.6704265018" y="-2.2293013194405846" rotation="90" />
<Block type="RectFat" material="wood" x="6.4104265018" y="-2.2293013194405846" rotation="90" />
<Block type="RectFat" material="stone" x="7.1504265018" y="-2.2293013194405846" rotation="90" />
<Block type="RectFat" material="ice" x="7.8904265018" y="-2.2293013194405846" rotation="90" />
<Block type="RectFat" material="ice" x="8.6304265018" y="-2.2293013194405846" rotation="90" />
<Block type="RectFat" material="wood" x="5.6704265018" y="-1.3793013194405845" rotation="90" />
<Block type="RectFat" material="wood" x="6.4104265018" y="-1.3793013194405845" rotation="90" />
<Block type="RectFat" material="wood" x="7.1504265018" y="-1.3793013194405845" rotation="90" />
<Block type="RectFat" material="ice" x="7.8904265018" y="-1.3793013194405845" rotation="90" />
<Block type="RectFat" material="ice" x="8.6304265018" y="-1.3793013194405845" rotation="90" />
<Block type="RectFat" material="wood" x="5.6704265018" y="-0.5293013194405848" rotation="90" />
<Block type="RectFat" material="wood" x="6.4104265018" y="-0.5293013194405848" rotation="90" />
<Block type="RectFat" material="stone" x="7.1504265018" y="-0.5293013194405848" rotation="90" />
<Block type="RectFat" material="wood" x="7.8904265018" y="-0.5293013194405848" rotation="90" />
<Block type="RectFat" material="ice" x="8.6304265018" y="-0.5293013194405848" rotation="90" />
<Block type="RectTiny" material="stone" x="5.6704265018" y="0.005698680559415248" rotation="0" />
<Block type="RectTiny" material="stone" x="6.4104265018" y="0.005698680559415248" rotation="0" />
<Block type="RectTiny" material="stone" x="7.1504265018" y="0.005698680559415248" rotation="0" />
<Block type="RectTiny" material="wood" x="7.8904265018" y="0.005698680559415248" rotation="0" />
<Block type="RectTiny" material="stone" x="8.6304265018" y="0.005698680559415248" rotation="0" />
<Block type="RectTiny" material="wood" x="-2.1744648923" y="2.3987888966" rotation="0" />
<Block type="RectTiny" material="ice" x="-1.6144648923" y="2.3987888966" rotation="0" />
<Block type="RectTiny" material="ice" x="-1.0544648923" y="2.3987888966" rotation="0" />
<Block type="RectTiny" material="stone" x="-0.4944648923" y="2.3987888966" rotation="0" />
<Block type="RectTiny" material="stone" x="0.0655351077" y="2.3987888966" rotation="0" />
<Block type="RectTiny" material="wood" x="-2.1744648923" y="2.6187888966" rotation="0" />
<Block type="RectTiny" material="ice" x="-1.6144648923" y="2.6187888966" rotation="0" />
<Block type="RectTiny" material="ice" x="-1.0544648923" y="2.6187888966" rotation="0" />
<Block type="RectTiny" material="stone" x="-0.4944648923" y="2.6187888966" rotation="0" />
<Block type="RectTiny" material="stone" x="0.0655351077" y="2.6187888966" rotation="0" />
<Block type="RectFat" material="ice" x="-2.1744648923" y="3.1537888966" rotation="90" />
<Block type="RectFat" material="ice" x="-1.6144648923" y="3.1537888966" rotation="90" />
<Block type="RectFat" material="ice" x="-1.0544648923" y="3.1537888966" rotation="90" />
<Block type="RectFat" material="wood" x="-0.4944648923" y="3.1537888966" rotation="90" />
<Block type="RectFat" material="wood" x="0.0655351077" y="3.1537888966" rotation="90" />
<Block type="RectTiny" material="wood" x="-2.1744648923" y="3.6887888966" rotation="0" />
<Block type="RectTiny" material="wood" x="-1.6144648923" y="3.6887888966" rotation="0" />
<Block type="RectTiny" material="wood" x="-1.0544648923" y="3.6887888966" rotation="0" />
<Block type="RectTiny" material="wood" x="-0.4944648923" y="3.6887888966" rotation="0" />
<Block type="RectTiny" material="ice" x="0.0655351077" y="3.6887888966" rotation="0" />
<Block type="SquareSmall" material="wood" x="-2.1744648923" y="4.0137888966" rotation="0" />
<Block type="SquareSmall" material="stone" x="-1.6144648923" y="4.0137888966" rotation="0" />
<Block type="SquareSmall" material="stone" x="-1.0544648923" y="4.0137888966" rotation="0" />
<Block type="SquareSmall" material="stone" x="-0.4944648923" y="4.0137888966" rotation="0" />
<Block type="SquareSmall" material="wood" x="0.0655351077" y="4.0137888966" rotation="0" />
<Block type="CircleSmall" material="ice" x="5.6704265018" y="0.3406986806" rotation="0" />
<Block type="Circle" material="ice" x="2.3489605111" y="0.85329428" rotation="0" />
<Block type="CircleSmall" material="ice" x="-0.8781326573" y="0.545" rotation="0" />
<Block type="CircleSmall" material="stone" x="2.9889605111" y="0.67829428" rotation="0" />
<Block type="TriangleHole" material="wood" x="7.1504265018" y="0.5256986806" rotation="0" />
<Block type="Circle" material="stone" x="-1.0544648923" y="4.6287888966" rotation="0" />
<Block type="CircleSmall" material="ice" x="-2.1744648923" y="4.4537888966" rotation="0" />
<Block type="CircleSmall" material="ice" x="1.7089605111" y="0.67829428" rotation="0" />
<Block type="Circle" material="wood" x="3.6289605111" y="0.85329428" rotation="0" />
<Block type="CircleSmall" material="wood" x="6.4104265018" y="0.3406986806" rotation="0" />
<Block type="TriangleHole" material="ice" x="0.0655351077" y="4.6387888966" rotation="0" />
<Block type="CircleSmall" material="ice" x="-1.444799324" y="0.545" rotation="0" />
<Block type="CircleSmall" material="stone" x="7.8904265018" y="0.3406986806" rotation="0" />
<Block type="CircleSmall" material="stone" x="4.2689605111" y="0.67829428" rotation="0" />
<Block type="CircleSmall" material="wood" x="8.6304265018" y="0.3406986806" rotation="0" />
<Pig type="BasicSmall" material="" x="-1.4114659906" y="-3.275" rotation="0" />
<Pig type="BasicSmall" material="" x="-0.9114659906" y="-3.275" rotation="0" />
<Platform type="Platform" material="" x="-2.604464892294379" y="1.978788896638921" />
<Platform type="Platform" material="" x="-1.984464892294379" y="1.978788896638921" />
<Platform type="Platform" material="" x="-1.3644648922943792" y="1.978788896638921" />
<Platform type="Platform" material="" x="-0.7444648922943791" y="1.978788896638921" />
<Platform type="Platform" material="" x="-0.12446489229437918" y="1.978788896638921" />
<Platform type="Platform" material="" x="0.4955351077056209" y="1.978788896638921" />
<Platform type="Platform" material="" x="-1.1614659906448725" y="-3.81" />
<Platform type="Platform" material="" x="-1.1614659906448725" y="-4.43" />
<Platform type="Platform" material="" x="-1.1614659906448725" y="-5.05" />
<Platform type="Platform" material="" x="-0.5414659906448726" y="-3.81" />
<Platform type="Platform" material="" x="-1.7814659906448727" y="-3.81" />
<Platform type="Platform" material="" x="-0.5414659906448726" y="-4.43" />
<Platform type="Platform" material="" x="-1.7814659906448727" y="-4.43" />
<Platform type="Platform" material="" x="-0.5414659906448726" y="-5.05" />
<Platform type="Platform" material="" x="-1.7814659906448727" y="-5.05" />
<Platform type="Platform" material="" x="-0.12646599064487257" y="-3.81" />
<Platform type="Platform" material="" x="-2.1964659906448727" y="-3.81" />
<Platform type="Platform" material="" x="-0.12646599064487257" y="-4.43" />
<Platform type="Platform" material="" x="-2.1964659906448727" y="-4.43" />
<Platform type="Platform" material="" x="-0.12646599064487257" y="-5.05" />
<Platform type="Platform" material="" x="-2.1964659906448727" y="-5.05" />
<Platform type="Platform" material="" x="2.9889605111302977" y="-3.3267057199981385" />
<Platform type="Platform" material="" x="2.9889605111302977" y="-3.946705719998138" />
<Platform type="Platform" material="" x="2.9889605111302977" y="-4.566705719998138" />
<Platform type="Platform" material="" x="3.608960511130298" y="-3.3267057199981385" />
<Platform type="Platform" material="" x="2.3689605111302976" y="-3.3267057199981385" />
<Platform type="Platform" material="" x="3.608960511130298" y="-3.946705719998138" />
<Platform type="Platform" material="" x="2.3689605111302976" y="-3.946705719998138" />
<Platform type="Platform" material="" x="3.608960511130298" y="-4.566705719998138" />
<Platform type="Platform" material="" x="2.3689605111302976" y="-4.566705719998138" />
<Platform type="Platform" material="" x="4.173960511130298" y="-3.3267057199981385" />
<Platform type="Platform" material="" x="1.8039605111302972" y="-3.3267057199981385" />
<Platform type="Platform" material="" x="4.173960511130298" y="-3.946705719998138" />
<Platform type="Platform" material="" x="1.8039605111302972" y="-3.946705719998138" />
<Platform type="Platform" material="" x="4.173960511130298" y="-4.566705719998138" />
<Platform type="Platform" material="" x="1.8039605111302972" y="-4.566705719998138" />
<Platform type="Platform" material="" x="7.15042650177517" y="-3.404301319440585" />
<Platform type="Platform" material="" x="7.15042650177517" y="-4.024301319440585" />
<Platform type="Platform" material="" x="7.15042650177517" y="-4.644301319440585" />
<Platform type="Platform" material="" x="7.77042650177517" y="-3.404301319440585" />
<Platform type="Platform" material="" x="6.53042650177517" y="-3.404301319440585" />
<Platform type="Platform" material="" x="7.77042650177517" y="-4.024301319440585" />
<Platform type="Platform" material="" x="6.53042650177517" y="-4.024301319440585" />
<Platform type="Platform" material="" x="7.77042650177517" y="-4.644301319440585" />
<Platform type="Platform" material="" x="6.53042650177517" y="-4.644301319440585" />
<Platform type="Platform" material="" x="8.39042650177517" y="-3.404301319440585" />
<Platform type="Platform" material="" x="5.91042650177517" y="-3.404301319440585" />
<Platform type="Platform" material="" x="8.39042650177517" y="-4.024301319440585" />
<Platform type="Platform" material="" x="5.91042650177517" y="-4.024301319440585" />
<Platform type="Platform" material="" x="8.39042650177517" y="-4.644301319440585" />
<Platform type="Platform" material="" x="5.91042650177517" y="-4.644301319440585" />
<Platform type="Platform" material="" x="8.53542650177517" y="-3.404301319440585" />
<Platform type="Platform" material="" x="5.7654265017751705" y="-3.404301319440585" />
<Platform type="Platform" material="" x="8.53542650177517" y="-4.024301319440585" />
<Platform type="Platform" material="" x="5.7654265017751705" y="-4.024301319440585" />
<Platform type="Platform" material="" x="8.53542650177517" y="-4.644301319440585" />
<Platform type="Platform" material="" x="5.7654265017751705" y="-4.644301319440585" />
<Platform type="Platform" material="" x="0.9460147159818488" y="-3.5683528599990693" rotation="20.24432016565229" scaleX="2.2527535340130735" />
<Platform type="Platform" material="" x="0.9460147159818488" y="-4.188352859999069" rotation="20.24432016565229" scaleX="2.2527535340130735" />
<Platform type="Platform" material="" x="0.8387472602427123" y="-3.81" rotation="0.0" scaleX="2.2527535340130735" />
<Platform type="Platform" material="" x="0.8387472602427123" y="-4.43" rotation="0.0" scaleX="2.2527535340130735" />
<Platform type="Platform" material="" x="0.8387472602427123" y="-5.05" rotation="0.0" scaleX="2.2527535340130735" />
<Platform type="Platform" material="" x="4.945010947002463" y="-3.3655035197193617" rotation="-4.566790312307901" scaleX="1.5718710127849727" />
<Platform type="Platform" material="" x="4.945010947002463" y="-3.985503519719362" rotation="-4.566790312307901" scaleX="1.5718710127849727" />
<Platform type="Platform" material="" x="4.969693506452734" y="-3.404301319440585" rotation="0.0" scaleX="1.5718710127849727" />
<Platform type="Platform" material="" x="4.969693506452734" y="-4.024301319440585" rotation="0.0" scaleX="1.5718710127849727" />
<Platform type="Platform" material="" x="4.969693506452734" y="-4.644301319440585" rotation="0.0" scaleX="1.5718710127849727" />
</GameObjects>
</Level>
