<?xml version="1.0" encoding="utf-16"?>
<Level width ="2">
<Camera x="0" y="2" minWidth="20" maxWidth="30">
<Score highScore ="73250">
<Birds>
<Bird type="BirdYellow"/>
<Bird type="BirdBlue"/>
<Bird type="BirdBlack"/>
<Bird type="BirdRed"/>
</Birds>
<Slingshot x="-8" y="-2.5">
<GameObjects>
<Block type="RectFat" material="stone" x="-2.5998376943" y="-3.075" rotation="90" />
<Block type="RectFat" material="stone" x="-2.0898376943" y="-3.075" rotation="90" />
<Block type="RectFat" material="stone" x="-1.5798376943" y="-3.075" rotation="90" />
<Block type="RectFat" material="stone" x="-1.0698376943" y="-3.075" rotation="90" />
<Block type="RectFat" material="stone" x="-0.5598376943" y="-3.075" rotation="90" />
<Block type="RectTiny" material="stone" x="-2.5998376943" y="-2.435" rotation="90" />
<Block type="RectTiny" material="stone" x="-2.0898376943" y="-2.435" rotation="90" />
<Block type="RectTiny" material="stone" x="-1.5798376943" y="-2.435" rotation="90" />
<Block type="RectTiny" material="stone" x="-1.0698376943" y="-2.435" rotation="90" />
<Block type="RectTiny" material="stone" x="-0.5598376943" y="-2.435" rotation="90" />
<Block type="RectTiny" material="ice" x="-2.5998376943" y="-2.005" rotation="90" />
<Block type="RectTiny" material="ice" x="-2.0898376943" y="-2.005" rotation="90" />
<Block type="RectTiny" material="ice" x="-1.5798376943" y="-2.005" rotation="90" />
<Block type="RectTiny" material="ice" x="-1.0698376943" y="-2.005" rotation="90" />
<Block type="RectTiny" material="ice" x="-0.5598376943" y="-2.005" rotation="90" />
<Block type="RectTiny" material="wood" x="0.322191393" y="-3.39" rotation="0" />
<Block type="RectTiny" material="wood" x="1.097191393" y="-3.39" rotation="0" />
<Block type="RectTiny" material="stone" x="1.872191393" y="-3.39" rotation="0" />
<Block type="RectTiny" material="ice" x="2.682191393" y="-3.39" rotation="0" />
<Block type="RectTiny" material="ice" x="3.457191393" y="-3.39" rotation="0" />
<Block type="RectTiny" material="ice" x="4.232191393" y="-3.39" rotation="0" />
<Block type="RectTiny" material="wood" x="0.322191393" y="-3.065" rotation="90" />
<Block type="RectTiny" material="wood" x="1.097191393" y="-3.065" rotation="90" />
<Block type="RectTiny" material="stone" x="1.872191393" y="-3.065" rotation="90" />
<Block type="RectTiny" material="stone" x="2.682191393" y="-3.065" rotation="90" />
<Block type="RectTiny" material="ice" x="3.457191393" y="-3.065" rotation="90" />
<Block type="RectTiny" material="ice" x="4.232191393" y="-3.065" rotation="90" />
<Block type="SquareTiny" material="wood" x="0.322191393" y="-2.74" rotation="0" />
<Block type="SquareTiny" material="wood" x="1.097191393" y="-2.74" rotation="0" />
<Block type="SquareTiny" material="stone" x="1.872191393" y="-2.74" rotation="0" />
<Block type="SquareTiny" material="stone" x="2.682191393" y="-2.74" rotation="0" />
<Block type="SquareTiny" material="ice" x="3.457191393" y="-2.74" rotation="0" />
<Block type="SquareTiny" material="wood" x="4.232191393" y="-2.74" rotation="0" />
<Block type="SquareHole" material="ice" x="0.632191393" y="-2.21" rotation="0" />
<Block type="SquareHole" material="wood" x="1.562191393" y="-2.21" rotation="0" />
<Block type="SquareHole" material="wood" x="2.992191393" y="-2.21" rotation="0" />
<Block type="SquareHole" material="wood" x="3.922191393" y="-2.21" rotation="0" />
<Block type="SquareSmall" material="wood" x="0.632191393" y="-1.575" rotation="0" />
<Block type="SquareSmall" material="wood" x="1.562191393" y="-1.575" rotation="0" />
<Block type="SquareSmall" material="ice" x="2.992191393" y="-1.575" rotation="0" />
<Block type="SquareSmall" material="ice" x="3.922191393" y="-1.575" rotation="0" />
<Block type="SquareSmall" material="wood" x="0.632191393" y="-1.145" rotation="0" />
<Block type="SquareSmall" material="ice" x="1.562191393" y="-1.145" rotation="0" />
<Block type="SquareSmall" material="ice" x="2.992191393" y="-1.145" rotation="0" />
<Block type="SquareSmall" material="ice" x="3.922191393" y="-1.145" rotation="0" />
<Block type="RectFat" material="wood" x="5.1720290873" y="-3.285" rotation="0" />
<Block type="RectFat" material="ice" x="6.8570290873" y="-3.285" rotation="0" />
<Block type="RectFat" material="stone" x="8.5420290873" y="-3.285" rotation="0" />
<Block type="RectTiny" material="wood" x="5.1720290873" y="-2.96" rotation="0" />
<Block type="RectTiny" material="ice" x="6.6320290873" y="-2.96" rotation="0" />
<Block type="RectTiny" material="ice" x="7.0820290873" y="-2.96" rotation="0" />
<Block type="RectTiny" material="stone" x="8.5420290873" y="-2.96" rotation="0" />
<Block type="RectMedium" material="wood" x="5.9020290873" y="-2.74" rotation="0" />
<Block type="RectMedium" material="stone" x="7.8120290873" y="-2.74" rotation="0" />
<Block type="RectMedium" material="wood" x="5.9020290873" y="-2.52" rotation="0" />
<Block type="RectMedium" material="wood" x="7.8120290873" y="-2.52" rotation="0" />
<Block type="RectMedium" material="wood" x="5.9020290873" y="-2.3" rotation="0" />
<Block type="RectMedium" material="stone" x="7.8120290873" y="-2.3" rotation="0" />
<Block type="RectTiny" material="wood" x="5.5470290873" y="-1.975" rotation="90" />
<Block type="RectTiny" material="stone" x="6.2570290873" y="-1.975" rotation="90" />
<Block type="RectTiny" material="wood" x="7.4570290873" y="-1.975" rotation="90" />
<Block type="RectTiny" material="wood" x="8.1670290873" y="-1.975" rotation="90" />
<Block type="SquareTiny" material="wood" x="0.4735106198" y="2.4862138411" rotation="0" />
<Block type="SquareTiny" material="wood" x="0.7835106198" y="2.4862138411" rotation="0" />
<Block type="SquareTiny" material="wood" x="1.2035106198" y="2.4862138411" rotation="0" />
<Block type="SquareTiny" material="ice" x="1.6235106198" y="2.4862138411" rotation="0" />
<Block type="SquareTiny" material="ice" x="1.9335106198" y="2.4862138411" rotation="0" />
<Block type="SquareTiny" material="wood" x="0.4735106198" y="2.7062138411" rotation="0" />
<Block type="SquareTiny" material="wood" x="0.7835106198" y="2.7062138411" rotation="0" />
<Block type="SquareTiny" material="ice" x="1.2035106198" y="2.7062138411" rotation="0" />
<Block type="SquareTiny" material="ice" x="1.6235106198" y="2.7062138411" rotation="0" />
<Block type="SquareTiny" material="ice" x="1.9335106198" y="2.7062138411" rotation="0" />
<Block type="RectMedium" material="stone" x="1.2035106198" y="2.9262138411" rotation="0" />
<Block type="RectMedium" material="wood" x="1.2035106198" y="3.1462138411" rotation="0" />
<Block type="RectTiny" material="stone" x="0.5135106198" y="3.4712138411" rotation="90" />
<Block type="RectTiny" material="ice" x="1.2035106198" y="3.4712138411" rotation="90" />
<Block type="RectTiny" material="stone" x="1.8935106198" y="3.4712138411" rotation="90" />
<Block type="RectTiny" material="stone" x="0.5135106198" y="3.9012138411" rotation="90" />
<Block type="RectTiny" material="wood" x="1.2035106198" y="3.9012138411" rotation="90" />
<Block type="RectTiny" material="ice" x="1.8935106198" y="3.9012138411" rotation="90" />
<Block type="Circle" material="wood" x="1.2035106198" y="4.5162138411" rotation="0" />
<Block type="CircleSmall" material="wood" x="8.1670290873" y="-1.535" rotation="0" />
<Block type="TriangleHole" material="stone" x="3.922191393" y="-0.52" rotation="0" />
<Block type="Circle" material="wood" x="-2.5998376943" y="-1.39" rotation="0" />
<Block type="CircleSmall" material="ice" x="1.8935106198" y="4.3412138411" rotation="0" />
<Block type="CircleSmall" material="stone" x="0.5135106198" y="4.3412138411" rotation="0" />
<Block type="CircleSmall" material="wood" x="7.4570290873" y="-1.535" rotation="0" />
<Block type="TriangleHole" material="wood" x="1.562191393" y="-0.52" rotation="0" />
<Block type="CircleSmall" material="stone" x="5.5470290873" y="-1.535" rotation="0" />
<Block type="CircleSmall" material="stone" x="-1.5798376943" y="-1.565" rotation="0" />
<Block type="Circle" material="ice" x="0.632191393" y="-0.53" rotation="0" />
<Block type="TriangleHole" material="stone" x="6.2570290873" y="-1.35" rotation="0" />
<Block type="CircleSmall" material="ice" x="-0.5598376943" y="-1.565" rotation="0" />
<Pig type="BasicSmall" material="" x="5.8520290873" y="-3.275" rotation="0" />
<Pig type="BasicSmall" material="" x="7.8620290873" y="-3.275" rotation="0" />
<Pig type="BasicSmall" material="" x="-1.0698376943" y="-1.565" rotation="0" />
<Pig type="BasicSmall" material="" x="2.992191393" y="-0.705" rotation="0" />
<Platform type="Platform" material="" x="-0.03648938016599734" y="2.066213841095026" />
<Platform type="Platform" material="" x="0.5835106198340027" y="2.066213841095026" />
<Platform type="Platform" material="" x="1.2035106198340026" y="2.066213841095026" />
<Platform type="Platform" material="" x="1.8235106198340025" y="2.066213841095026" />
<Platform type="Platform" material="" x="2.4435106198340026" y="2.066213841095026" />
<Platform type="Platform" material="" x="-1.5798376943354882" y="-3.81" />
<Platform type="Platform" material="" x="-1.5798376943354882" y="-4.43" />
<Platform type="Platform" material="" x="-1.5798376943354882" y="-5.05" />
<Platform type="Platform" material="" x="-0.9598376943354882" y="-3.81" />
<Platform type="Platform" material="" x="-2.1998376943354883" y="-3.81" />
<Platform type="Platform" material="" x="-0.9598376943354882" y="-4.43" />
<Platform type="Platform" material="" x="-2.1998376943354883" y="-4.43" />
<Platform type="Platform" material="" x="-0.9598376943354882" y="-5.05" />
<Platform type="Platform" material="" x="-2.1998376943354883" y="-5.05" />
<Platform type="Platform" material="" x="-0.6548376943354881" y="-3.81" />
<Platform type="Platform" material="" x="-2.5048376943354884" y="-3.81" />
<Platform type="Platform" material="" x="-0.6548376943354881" y="-4.43" />
<Platform type="Platform" material="" x="-2.5048376943354884" y="-4.43" />
<Platform type="Platform" material="" x="-0.6548376943354881" y="-5.05" />
<Platform type="Platform" material="" x="-2.5048376943354884" y="-5.05" />
<Platform type="Platform" material="" x="2.2771913929707974" y="-3.81" />
<Platform type="Platform" material="" x="2.2771913929707974" y="-4.43" />
<Platform type="Platform" material="" x="2.2771913929707974" y="-5.05" />
<Platform type="Platform" material="" x="2.8971913929707975" y="-3.81" />
<Platform type="Platform" material="" x="1.6571913929707973" y="-3.81" />
<Platform type="Platform" material="" x="2.8971913929707975" y="-4.43" />
<Platform type="Platform" material="" x="1.6571913929707973" y="-4.43" />
<Platform type="Platform" material="" x="2.8971913929707975" y="-5.05" />
<Platform type="Platform" material="" x="1.6571913929707973" y="-5.05" />
<Platform type="Platform" material="" x="3.5171913929707976" y="-3.81" />
<Platform type="Platform" material="" x="1.0371913929707972" y="-3.81" />
<Platform type="Platform" material="" x="3.5171913929707976" y="-4.43" />
<Platform type="Platform" material="" x="1.0371913929707972" y="-4.43" />
<Platform type="Platform" material="" x="3.5171913929707976" y="-5.05" />
<Platform type="Platform" material="" x="1.0371913929707972" y="-5.05" />
<Platform type="Platform" material="" x="4.137191392970798" y="-3.81" />
<Platform type="Platform" material="" x="0.4171913929707971" y="-3.81" />
<Platform type="Platform" material="" x="4.137191392970798" y="-4.43" />
<Platform type="Platform" material="" x="0.4171913929707971" y="-4.43" />
<Platform type="Platform" material="" x="4.137191392970798" y="-5.05" />
<Platform type="Platform" material="" x="0.4171913929707971" y="-5.05" />
<Platform type="Platform" material="" x="6.857029087306286" y="-3.81" />
<Platform type="Platform" material="" x="6.857029087306286" y="-4.43" />
<Platform type="Platform" material="" x="6.857029087306286" y="-5.05" />
<Platform type="Platform" material="" x="7.477029087306286" y="-3.81" />
<Platform type="Platform" material="" x="6.2370290873062855" y="-3.81" />
<Platform type="Platform" material="" x="7.477029087306286" y="-4.43" />
<Platform type="Platform" material="" x="6.2370290873062855" y="-4.43" />
<Platform type="Platform" material="" x="7.477029087306286" y="-5.05" />
<Platform type="Platform" material="" x="6.2370290873062855" y="-5.05" />
<Platform type="Platform" material="" x="8.097029087306286" y="-3.81" />
<Platform type="Platform" material="" x="5.617029087306285" y="-3.81" />
<Platform type="Platform" material="" x="8.097029087306286" y="-4.43" />
<Platform type="Platform" material="" x="5.617029087306285" y="-4.43" />
<Platform type="Platform" material="" x="8.097029087306286" y="-5.05" />
<Platform type="Platform" material="" x="5.617029087306285" y="-5.05" />
<Platform type="Platform" material="" x="8.657029087306285" y="-3.81" />
<Platform type="Platform" material="" x="5.057029087306287" y="-3.81" />
<Platform type="Platform" material="" x="8.657029087306285" y="-4.43" />
<Platform type="Platform" material="" x="5.057029087306287" y="-4.43" />
<Platform type="Platform" material="" x="8.657029087306285" y="-5.05" />
<Platform type="Platform" material="" x="5.057029087306287" y="-5.05" />
<Platform type="Platform" material="" x="-0.1188231506823455" y="-3.81" rotation="0.0" scaleX="0.7290791730746535" />
<Platform type="Platform" material="" x="-0.1188231506823455" y="-4.43" rotation="0.0" scaleX="0.7290791730746535" />
<Platform type="Platform" material="" x="4.597110240138543" y="-3.81" rotation="0.0" scaleX="0.4836091844120801" />
<Platform type="Platform" material="" x="4.597110240138543" y="-4.43" rotation="0.0" scaleX="0.4836091844120801" />
</GameObjects>
</Level>
