<?xml version="1.0" encoding="utf-16"?>
<Level width ="2">
<Camera x="0" y="2" minWidth="20" maxWidth="30">
<Score highScore ="50500">
<Birds>
<Bird type="BirdBlack"/>
<Bird type="BirdYellow"/>
<Bird type="BirdBlack"/>
</Birds>
<Slingshot x="-8" y="-2.5">
<GameObjects>
<Block type="RectMedium" material="stone" x="-1.1670202217" y="-3.39" rotation="0" />
<Block type="RectMedium" material="wood" x="1.3129797783" y="-3.39" rotation="0" />
<Block type="RectTiny" material="stone" x="-1.8970202217" y="-3.065" rotation="90" />
<Block type="RectTiny" material="stone" x="-1.5870202217" y="-3.065" rotation="90" />
<Block type="RectTiny" material="stone" x="-0.7470202217" y="-3.065" rotation="90" />
<Block type="RectTiny" material="stone" x="-0.4370202217" y="-3.065" rotation="90" />
<Block type="RectTiny" material="stone" x="0.5829797783" y="-3.065" rotation="90" />
<Block type="RectTiny" material="wood" x="0.8929797783" y="-3.065" rotation="90" />
<Block type="RectTiny" material="wood" x="1.7329797783" y="-3.065" rotation="90" />
<Block type="RectTiny" material="wood" x="2.0429797783" y="-3.065" rotation="90" />
<Block type="RectMedium" material="stone" x="-1.1670202217" y="-2.74" rotation="0" />
<Block type="RectMedium" material="wood" x="1.3129797783" y="-2.74" rotation="0" />
<Block type="RectMedium" material="stone" x="-1.1670202217" y="-2.52" rotation="0" />
<Block type="RectMedium" material="wood" x="1.3129797783" y="-2.52" rotation="0" />
<Block type="RectFat" material="stone" x="-0.9545202217" y="-2.195" rotation="0" />
<Block type="RectFat" material="wood" x="1.1004797783" y="-2.195" rotation="0" />
<Block type="RectTiny" material="stone" x="-0.8470202217" y="-1.87" rotation="0" />
<Block type="RectTiny" material="wood" x="0.9929797783" y="-1.87" rotation="0" />
<Block type="SquareTiny" material="wood" x="-0.8470202217" y="-1.65" rotation="0" />
<Block type="SquareTiny" material="ice" x="0.9929797783" y="-1.65" rotation="0" />
<Block type="RectBig" material="ice" x="0.0729797783" y="-1.43" rotation="0" />
<Block type="RectTiny" material="ice" x="-0.8470202217" y="-1.105" rotation="90" />
<Block type="RectTiny" material="stone" x="0.0729797783" y="-1.105" rotation="90" />
<Block type="RectTiny" material="wood" x="0.9929797783" y="-1.105" rotation="90" />
<Block type="RectBig" material="stone" x="0.0729797783" y="-0.78" rotation="0" />
<Block type="RectSmall" material="stone" x="0.0729797783" y="-0.56" rotation="0" />
<Block type="RectSmall" material="wood" x="0.0729797783" y="-0.34" rotation="0" />
<Block type="RectTiny" material="wood" x="0.0729797783" y="-0.12" rotation="0" />
<Block type="SquareTiny" material="wood" x="0.07297977825964796" y="0.1" rotation="0" />
<Block type="RectTiny" material="stone" x="3.5602673906" y="-3.100828135157752" rotation="0" />
<Block type="RectTiny" material="stone" x="4.4802673906" y="-3.100828135157752" rotation="0" />
<Block type="RectTiny" material="stone" x="5.4002673906" y="-3.100828135157752" rotation="0" />
<Block type="RectTiny" material="stone" x="3.5602673906" y="-2.880828135157752" rotation="0" />
<Block type="RectTiny" material="stone" x="4.4802673906" y="-2.880828135157752" rotation="0" />
<Block type="RectTiny" material="stone" x="5.4002673906" y="-2.880828135157752" rotation="0" />
<Block type="RectSmall" material="ice" x="3.5602673906" y="-2.3458281351577517" rotation="90" />
<Block type="RectSmall" material="wood" x="5.4002673906" y="-2.3458281351577517" rotation="90" />
<Block type="RectBig" material="stone" x="4.4802673906" y="-1.810828135157752" rotation="0" />
<Block type="SquareSmall" material="stone" x="3.7502673906" y="-1.4858281351577518" rotation="0" />
<Block type="SquareSmall" material="stone" x="4.4802673906" y="-1.4858281351577518" rotation="0" />
<Block type="SquareSmall" material="stone" x="5.2102673906" y="-1.4858281351577518" rotation="0" />
<Block type="RectMedium" material="stone" x="4.4802673906" y="-1.160828135157752" rotation="0" />
<Block type="RectTiny" material="stone" x="4.0302673906" y="-0.835828135157752" rotation="90" />
<Block type="RectTiny" material="stone" x="4.4802673906" y="-0.835828135157752" rotation="90" />
<Block type="RectTiny" material="stone" x="4.9302673906" y="-0.835828135157752" rotation="90" />
<Block type="RectBig" material="ice" x="7.4072876123" y="-3.39" rotation="0" />
<Block type="RectSmall" material="ice" x="6.4872876123" y="-2.855" rotation="90" />
<Block type="RectSmall" material="ice" x="6.8922876123" y="-2.855" rotation="90" />
<Block type="RectSmall" material="ice" x="7.4072876123" y="-2.855" rotation="90" />
<Block type="RectSmall" material="ice" x="7.9222876123" y="-2.855" rotation="90" />
<Block type="RectSmall" material="ice" x="8.3272876123" y="-2.855" rotation="90" />
<Block type="RectSmall" material="stone" x="6.4872876123" y="-2.005" rotation="90" />
<Block type="RectSmall" material="stone" x="6.8922876123" y="-2.005" rotation="90" />
<Block type="RectSmall" material="ice" x="7.4072876123" y="-2.005" rotation="90" />
<Block type="RectSmall" material="ice" x="7.9222876123" y="-2.005" rotation="90" />
<Block type="RectSmall" material="wood" x="8.3272876123" y="-2.005" rotation="90" />
<Block type="RectTiny" material="stone" x="6.4872876123" y="-1.365" rotation="90" />
<Block type="RectTiny" material="stone" x="6.8922876123" y="-1.365" rotation="90" />
<Block type="RectTiny" material="stone" x="7.4072876123" y="-1.365" rotation="90" />
<Block type="RectTiny" material="wood" x="7.9222876123" y="-1.365" rotation="90" />
<Block type="RectTiny" material="wood" x="8.3272876123" y="-1.365" rotation="90" />
<Block type="RectBig" material="ice" x="7.4072876123" y="-1.04" rotation="0" />
<Block type="RectMedium" material="ice" x="7.4072876123" y="-0.82" rotation="0" />
<Block type="RectFat" material="wood" x="7.407287612300203" y="-0.495" rotation="0" />
<Block type="SquareTiny" material="stone" x="-2.031878626" y="2.2026769716" rotation="0" />
<Block type="SquareTiny" material="stone" x="-0.571878626" y="2.2026769716" rotation="0" />
<Block type="SquareTiny" material="stone" x="-0.191878626" y="2.2026769716" rotation="0" />
<Block type="SquareTiny" material="wood" x="1.268121374" y="2.2026769716" rotation="0" />
<Block type="RectMedium" material="stone" x="-1.301878626" y="2.4226769716" rotation="0" />
<Block type="RectMedium" material="wood" x="0.538121374" y="2.4226769716" rotation="0" />
<Block type="RectBig" material="stone" x="-0.381878626" y="2.6426769716" rotation="0" />
<Block type="RectTiny" material="stone" x="-0.721878626" y="2.8626769716" rotation="0" />
<Block type="RectTiny" material="wood" x="-0.041878626" y="2.8626769716" rotation="0" />
<Block type="RectTiny" material="ice" x="-0.721878626" y="3.0826769716" rotation="0" />
<Block type="RectTiny" material="stone" x="-0.041878626" y="3.0826769716" rotation="0" />
<Block type="SquareTiny" material="stone" x="-0.721878626" y="3.3026769716" rotation="0" />
<Block type="SquareTiny" material="stone" x="-0.041878626" y="3.3026769716" rotation="0" />
<Block type="CircleSmall" material="wood" x="0.759646445" y="-0.445" rotation="0" />
<Block type="CircleSmall" material="stone" x="7.123954279" y="-0.055" rotation="0" />
<Block type="CircleSmall" material="ice" x="-0.721878626" y="3.6376769716" rotation="0" />
<Block type="TriangleHole" material="stone" x="4.4802673906" y="-0.2108281352" rotation="0" />
<Block type="Circle" material="stone" x="0.0729797783" y="0.61" rotation="0" />
<Block type="Triangle" material="wood" x="-1.861878626" y="2.9426769716" rotation="90.0" />
<Block type="TriangleHole" material="stone" x="-0.041878626" y="3.8226769716" rotation="0" />
<Block type="CircleSmall" material="stone" x="-0.6136868884" y="-0.445" rotation="0" />
<Block type="CircleSmall" material="wood" x="1.098121374" y="2.7576769716" rotation="0" />
<Block type="CircleSmall" material="wood" x="7.6906209456" y="-0.055" rotation="0" />
<Block type="CircleSmall" material="stone" x="-1.7270202217" y="-2.185" rotation="0" />
<Pig type="BasicSmall" material="" x="-0.0770202217" y="-3.275" rotation="0" />
<Pig type="BasicSmall" material="" x="4.4802673906" y="-2.545828135157752" rotation="0" />
<Pig type="BasicSmall" material="" x="1.8729797783" y="-2.185" rotation="0" />
<Platform type="Platform" material="" x="-1.9318786260317085" y="1.7826769716139856" />
<Platform type="Platform" material="" x="-1.3118786260317084" y="1.7826769716139856" />
<Platform type="Platform" material="" x="-0.6918786260317085" y="1.7826769716139856" />
<Platform type="Platform" material="" x="-0.07187862603170853" y="1.7826769716139856" />
<Platform type="Platform" material="" x="0.5481213739682914" y="1.7826769716139856" />
<Platform type="Platform" material="" x="1.1681213739682916" y="1.7826769716139856" />
<Platform type="Platform" material="" x="0.07297977825964796" y="-3.81" />
<Platform type="Platform" material="" x="0.07297977825964796" y="-4.43" />
<Platform type="Platform" material="" x="0.07297977825964796" y="-5.05" />
<Platform type="Platform" material="" x="0.692979778259648" y="-3.81" />
<Platform type="Platform" material="" x="-0.547020221740352" y="-3.81" />
<Platform type="Platform" material="" x="0.692979778259648" y="-4.43" />
<Platform type="Platform" material="" x="-0.547020221740352" y="-4.43" />
<Platform type="Platform" material="" x="0.692979778259648" y="-5.05" />
<Platform type="Platform" material="" x="-0.547020221740352" y="-5.05" />
<Platform type="Platform" material="" x="1.312979778259648" y="-3.81" />
<Platform type="Platform" material="" x="-1.167020221740352" y="-3.81" />
<Platform type="Platform" material="" x="1.312979778259648" y="-4.43" />
<Platform type="Platform" material="" x="-1.167020221740352" y="-4.43" />
<Platform type="Platform" material="" x="1.312979778259648" y="-5.05" />
<Platform type="Platform" material="" x="-1.167020221740352" y="-5.05" />
<Platform type="Platform" material="" x="1.842979778259648" y="-3.81" />
<Platform type="Platform" material="" x="-1.697020221740352" y="-3.81" />
<Platform type="Platform" material="" x="1.842979778259648" y="-4.43" />
<Platform type="Platform" material="" x="-1.697020221740352" y="-4.43" />
<Platform type="Platform" material="" x="1.842979778259648" y="-5.05" />
<Platform type="Platform" material="" x="-1.697020221740352" y="-5.05" />
<Platform type="Platform" material="" x="4.480267390559851" y="-3.520828135157752" />
<Platform type="Platform" material="" x="4.480267390559851" y="-4.140828135157752" />
<Platform type="Platform" material="" x="4.480267390559851" y="-4.760828135157752" />
<Platform type="Platform" material="" x="5.100267390559851" y="-3.520828135157752" />
<Platform type="Platform" material="" x="3.8602673905598506" y="-3.520828135157752" />
<Platform type="Platform" material="" x="5.100267390559851" y="-4.140828135157752" />
<Platform type="Platform" material="" x="3.8602673905598506" y="-4.140828135157752" />
<Platform type="Platform" material="" x="5.100267390559851" y="-4.760828135157752" />
<Platform type="Platform" material="" x="3.8602673905598506" y="-4.760828135157752" />
<Platform type="Platform" material="" x="5.305267390559851" y="-3.520828135157752" />
<Platform type="Platform" material="" x="3.6552673905598505" y="-3.520828135157752" />
<Platform type="Platform" material="" x="5.305267390559851" y="-4.140828135157752" />
<Platform type="Platform" material="" x="3.6552673905598505" y="-4.140828135157752" />
<Platform type="Platform" material="" x="5.305267390559851" y="-4.760828135157752" />
<Platform type="Platform" material="" x="3.6552673905598505" y="-4.760828135157752" />
<Platform type="Platform" material="" x="7.407287612300203" y="-3.81" />
<Platform type="Platform" material="" x="7.407287612300203" y="-4.43" />
<Platform type="Platform" material="" x="7.407287612300203" y="-5.05" />
<Platform type="Platform" material="" x="8.027287612300203" y="-3.81" />
<Platform type="Platform" material="" x="6.787287612300203" y="-3.81" />
<Platform type="Platform" material="" x="8.027287612300203" y="-4.43" />
<Platform type="Platform" material="" x="6.787287612300203" y="-4.43" />
<Platform type="Platform" material="" x="8.027287612300203" y="-5.05" />
<Platform type="Platform" material="" x="6.787287612300203" y="-5.05" />
<Platform type="Platform" material="" x="8.127287612300202" y="-3.81" />
<Platform type="Platform" material="" x="6.687287612300203" y="-3.81" />
<Platform type="Platform" material="" x="8.127287612300202" y="-4.43" />
<Platform type="Platform" material="" x="6.687287612300203" y="-4.43" />
<Platform type="Platform" material="" x="8.127287612300202" y="-5.05" />
<Platform type="Platform" material="" x="6.687287612300203" y="-5.05" />
<Platform type="Platform" material="" x="2.8221912000734806" y="-3.665414067578876" rotation="13.633006048575632" scaleX="1.9787963670052058" />
<Platform type="Platform" material="" x="2.8221912000734806" y="-4.285414067578876" rotation="13.633006048575632" scaleX="1.9787963670052058" />
<Platform type="Platform" material="" x="2.749123584409749" y="-3.81" rotation="0.0" scaleX="1.9787963670052058" />
<Platform type="Platform" material="" x="2.749123584409749" y="-4.43" rotation="0.0" scaleX="1.9787963670052058" />
<Platform type="Platform" material="" x="2.749123584409749" y="-5.05" rotation="0.0" scaleX="1.9787963670052058" />
<Platform type="Platform" material="" x="5.886291559872522" y="-3.665414067578876" rotation="-20.780780418885655" scaleX="1.3145855767896322" />
<Platform type="Platform" material="" x="5.886291559872522" y="-4.285414067578876" rotation="-20.780780418885655" scaleX="1.3145855767896322" />
<Platform type="Platform" material="" x="5.996277501430027" y="-3.81" rotation="0.0" scaleX="1.3145855767896322" />
<Platform type="Platform" material="" x="5.996277501430027" y="-4.43" rotation="0.0" scaleX="1.3145855767896322" />
<Platform type="Platform" material="" x="5.996277501430027" y="-5.05" rotation="0.0" scaleX="1.3145855767896322" />
</GameObjects>
</Level>
