<?xml version="1.0" encoding="utf-16"?>
<Level width ="2">
<Camera x="0" y="2" minWidth="20" maxWidth="30">
<Score highScore ="58020">
<Birds>
<Bird type="BirdWhite"/>
<Bird type="BirdYellow"/>
<Bird type="BirdBlue"/>
<Bird type="BirdBlack"/>
</Birds>
<Slingshot x="-8" y="-2.5">
<GameObjects>
<Block type="RectMedium" material="stone" x="-1.8367270202" y="-3.2166011173564657" rotation="0" />
<Block type="RectMedium" material="stone" x="0.0732729798" y="-3.2166011173564657" rotation="0" />
<Block type="RectBig" material="stone" x="-2.1917270202" y="-2.0766011173564656" rotation="90" />
<Block type="RectBig" material="stone" x="-1.4817270202" y="-2.0766011173564656" rotation="90" />
<Block type="RectBig" material="stone" x="-0.2817270202" y="-2.0766011173564656" rotation="90" />
<Block type="RectBig" material="stone" x="0.4282729798" y="-2.0766011173564656" rotation="90" />
<Block type="RectBig" material="ice" x="2.5413298428" y="-3.39" rotation="0" />
<Block type="RectSmall" material="wood" x="1.6213298428" y="-2.855" rotation="90" />
<Block type="RectSmall" material="wood" x="3.4613298428" y="-2.855" rotation="90" />
<Block type="RectBig" material="ice" x="2.5413298428" y="-2.32" rotation="0" />
<Block type="RectTiny" material="stone" x="1.8113298428" y="-1.995" rotation="90" />
<Block type="RectTiny" material="stone" x="2.5413298428" y="-1.995" rotation="90" />
<Block type="RectTiny" material="wood" x="3.2713298428" y="-1.995" rotation="90" />
<Block type="SquareTiny" material="stone" x="1.8113298428" y="-1.67" rotation="0" />
<Block type="SquareTiny" material="stone" x="2.5413298428" y="-1.67" rotation="0" />
<Block type="SquareTiny" material="wood" x="3.2713298428" y="-1.67" rotation="0" />
<Block type="RectTiny" material="wood" x="1.8113298428" y="-1.345" rotation="90" />
<Block type="RectTiny" material="ice" x="2.5413298428" y="-1.345" rotation="90" />
<Block type="RectTiny" material="stone" x="3.2713298428" y="-1.345" rotation="90" />
<Block type="RectMedium" material="wood" x="2.5413298428" y="-1.02" rotation="0" />
<Block type="RectFat" material="wood" x="2.2263298428" y="-0.485" rotation="90" />
<Block type="RectFat" material="wood" x="2.8563298428" y="-0.485" rotation="90" />
<Block type="RectFat" material="wood" x="2.541329842777072" y="0.155" rotation="0" />
<Block type="RectMedium" material="ice" x="4.733056863" y="-3.39" rotation="0" />
<Block type="RectMedium" material="ice" x="6.423056863" y="-3.39" rotation="0" />
<Block type="RectMedium" material="ice" x="8.113056863" y="-3.39" rotation="0" />
<Block type="SquareHole" material="ice" x="4.943056863" y="-2.86" rotation="0" />
<Block type="SquareHole" material="ice" x="5.893056863" y="-2.86" rotation="0" />
<Block type="SquareHole" material="wood" x="6.953056863" y="-2.86" rotation="0" />
<Block type="SquareHole" material="wood" x="7.903056863" y="-2.86" rotation="0" />
<Block type="RectSmall" material="wood" x="-2.135572082" y="1.3331922318" rotation="90" />
<Block type="RectSmall" material="wood" x="-1.825572082" y="1.3331922318" rotation="90" />
<Block type="RectSmall" material="wood" x="-1.515572082" y="1.3331922318" rotation="90" />
<Block type="RectSmall" material="ice" x="-0.795572082" y="1.3331922318" rotation="90" />
<Block type="RectSmall" material="ice" x="-0.485572082" y="1.3331922318" rotation="90" />
<Block type="RectSmall" material="ice" x="-0.175572082" y="1.3331922318" rotation="90" />
<Block type="RectSmall" material="ice" x="0.544427918" y="1.3331922318" rotation="90" />
<Block type="RectSmall" material="ice" x="0.854427918" y="1.3331922318" rotation="90" />
<Block type="RectSmall" material="ice" x="1.164427918" y="1.3331922318" rotation="90" />
<Block type="SquareHole" material="ice" x="-1.825572082" y="2.1781922318" rotation="0" />
<Block type="SquareHole" material="ice" x="-0.485572082" y="2.1781922318" rotation="0" />
<Block type="SquareHole" material="ice" x="0.854427918" y="2.1781922318" rotation="0" />
<Block type="RectMedium" material="ice" x="-1.405572082" y="2.7081922318" rotation="0" />
<Block type="RectMedium" material="ice" x="0.434427918" y="2.7081922318" rotation="0" />
<Block type="SquareTiny" material="wood" x="-1.405572082" y="2.9281922318" rotation="0" />
<Block type="SquareTiny" material="wood" x="-1.000572082" y="2.9281922318" rotation="0" />
<Block type="SquareTiny" material="wood" x="0.029427918" y="2.9281922318" rotation="0" />
<Block type="SquareTiny" material="wood" x="0.434427918" y="2.9281922318" rotation="0" />
<Block type="RectBig" material="wood" x="-0.48557208203440905" y="3.1481922318" rotation="0" />
<Block type="RectBig" material="stone" x="7.0097656081" y="0.333481052" rotation="0" />
<Block type="RectMedium" material="stone" x="7.0097656081" y="0.553481052" rotation="0" />
<Block type="SquareHole" material="stone" x="7.009765608052085" y="1.083481052" rotation="0" />
<Block type="Triangle" material="stone" x="6.7297656081" y="1.913481052" rotation="90.0" />
<Block type="Triangle" material="wood" x="-1.1722387487" y="3.6681922318" rotation="90.0" />
<Block type="Triangle" material="stone" x="6.673056863" y="-2.03" rotation="0.0" />
<Block type="Triangle" material="wood" x="2.5413298428" y="0.78" rotation="90.0" />
<Block type="Triangle" material="stone" x="5.613056863" y="-2.03" rotation="0.0" />
<Block type="Triangle" material="wood" x="4.663056863" y="-2.03" rotation="0.0" />
<Block type="Triangle" material="stone" x="8.183056863" y="-2.03" rotation="0.0" />
<Block type="Circle" material="ice" x="0.4282729798" y="-0.6466011174" rotation="0" />
<Block type="TriangleHole" material="ice" x="0.2010945846" y="3.6681922318" rotation="0" />
<Block type="TriangleHole" material="stone" x="-1.4817270202" y="-0.6366011174" rotation="0" />
<Block type="CircleSmall" material="stone" x="-1.965572082" y="3.0431922318" rotation="0" />
<Block type="CircleSmall" material="wood" x="-0.485572082" y="3.4831922318" rotation="0" />
<Block type="CircleSmall" material="wood" x="-0.2817270202" y="-0.8216011174" rotation="0" />
<Block type="CircleSmall" material="ice" x="0.994427918" y="3.0431922318" rotation="0" />
<Block type="CircleSmall" material="stone" x="-2.1917270202" y="-0.8216011174" rotation="0" />
<Pig type="BasicSmall" material="" x="-1.155572082" y="1.1331922318" rotation="0" />
<Pig type="BasicSmall" material="" x="0.184427918" y="1.1331922318" rotation="0" />
<Pig type="BasicSmall" material="" x="2.5413298428" y="-3.055" rotation="0" />
<Pig type="BasicSmall" material="" x="8.673056863" y="-3.055" rotation="0" />
<TNT type="" x="4.173056863" y="-3.055" rotation="0" />
<Platform type="Platform" material="" x="-2.035572082034409" y="0.5981922317603199" />
<Platform type="Platform" material="" x="-1.415572082034409" y="0.5981922317603199" />
<Platform type="Platform" material="" x="-0.795572082034409" y="0.5981922317603199" />
<Platform type="Platform" material="" x="-0.17557208203440905" y="0.5981922317603199" />
<Platform type="Platform" material="" x="0.4444279179655909" y="0.5981922317603199" />
<Platform type="Platform" material="" x="1.0644279179655909" y="0.5981922317603199" />
<Platform type="Platform" material="" x="6.079765608052085" y="-0.08651894803405247" />
<Platform type="Platform" material="" x="6.699765608052085" y="-0.08651894803405247" />
<Platform type="Platform" material="" x="7.3197656080520845" y="-0.08651894803405247" />
<Platform type="Platform" material="" x="7.939765608052085" y="-0.08651894803405247" />
<Platform type="Platform" material="" x="-0.8817270202032943" y="-3.6366011173564656" />
<Platform type="Platform" material="" x="-0.8817270202032943" y="-4.256601117356466" />
<Platform type="Platform" material="" x="-0.8817270202032943" y="-4.876601117356466" />
<Platform type="Platform" material="" x="-0.2617270202032943" y="-3.6366011173564656" />
<Platform type="Platform" material="" x="-1.5017270202032944" y="-3.6366011173564656" />
<Platform type="Platform" material="" x="-0.2617270202032943" y="-4.256601117356466" />
<Platform type="Platform" material="" x="-1.5017270202032944" y="-4.256601117356466" />
<Platform type="Platform" material="" x="-0.2617270202032943" y="-4.876601117356466" />
<Platform type="Platform" material="" x="-1.5017270202032944" y="-4.876601117356466" />
<Platform type="Platform" material="" x="0.3582729797967057" y="-3.6366011173564656" />
<Platform type="Platform" material="" x="-2.1217270202032945" y="-3.6366011173564656" />
<Platform type="Platform" material="" x="0.3582729797967057" y="-4.256601117356466" />
<Platform type="Platform" material="" x="-2.1217270202032945" y="-4.256601117356466" />
<Platform type="Platform" material="" x="0.3582729797967057" y="-4.876601117356466" />
<Platform type="Platform" material="" x="-2.1217270202032945" y="-4.876601117356466" />
<Platform type="Platform" material="" x="0.6032729797967056" y="-3.6366011173564656" />
<Platform type="Platform" material="" x="-2.366727020203294" y="-3.6366011173564656" />
<Platform type="Platform" material="" x="0.6032729797967056" y="-4.256601117356466" />
<Platform type="Platform" material="" x="-2.366727020203294" y="-4.256601117356466" />
<Platform type="Platform" material="" x="0.6032729797967056" y="-4.876601117356466" />
<Platform type="Platform" material="" x="-2.366727020203294" y="-4.876601117356466" />
<Platform type="Platform" material="" x="2.541329842777072" y="-3.81" />
<Platform type="Platform" material="" x="2.541329842777072" y="-4.43" />
<Platform type="Platform" material="" x="2.541329842777072" y="-5.05" />
<Platform type="Platform" material="" x="3.161329842777072" y="-3.81" />
<Platform type="Platform" material="" x="1.9213298427770718" y="-3.81" />
<Platform type="Platform" material="" x="3.161329842777072" y="-4.43" />
<Platform type="Platform" material="" x="1.9213298427770718" y="-4.43" />
<Platform type="Platform" material="" x="3.161329842777072" y="-5.05" />
<Platform type="Platform" material="" x="1.9213298427770718" y="-5.05" />
<Platform type="Platform" material="" x="3.2613298427770716" y="-3.81" />
<Platform type="Platform" material="" x="1.821329842777072" y="-3.81" />
<Platform type="Platform" material="" x="3.2613298427770716" y="-4.43" />
<Platform type="Platform" material="" x="1.821329842777072" y="-4.43" />
<Platform type="Platform" material="" x="3.2613298427770716" y="-5.05" />
<Platform type="Platform" material="" x="1.821329842777072" y="-5.05" />
<Platform type="Platform" material="" x="6.423056862980366" y="-3.81" />
<Platform type="Platform" material="" x="6.423056862980366" y="-4.43" />
<Platform type="Platform" material="" x="6.423056862980366" y="-5.05" />
<Platform type="Platform" material="" x="7.043056862980366" y="-3.81" />
<Platform type="Platform" material="" x="5.803056862980366" y="-3.81" />
<Platform type="Platform" material="" x="7.043056862980366" y="-4.43" />
<Platform type="Platform" material="" x="5.803056862980366" y="-4.43" />
<Platform type="Platform" material="" x="7.043056862980366" y="-5.05" />
<Platform type="Platform" material="" x="5.803056862980366" y="-5.05" />
<Platform type="Platform" material="" x="7.663056862980366" y="-3.81" />
<Platform type="Platform" material="" x="5.183056862980366" y="-3.81" />
<Platform type="Platform" material="" x="7.663056862980366" y="-4.43" />
<Platform type="Platform" material="" x="5.183056862980366" y="-4.43" />
<Platform type="Platform" material="" x="7.663056862980366" y="-5.05" />
<Platform type="Platform" material="" x="5.183056862980366" y="-5.05" />
<Platform type="Platform" material="" x="8.283056862980366" y="-3.81" />
<Platform type="Platform" material="" x="4.563056862980366" y="-3.81" />
<Platform type="Platform" material="" x="8.283056862980366" y="-4.43" />
<Platform type="Platform" material="" x="4.563056862980366" y="-4.43" />
<Platform type="Platform" material="" x="8.283056862980366" y="-5.05" />
<Platform type="Platform" material="" x="4.563056862980366" y="-5.05" />
<Platform type="Platform" material="" x="8.643056862980366" y="-3.81" />
<Platform type="Platform" material="" x="4.203056862980366" y="-3.81" />
<Platform type="Platform" material="" x="8.643056862980366" y="-4.43" />
<Platform type="Platform" material="" x="4.203056862980366" y="-4.43" />
<Platform type="Platform" material="" x="8.643056862980366" y="-5.05" />
<Platform type="Platform" material="" x="4.203056862980366" y="-5.05" />
<Platform type="Platform" material="" x="1.1259761020955192" y="-3.7233005586782326" rotation="-16.168835528866456" scaleX="1.0043339796162005" />
<Platform type="Platform" material="" x="1.1259761020955192" y="-4.343300558678233" rotation="-16.168835528866456" scaleX="1.0043339796162005" />
<Platform type="Platform" material="" x="1.2123014112868888" y="-3.81" rotation="0.0" scaleX="1.0043339796162005" />
<Platform type="Platform" material="" x="1.2123014112868888" y="-4.43" rotation="0.0" scaleX="1.0043339796162005" />
<Platform type="Platform" material="" x="1.2123014112868888" y="-5.05" rotation="0.0" scaleX="1.0043339796162005" />
<Platform type="Platform" material="" x="3.732193352878719" y="-3.81" rotation="0.0" scaleX="0.5189145487149914" />
<Platform type="Platform" material="" x="3.732193352878719" y="-4.43" rotation="0.0" scaleX="0.5189145487149914" />
</GameObjects>
</Level>
