<?xml version="1.0" encoding="utf-16"?>
<Level width ="2">
<Camera x="0" y="2" minWidth="20" maxWidth="30">
<Score highScore ="46040">
<Birds>
<Bird type="BirdYellow"/>
<Bird type="BirdRed"/>
<Bird type="BirdBlue"/>
</Birds>
<Slingshot x="-8" y="-2.5">
<GameObjects>
<Block type="RectSmall" material="wood" x="-1.5281613164" y="-3.39" rotation="0" />
<Block type="RectFat" material="wood" x="-1.5281613164" y="-3.065" rotation="0" />
<Block type="SquareTiny" material="wood" x="-1.8431613164" y="-2.74" rotation="0" />
<Block type="SquareTiny" material="ice" x="-1.5281613164" y="-2.74" rotation="0" />
<Block type="SquareTiny" material="ice" x="-1.2131613164" y="-2.74" rotation="0" />
<Block type="RectSmall" material="wood" x="-1.5281613164" y="-2.52" rotation="0" />
<Block type="RectFat" material="wood" x="-1.5281613164" y="-1.985" rotation="90" />
<Block type="SquareTiny" material="wood" x="-1.5281613164" y="-1.45" rotation="0" />
<Block type="RectMedium" material="wood" x="-1.528161316437329" y="-0.5" rotation="90" />
<Block type="RectFat" material="wood" x="1.0914281245" y="-3.0655705008197303" rotation="0" />
<Block type="RectFat" material="wood" x="2.7414281245" y="-3.0655705008197303" rotation="0" />
<Block type="RectFat" material="wood" x="4.3914281245" y="-3.0655705008197303" rotation="0" />
<Block type="RectMedium" material="ice" x="1.8214281245" y="-2.74057050081973" rotation="0" />
<Block type="RectMedium" material="stone" x="3.6614281245" y="-2.74057050081973" rotation="0" />
<Block type="SquareHole" material="wood" x="1.3989281245" y="-2.2105705008197303" rotation="0" />
<Block type="SquareHole" material="ice" x="2.2439281245" y="-2.2105705008197303" rotation="0" />
<Block type="SquareHole" material="stone" x="3.2389281245" y="-2.2105705008197303" rotation="0" />
<Block type="SquareHole" material="wood" x="4.0839281245" y="-2.2105705008197303" rotation="0" />
<Block type="SquareSmall" material="ice" x="1.5064281245" y="-1.57557050081973" rotation="0" />
<Block type="SquareSmall" material="ice" x="2.1364281245" y="-1.57557050081973" rotation="0" />
<Block type="SquareSmall" material="wood" x="3.3464281245" y="-1.57557050081973" rotation="0" />
<Block type="SquareSmall" material="wood" x="3.9764281245" y="-1.57557050081973" rotation="0" />
<Block type="RectTiny" material="stone" x="1.5064281245" y="-1.2505705008197299" rotation="0" />
<Block type="RectTiny" material="ice" x="2.1364281245" y="-1.2505705008197299" rotation="0" />
<Block type="RectTiny" material="wood" x="3.3464281245" y="-1.2505705008197299" rotation="0" />
<Block type="RectTiny" material="wood" x="3.9764281245" y="-1.2505705008197299" rotation="0" />
<Block type="RectTiny" material="wood" x="1.5064281245" y="-1.0305705008197301" rotation="0" />
<Block type="RectTiny" material="ice" x="2.1364281245" y="-1.0305705008197301" rotation="0" />
<Block type="RectTiny" material="wood" x="3.3464281245" y="-1.0305705008197301" rotation="0" />
<Block type="RectTiny" material="wood" x="3.9764281245" y="-1.0305705008197301" rotation="0" />
<Block type="RectTiny" material="wood" x="1.5064281245" y="-0.81057050081973" rotation="0" />
<Block type="RectTiny" material="wood" x="2.1364281245" y="-0.81057050081973" rotation="0" />
<Block type="RectTiny" material="wood" x="3.3464281245" y="-0.81057050081973" rotation="0" />
<Block type="RectTiny" material="ice" x="3.9764281245" y="-0.81057050081973" rotation="0" />
<Block type="SquareSmall" material="wood" x="1.5064281245" y="-0.48557050081972997" rotation="0" />
<Block type="SquareSmall" material="wood" x="2.1364281245" y="-0.48557050081972997" rotation="0" />
<Block type="RectTiny" material="ice" x="3.3464281245" y="-0.48557050081972997" rotation="90" />
<Block type="RectTiny" material="ice" x="3.9764281245" y="-0.48557050081972997" rotation="90" />
<Block type="RectSmall" material="ice" x="1.8214281245" y="-0.16057050081973" rotation="0" />
<Block type="RectSmall" material="wood" x="3.6614281245" y="-0.16057050081973" rotation="0" />
<Block type="RectBig" material="ice" x="2.741428124456172" y="0.05942949918026999" rotation="0" />
<Block type="RectSmall" material="wood" x="6.3495894409" y="-3.2267883332192264" rotation="0" />
<Block type="RectSmall" material="wood" x="8.1895894409" y="-3.2267883332192264" rotation="0" />
<Block type="RectBig" material="wood" x="7.2695894409" y="-3.006788333219226" rotation="0" />
<Block type="RectMedium" material="wood" x="7.2695894409" y="-2.786788333219226" rotation="0" />
<Block type="SquareHole" material="wood" x="6.8495894409" y="-2.256788333219226" rotation="0" />
<Block type="SquareHole" material="wood" x="7.6895894409" y="-2.256788333219226" rotation="0" />
<Block type="RectSmall" material="wood" x="7.2695894409" y="-1.726788333219226" rotation="0" />
<Block type="RectSmall" material="wood" x="7.2695894409" y="-1.506788333219226" rotation="0" />
<Block type="SquareTiny" material="wood" x="7.269589440893501" y="-1.286788333219226" rotation="0" />
<Block type="RectBig" material="ice" x="5.2032375622" y="1.9703006801" rotation="0" />
<Block type="RectBig" material="ice" x="7.3232375622" y="1.9703006801" rotation="0" />
<Block type="SquareHole" material="ice" x="5.4132375622" y="2.5003006801" rotation="0" />
<Block type="SquareHole" material="ice" x="7.1132375622" y="2.5003006801" rotation="0" />
<Block type="RectTiny" material="ice" x="5.0932375622" y="3.1353006801" rotation="90" />
<Block type="RectTiny" material="ice" x="5.7332375622" y="3.1353006801" rotation="90" />
<Block type="RectTiny" material="ice" x="6.7932375622" y="3.1353006801" rotation="90" />
<Block type="RectTiny" material="ice" x="7.4332375622" y="3.1353006801" rotation="90" />
<Block type="Circle" material="wood" x="2.7414281245" y="0.5694294992" rotation="0" />
<Block type="Circle" material="ice" x="-1.5281613164" y="0.74" rotation="0" />
<Block type="CircleSmall" material="wood" x="2.0547614578" y="0.3944294992" rotation="0" />
<Block type="CircleSmall" material="wood" x="7.9695894409" y="-1.6117883332" rotation="0" />
<Block type="Circle" material="ice" x="5.7332375622" y="3.7503006801" rotation="0" />
<Block type="CircleSmall" material="wood" x="5.0932375622" y="3.5753006801" rotation="0" />
<Block type="Circle" material="wood" x="7.2695894409" y="-0.7767883332" rotation="0" />
<Block type="CircleSmall" material="wood" x="6.5695894409" y="-1.6117883332" rotation="0" />
<Block type="CircleSmall" material="ice" x="6.7932375622" y="3.5753006801" rotation="0" />
<Pig type="BasicSmall" material="" x="3.4280947911" y="0.39442949918027" rotation="0" />
<Pig type="BasicSmall" material="" x="7.4332375622" y="3.5753006801" rotation="0" />
<TNT type="" x="4.5165708955" y="2.3053006801" rotation="0" />
<Platform type="Platform" material="" x="4.403237562216102" y="1.550300680139682" />
<Platform type="Platform" material="" x="5.023237562216101" y="1.550300680139682" />
<Platform type="Platform" material="" x="5.643237562216101" y="1.550300680139682" />
<Platform type="Platform" material="" x="6.263237562216101" y="1.550300680139682" />
<Platform type="Platform" material="" x="6.8832375622161015" y="1.550300680139682" />
<Platform type="Platform" material="" x="7.503237562216102" y="1.550300680139682" />
<Platform type="Platform" material="" x="8.1232375622161" y="1.550300680139682" />
<Platform type="Platform" material="" x="-1.528161316437329" y="-3.81" />
<Platform type="Platform" material="" x="-1.528161316437329" y="-4.43" />
<Platform type="Platform" material="" x="-1.528161316437329" y="-5.05" />
<Platform type="Platform" material="" x="-1.4131613164373291" y="-3.81" />
<Platform type="Platform" material="" x="-1.643161316437329" y="-3.81" />
<Platform type="Platform" material="" x="-1.4131613164373291" y="-4.43" />
<Platform type="Platform" material="" x="-1.643161316437329" y="-4.43" />
<Platform type="Platform" material="" x="-1.4131613164373291" y="-5.05" />
<Platform type="Platform" material="" x="-1.643161316437329" y="-5.05" />
<Platform type="Platform" material="" x="2.741428124456172" y="-3.59057050081973" />
<Platform type="Platform" material="" x="2.741428124456172" y="-4.21057050081973" />
<Platform type="Platform" material="" x="2.741428124456172" y="-4.83057050081973" />
<Platform type="Platform" material="" x="3.361428124456172" y="-3.59057050081973" />
<Platform type="Platform" material="" x="2.121428124456172" y="-3.59057050081973" />
<Platform type="Platform" material="" x="3.361428124456172" y="-4.21057050081973" />
<Platform type="Platform" material="" x="2.121428124456172" y="-4.21057050081973" />
<Platform type="Platform" material="" x="3.361428124456172" y="-4.83057050081973" />
<Platform type="Platform" material="" x="2.121428124456172" y="-4.83057050081973" />
<Platform type="Platform" material="" x="3.9814281244561722" y="-3.59057050081973" />
<Platform type="Platform" material="" x="1.5014281244561718" y="-3.59057050081973" />
<Platform type="Platform" material="" x="3.9814281244561722" y="-4.21057050081973" />
<Platform type="Platform" material="" x="1.5014281244561718" y="-4.21057050081973" />
<Platform type="Platform" material="" x="3.9814281244561722" y="-4.83057050081973" />
<Platform type="Platform" material="" x="1.5014281244561718" y="-4.83057050081973" />
<Platform type="Platform" material="" x="4.506428124456172" y="-3.59057050081973" />
<Platform type="Platform" material="" x="0.9764281244561714" y="-3.59057050081973" />
<Platform type="Platform" material="" x="4.506428124456172" y="-4.21057050081973" />
<Platform type="Platform" material="" x="0.9764281244561714" y="-4.21057050081973" />
<Platform type="Platform" material="" x="4.506428124456172" y="-4.83057050081973" />
<Platform type="Platform" material="" x="0.9764281244561714" y="-4.83057050081973" />
<Platform type="Platform" material="" x="7.269589440893501" y="-3.646788333219226" />
<Platform type="Platform" material="" x="7.269589440893501" y="-4.2667883332192265" />
<Platform type="Platform" material="" x="7.269589440893501" y="-4.886788333219226" />
<Platform type="Platform" material="" x="7.889589440893501" y="-3.646788333219226" />
<Platform type="Platform" material="" x="6.649589440893501" y="-3.646788333219226" />
<Platform type="Platform" material="" x="7.889589440893501" y="-4.2667883332192265" />
<Platform type="Platform" material="" x="6.649589440893501" y="-4.2667883332192265" />
<Platform type="Platform" material="" x="7.889589440893501" y="-4.886788333219226" />
<Platform type="Platform" material="" x="6.649589440893501" y="-4.886788333219226" />
<Platform type="Platform" material="" x="8.304589440893501" y="-3.646788333219226" />
<Platform type="Platform" material="" x="6.234589440893501" y="-3.646788333219226" />
<Platform type="Platform" material="" x="8.304589440893501" y="-4.2667883332192265" />
<Platform type="Platform" material="" x="6.234589440893501" y="-4.2667883332192265" />
<Platform type="Platform" material="" x="8.304589440893501" y="-4.886788333219226" />
<Platform type="Platform" material="" x="6.234589440893501" y="-4.886788333219226" />
<Platform type="Platform" material="" x="-0.18021868784089434" y="-3.7002852504098653" rotation="7.068608143431143" scaleX="2.876035801481877" />
<Platform type="Platform" material="" x="-0.18021868784089434" y="-4.320285250409865" rotation="7.068608143431143" scaleX="2.876035801481877" />
<Platform type="Platform" material="" x="-0.21836659599057884" y="-3.81" rotation="0.0" scaleX="2.876035801481877" />
<Platform type="Platform" material="" x="-0.21836659599057884" y="-4.43" rotation="0.0" scaleX="2.876035801481877" />
<Platform type="Platform" material="" x="-0.21836659599057884" y="-5.05" rotation="0.0" scaleX="2.876035801481877" />
<Platform type="Platform" material="" x="5.354802454385107" y="-3.618679417019478" rotation="-2.9041670260345156" scaleX="1.789655461240371" />
<Platform type="Platform" material="" x="5.354802454385107" y="-4.238679417019478" rotation="-2.9041670260345156" scaleX="1.789655461240371" />
<Platform type="Platform" material="" x="5.370508782674836" y="-3.646788333219226" rotation="0.0" scaleX="1.789655461240371" />
<Platform type="Platform" material="" x="5.370508782674836" y="-4.266788333219226" rotation="0.0" scaleX="1.789655461240371" />
<Platform type="Platform" material="" x="5.370508782674836" y="-4.886788333219226" rotation="0.0" scaleX="1.789655461240371" />
</GameObjects>
</Level>
