<?xml version="1.0" encoding="utf-16"?>
<Level width ="2">
<Camera x="0" y="2" minWidth="20" maxWidth="30">
<Score highScore ="76900">
<Birds>
<Bird type="BirdRed"/>
<Bird type="BirdBlue"/>
<Bird type="BirdBlack"/>
<Bird type="BirdYellow"/>
</Birds>
<Slingshot x="-8" y="-2.5">
<GameObjects>
<Block type="RectSmall" material="ice" x="-1.5562182651" y="-3.075" rotation="90" />
<Block type="RectSmall" material="wood" x="-0.9262182651" y="-3.075" rotation="90" />
<Block type="RectSmall" material="ice" x="-0.6162182651" y="-3.075" rotation="90" />
<Block type="RectSmall" material="ice" x="0.0137817349" y="-3.075" rotation="90" />
<Block type="RectSmall" material="stone" x="0.3237817349" y="-3.075" rotation="90" />
<Block type="RectSmall" material="stone" x="0.9537817349" y="-3.075" rotation="90" />
<Block type="RectSmall" material="ice" x="-1.5562182651" y="-2.225" rotation="90" />
<Block type="RectSmall" material="ice" x="-0.9262182651" y="-2.225" rotation="90" />
<Block type="RectSmall" material="ice" x="-0.6162182651" y="-2.225" rotation="90" />
<Block type="RectSmall" material="wood" x="0.0137817349" y="-2.225" rotation="90" />
<Block type="RectSmall" material="wood" x="0.3237817349" y="-2.225" rotation="90" />
<Block type="RectSmall" material="wood" x="0.9537817349" y="-2.225" rotation="90" />
<Block type="RectTiny" material="stone" x="-1.5562182651" y="-1.585" rotation="90" />
<Block type="RectTiny" material="wood" x="-0.9262182651" y="-1.585" rotation="90" />
<Block type="RectTiny" material="wood" x="-0.6162182651" y="-1.585" rotation="90" />
<Block type="RectTiny" material="ice" x="0.0137817349" y="-1.585" rotation="90" />
<Block type="RectTiny" material="ice" x="0.3237817349" y="-1.585" rotation="90" />
<Block type="RectTiny" material="ice" x="0.9537817349" y="-1.585" rotation="90" />
<Block type="RectSmall" material="ice" x="-1.2412182651" y="-1.26" rotation="0" />
<Block type="RectSmall" material="ice" x="-0.3012182651" y="-1.26" rotation="0" />
<Block type="RectSmall" material="ice" x="0.6387817349" y="-1.26" rotation="0" />
<Block type="SquareHole" material="ice" x="-1.0312182651" y="-0.73" rotation="0" />
<Block type="SquareHole" material="ice" x="0.4287817349" y="-0.73" rotation="0" />
<Block type="RectMedium" material="ice" x="-0.30121826506044824" y="-0.2" rotation="0" />
<Block type="RectMedium" material="wood" x="3.0983405485" y="-2.66" rotation="90" />
<Block type="RectMedium" material="wood" x="3.4083405485" y="-2.66" rotation="90" />
<Block type="RectMedium" material="stone" x="4.2483405485" y="-2.66" rotation="90" />
<Block type="RectMedium" material="stone" x="4.5583405485" y="-2.66" rotation="90" />
<Block type="RectMedium" material="stone" x="3.8283405485" y="-1.71" rotation="0" />
<Block type="RectBig" material="stone" x="3.3983405485" y="-0.57" rotation="90" />
<Block type="RectBig" material="stone" x="3.8283405485" y="-0.57" rotation="90" />
<Block type="RectBig" material="stone" x="4.2583405485" y="-0.57" rotation="90" />
<Block type="RectMedium" material="stone" x="6.1745588136" y="-3.005358705328305" rotation="0" />
<Block type="RectMedium" material="wood" x="8.0845588136" y="-3.005358705328305" rotation="0" />
<Block type="RectTiny" material="stone" x="6.2795588136" y="-2.7853587053283047" rotation="0" />
<Block type="RectTiny" material="wood" x="7.1295588136" y="-2.7853587053283047" rotation="0" />
<Block type="RectTiny" material="wood" x="7.9795588136" y="-2.7853587053283047" rotation="0" />
<Block type="RectFat" material="stone" x="6.5945588136" y="-2.460358705328305" rotation="0" />
<Block type="RectFat" material="ice" x="7.6645588136" y="-2.460358705328305" rotation="0" />
<Block type="SquareTiny" material="wood" x="6.3795588136" y="-2.1353587053283047" rotation="0" />
<Block type="SquareTiny" material="ice" x="6.8095588136" y="-2.1353587053283047" rotation="0" />
<Block type="SquareTiny" material="stone" x="7.4495588136" y="-2.1353587053283047" rotation="0" />
<Block type="SquareTiny" material="ice" x="7.8795588136" y="-2.1353587053283047" rotation="0" />
<Block type="RectTiny" material="stone" x="5.7894346909" y="0.267123491" rotation="0" />
<Block type="RectTiny" material="stone" x="7.6294346909" y="0.267123491" rotation="0" />
<Block type="RectBig" material="wood" x="6.7094346909" y="0.487123491" rotation="0" />
<Block type="RectBig" material="ice" x="6.7094346909" y="0.707123491" rotation="0" />
<Block type="RectMedium" material="wood" x="6.7094346909" y="0.927123491" rotation="0" />
<Block type="RectSmall" material="stone" x="6.3094346909" y="1.462123491" rotation="90" />
<Block type="RectSmall" material="stone" x="7.1094346909" y="1.462123491" rotation="90" />
<Block type="SquareTiny" material="stone" x="6.3094346909" y="1.997123491" rotation="0" />
<Block type="SquareTiny" material="stone" x="7.1094346909" y="1.997123491" rotation="0" />
<Block type="SquareTiny" material="ice" x="6.3094346909" y="2.217123491" rotation="0" />
<Block type="SquareTiny" material="ice" x="7.1094346909" y="2.217123491" rotation="0" />
<Block type="SquareHole" material="stone" x="-2.578202522336545" y="-3.08" rotation="0" />
<Block type="SquareTiny" material="stone" x="-2.578202522336545" y="-2.5500000000000003" rotation="0" />
<Block type="RectSmall" material="wood" x="-2.578202522336545" y="-2.3300000000000005" rotation="0" />
<Block type="RectTiny" material="wood" x="-2.578202522336545" y="-2.005000000000001" rotation="90" />
<Block type="RectTiny" material="wood" x="-2.578202522336545" y="-1.5750000000000006" rotation="90" />
<Block type="TriangleHole" material="stone" x="4.2583405485" y="0.87" rotation="0" />
<Block type="TriangleHole" material="ice" x="7.4495588136" y="-1.6153587053" rotation="0" />
<Block type="TriangleHole" material="wood" x="3.3983405485" y="0.87" rotation="0" />
<Block type="TriangleHole" material="wood" x="6.3795588136" y="-1.6153587053" rotation="0" />
<Block type="CircleSmall" material="wood" x="0.2587817349" y="0.135" rotation="0" />
<Block type="Circle" material="wood" x="6.3094346909" y="2.727123491" rotation="0" />
<Block type="CircleSmall" material="ice" x="-0.3012182651" y="0.135" rotation="0" />
<Block type="CircleSmall" material="stone" x="6.7094346909" y="1.262123491" rotation="0" />
<Pig type="BasicSmall" material="" x="3.7683405485" y="-3.275" rotation="0" />
<Pig type="BasicSmall" material="" x="-0.3012182651" y="-0.925" rotation="0" />
<Pig type="BasicSmall" material="" x="8.6445588136" y="-2.670358705328305" rotation="0" />
<Pig type="BasicSmall" material="" x="7.1094346909" y="2.552123491" rotation="0" />
<Pig type="BasicSmall" material="" x="-0.8612182651" y="0.135" rotation="0" />
<TNT type="" x="5.6145588136" y="-2.670358705328305" rotation="0" />
<Platform type="Platform" material="" x="5.779434690859313" y="-0.15287650904193484" />
<Platform type="Platform" material="" x="6.399434690859313" y="-0.15287650904193484" />
<Platform type="Platform" material="" x="7.019434690859312" y="-0.15287650904193484" />
<Platform type="Platform" material="" x="7.6394346908593125" y="-0.15287650904193484" />
<Platform type="Platform" material="" x="-0.30121826506044824" y="-3.81" />
<Platform type="Platform" material="" x="-0.30121826506044824" y="-4.43" />
<Platform type="Platform" material="" x="-0.30121826506044824" y="-5.05" />
<Platform type="Platform" material="" x="0.31878173493955175" y="-3.81" />
<Platform type="Platform" material="" x="-0.9212182650604482" y="-3.81" />
<Platform type="Platform" material="" x="0.31878173493955175" y="-4.43" />
<Platform type="Platform" material="" x="-0.9212182650604482" y="-4.43" />
<Platform type="Platform" material="" x="0.31878173493955175" y="-5.05" />
<Platform type="Platform" material="" x="-0.9212182650604482" y="-5.05" />
<Platform type="Platform" material="" x="0.7537817349395517" y="-3.81" />
<Platform type="Platform" material="" x="-1.3562182650604482" y="-3.81" />
<Platform type="Platform" material="" x="0.7537817349395517" y="-4.43" />
<Platform type="Platform" material="" x="-1.3562182650604482" y="-4.43" />
<Platform type="Platform" material="" x="0.7537817349395517" y="-5.05" />
<Platform type="Platform" material="" x="-1.3562182650604482" y="-5.05" />
<Platform type="Platform" material="" x="3.828340548523155" y="-3.81" />
<Platform type="Platform" material="" x="3.828340548523155" y="-4.43" />
<Platform type="Platform" material="" x="3.828340548523155" y="-5.05" />
<Platform type="Platform" material="" x="4.358340548523156" y="-3.81" />
<Platform type="Platform" material="" x="3.298340548523154" y="-3.81" />
<Platform type="Platform" material="" x="4.358340548523156" y="-4.43" />
<Platform type="Platform" material="" x="3.298340548523154" y="-4.43" />
<Platform type="Platform" material="" x="4.358340548523156" y="-5.05" />
<Platform type="Platform" material="" x="3.298340548523154" y="-5.05" />
<Platform type="Platform" material="" x="7.129558813583603" y="-3.4253587053283048" />
<Platform type="Platform" material="" x="7.129558813583603" y="-4.045358705328304" />
<Platform type="Platform" material="" x="7.129558813583603" y="-4.665358705328305" />
<Platform type="Platform" material="" x="7.7495588135836035" y="-3.4253587053283048" />
<Platform type="Platform" material="" x="6.509558813583603" y="-3.4253587053283048" />
<Platform type="Platform" material="" x="7.7495588135836035" y="-4.045358705328304" />
<Platform type="Platform" material="" x="6.509558813583603" y="-4.045358705328304" />
<Platform type="Platform" material="" x="7.7495588135836035" y="-4.665358705328305" />
<Platform type="Platform" material="" x="6.509558813583603" y="-4.665358705328305" />
<Platform type="Platform" material="" x="8.369558813583604" y="-3.4253587053283048" />
<Platform type="Platform" material="" x="5.889558813583603" y="-3.4253587053283048" />
<Platform type="Platform" material="" x="8.369558813583604" y="-4.045358705328304" />
<Platform type="Platform" material="" x="5.889558813583603" y="-4.045358705328304" />
<Platform type="Platform" material="" x="8.369558813583604" y="-4.665358705328305" />
<Platform type="Platform" material="" x="5.889558813583603" y="-4.665358705328305" />
<Platform type="Platform" material="" x="8.614558813583603" y="-3.4253587053283048" />
<Platform type="Platform" material="" x="5.644558813583604" y="-3.4253587053283048" />
<Platform type="Platform" material="" x="8.614558813583603" y="-4.045358705328304" />
<Platform type="Platform" material="" x="5.644558813583604" y="-4.045358705328304" />
<Platform type="Platform" material="" x="8.614558813583603" y="-4.665358705328305" />
<Platform type="Platform" material="" x="5.644558813583604" y="-4.665358705328305" />
<Platform type="Platform" material="" x="2.026061141731353" y="-3.81" rotation="0.0" scaleX="3.1041271186832295" />
<Platform type="Platform" material="" x="2.026061141731353" y="-4.43" rotation="0.0" scaleX="3.1041271186832295" />
<Platform type="Platform" material="" x="5.15644968105338" y="-3.6176793526641524" rotation="29.99999999999998" scaleX="1.2407783699086954" />
<Platform type="Platform" material="" x="5.15644968105338" y="-4.237679352664152" rotation="29.99999999999998" scaleX="1.2407783699086954" />
<Platform type="Platform" material="" x="5.00144968105338" y="-3.81" rotation="0.0" scaleX="1.2407783699086954" />
<Platform type="Platform" material="" x="5.00144968105338" y="-4.43" rotation="0.0" scaleX="1.2407783699086954" />
<Platform type="Platform" material="" x="5.00144968105338" y="-5.05" rotation="0.0" scaleX="1.2407783699086954" />
</GameObjects>
</Level>
