<?xml version="1.0" encoding="utf-16"?>
<Level width ="2">
<Camera x="0" y="2" minWidth="20" maxWidth="30">
<Score highScore ="83650">
<Birds>
<Bird type="BirdYellow"/>
<Bird type="BirdRed"/>
<Bird type="BirdBlue"/>
<Bird type="BirdBlack"/>
</Birds>
<Slingshot x="-8" y="-2.5">
<GameObjects>
<Block type="RectMedium" material="wood" x="-0.4053776913" y="-2.66" rotation="90" />
<Block type="RectMedium" material="wood" x="0.2146223087" y="-2.66" rotation="90" />
<Block type="RectMedium" material="wood" x="0.4746223087" y="-2.66" rotation="90" />
<Block type="RectMedium" material="wood" x="1.0946223087" y="-2.66" rotation="90" />
<Block type="SquareHole" material="wood" x="-0.0953776913" y="-1.4" rotation="0" />
<Block type="SquareHole" material="wood" x="0.7846223087" y="-1.4" rotation="0" />
<Block type="RectSmall" material="wood" x="-0.0953776913" y="-0.87" rotation="0" />
<Block type="RectSmall" material="wood" x="0.7846223087" y="-0.87" rotation="0" />
<Block type="SquareHole" material="ice" x="-0.0953776913" y="-0.34" rotation="0" />
<Block type="SquareHole" material="ice" x="0.7846223087" y="-0.34" rotation="0" />
<Block type="SquareTiny" material="stone" x="-0.0953776913" y="0.19" rotation="0" />
<Block type="SquareTiny" material="stone" x="0.7846223087" y="0.19" rotation="0" />
<Block type="RectTiny" material="ice" x="4.3430341945" y="-3.39" rotation="0" />
<Block type="RectTiny" material="ice" x="5.8030341945" y="-3.39" rotation="0" />
<Block type="RectMedium" material="stone" x="5.0730341945" y="-3.17" rotation="0" />
<Block type="SquareTiny" material="ice" x="4.3430341945" y="-2.95" rotation="0" />
<Block type="RectSmall" material="ice" x="5.0730341945" y="-2.95" rotation="0" />
<Block type="SquareTiny" material="ice" x="5.8030341945" y="-2.95" rotation="0" />
<Block type="SquareTiny" material="stone" x="4.3430341945" y="-2.73" rotation="0" />
<Block type="SquareTiny" material="stone" x="5.8030341945" y="-2.73" rotation="0" />
<Block type="RectMedium" material="stone" x="5.0730341945" y="-2.51" rotation="0" />
<Block type="RectTiny" material="wood" x="4.4230341945" y="-2.185" rotation="90" />
<Block type="RectTiny" material="wood" x="4.8030341945" y="-2.185" rotation="90" />
<Block type="RectTiny" material="wood" x="5.3430341945" y="-2.185" rotation="90" />
<Block type="RectTiny" material="wood" x="5.7230341945" y="-2.185" rotation="90" />
<Block type="SquareTiny" material="wood" x="4.4230341945" y="-1.86" rotation="0" />
<Block type="SquareTiny" material="wood" x="4.8030341945" y="-1.86" rotation="0" />
<Block type="SquareTiny" material="ice" x="5.3430341945" y="-1.86" rotation="0" />
<Block type="SquareTiny" material="wood" x="5.7230341945" y="-1.86" rotation="0" />
<Block type="RectMedium" material="ice" x="4.4230341945" y="-0.91" rotation="90" />
<Block type="RectMedium" material="ice" x="4.8030341945" y="-0.91" rotation="90" />
<Block type="RectMedium" material="stone" x="5.3430341945" y="-0.91" rotation="90" />
<Block type="RectMedium" material="wood" x="5.7230341945" y="-0.91" rotation="90" />
<Block type="RectTiny" material="wood" x="6.8084118858" y="-3.011983399376242" rotation="90" />
<Block type="RectTiny" material="wood" x="7.7284118858" y="-3.011983399376242" rotation="90" />
<Block type="RectTiny" material="wood" x="8.6484118858" y="-3.011983399376242" rotation="90" />
<Block type="RectBig" material="wood" x="7.7284118858" y="-2.686983399376242" rotation="0" />
<Block type="RectTiny" material="wood" x="7.2034118858" y="-2.4669833993762422" rotation="0" />
<Block type="RectTiny" material="wood" x="8.2534118858" y="-2.4669833993762422" rotation="0" />
<Block type="SquareTiny" material="wood" x="7.2584118858" y="-2.246983399376242" rotation="0" />
<Block type="SquareTiny" material="wood" x="8.1984118858" y="-2.246983399376242" rotation="0" />
<Block type="SquareSmall" material="ice" x="3.0499503283" y="2.749807036" rotation="0" />
<Block type="SquareSmall" material="ice" x="3.6799503283" y="2.749807036" rotation="0" />
<Block type="SquareSmall" material="ice" x="4.4949503283" y="2.749807036" rotation="0" />
<Block type="SquareSmall" material="ice" x="5.1249503283" y="2.749807036" rotation="0" />
<Block type="SquareSmall" material="wood" x="5.9399503283" y="2.749807036" rotation="0" />
<Block type="SquareSmall" material="stone" x="6.5699503283" y="2.749807036" rotation="0" />
<Block type="SquareSmall" material="stone" x="3.0499503283" y="3.179807036" rotation="0" />
<Block type="RectTiny" material="wood" x="3.6799503283" y="3.179807036" rotation="90" />
<Block type="SquareSmall" material="wood" x="4.4949503283" y="3.179807036" rotation="0" />
<Block type="RectTiny" material="stone" x="5.1249503283" y="3.179807036" rotation="90" />
<Block type="SquareSmall" material="stone" x="5.9399503283" y="3.179807036" rotation="0" />
<Block type="SquareSmall" material="wood" x="6.5699503283" y="3.179807036" rotation="0" />
<Block type="RectSmall" material="stone" x="3.3649503283" y="3.504807036" rotation="0" />
<Block type="RectSmall" material="stone" x="4.8099503283" y="3.504807036" rotation="0" />
<Block type="RectSmall" material="ice" x="6.2549503283" y="3.504807036" rotation="0" />
<Block type="RectMedium" material="stone" x="3.7849503283" y="3.724807036" rotation="0" />
<Block type="RectMedium" material="wood" x="5.8349503283" y="3.724807036" rotation="0" />
<Block type="RectTiny" material="wood" x="3.8899503283" y="4.049807036" rotation="90" />
<Block type="RectFat" material="wood" x="5.7299503283" y="4.049807036" rotation="0" />
<Block type="RectBig" material="wood" x="4.8099503283" y="4.374807036" rotation="0" />
<Block type="RectBig" material="stone" x="4.809950328321973" y="4.594807036" rotation="0" />
<Block type="TriangleHole" material="wood" x="4.4230341945" y="0.34" rotation="0" />
<Block type="CircleSmall" material="wood" x="5.3430341945" y="0.155" rotation="0" />
<Block type="CircleSmall" material="ice" x="4.8099503283" y="4.929807036" rotation="0" />
<Block type="CircleSmall" material="ice" x="4.1232836617" y="4.929807036" rotation="0" />
<Block type="CircleSmall" material="wood" x="0.7846223087" y="0.525" rotation="0" />
<Block type="CircleSmall" material="ice" x="6.3949503283" y="4.059807036" rotation="0" />
<Pig type="BasicSmall" material="" x="7.2584118858" y="-1.911983399376242" rotation="0" />
<Pig type="BasicSmall" material="" x="-0.0953776913" y="0.525" rotation="0" />
<Pig type="BasicSmall" material="" x="5.496616995" y="4.929807036" rotation="0" />
<Pig type="BasicSmall" material="" x="3.2249503283" y="4.059807036" rotation="0" />
<Pig type="BasicSmall" material="" x="8.1984118858" y="-1.911983399376242" rotation="0" />
<Platform type="Platform" material="" x="2.949950328321973" y="2.224807036002442" />
<Platform type="Platform" material="" x="3.5699503283219727" y="2.224807036002442" />
<Platform type="Platform" material="" x="4.189950328321973" y="2.224807036002442" />
<Platform type="Platform" material="" x="4.809950328321973" y="2.224807036002442" />
<Platform type="Platform" material="" x="5.429950328321973" y="2.224807036002442" />
<Platform type="Platform" material="" x="6.049950328321973" y="2.224807036002442" />
<Platform type="Platform" material="" x="6.669950328321972" y="2.224807036002442" />
<Platform type="Platform" material="" x="0.34462230874278266" y="-3.81" />
<Platform type="Platform" material="" x="0.34462230874278266" y="-4.43" />
<Platform type="Platform" material="" x="0.34462230874278266" y="-5.05" />
<Platform type="Platform" material="" x="0.8996223087427826" y="-3.81" />
<Platform type="Platform" material="" x="-0.21037769125721728" y="-3.81" />
<Platform type="Platform" material="" x="0.8996223087427826" y="-4.43" />
<Platform type="Platform" material="" x="-0.21037769125721728" y="-4.43" />
<Platform type="Platform" material="" x="0.8996223087427826" y="-5.05" />
<Platform type="Platform" material="" x="-0.21037769125721728" y="-5.05" />
<Platform type="Platform" material="" x="5.073034194533444" y="-3.81" />
<Platform type="Platform" material="" x="5.073034194533444" y="-4.43" />
<Platform type="Platform" material="" x="5.073034194533444" y="-5.05" />
<Platform type="Platform" material="" x="5.693034194533444" y="-3.81" />
<Platform type="Platform" material="" x="4.453034194533444" y="-3.81" />
<Platform type="Platform" material="" x="5.693034194533444" y="-4.43" />
<Platform type="Platform" material="" x="4.453034194533444" y="-4.43" />
<Platform type="Platform" material="" x="5.693034194533444" y="-5.05" />
<Platform type="Platform" material="" x="4.453034194533444" y="-5.05" />
<Platform type="Platform" material="" x="5.708034194533445" y="-3.81" />
<Platform type="Platform" material="" x="4.438034194533444" y="-3.81" />
<Platform type="Platform" material="" x="5.708034194533445" y="-4.43" />
<Platform type="Platform" material="" x="4.438034194533444" y="-4.43" />
<Platform type="Platform" material="" x="5.708034194533445" y="-5.05" />
<Platform type="Platform" material="" x="4.438034194533444" y="-5.05" />
<Platform type="Platform" material="" x="7.728411885790662" y="-3.536983399376242" />
<Platform type="Platform" material="" x="7.728411885790662" y="-4.156983399376242" />
<Platform type="Platform" material="" x="7.728411885790662" y="-4.776983399376242" />
<Platform type="Platform" material="" x="8.34841188579066" y="-3.536983399376242" />
<Platform type="Platform" material="" x="7.1084118857906615" y="-3.536983399376242" />
<Platform type="Platform" material="" x="8.34841188579066" y="-4.156983399376242" />
<Platform type="Platform" material="" x="7.1084118857906615" y="-4.156983399376242" />
<Platform type="Platform" material="" x="8.34841188579066" y="-4.776983399376242" />
<Platform type="Platform" material="" x="7.1084118857906615" y="-4.776983399376242" />
<Platform type="Platform" material="" x="8.44841188579066" y="-3.536983399376242" />
<Platform type="Platform" material="" x="7.008411885790662" y="-3.536983399376242" />
<Platform type="Platform" material="" x="8.44841188579066" y="-4.156983399376242" />
<Platform type="Platform" material="" x="7.008411885790662" y="-4.156983399376242" />
<Platform type="Platform" material="" x="8.44841188579066" y="-4.776983399376242" />
<Platform type="Platform" material="" x="7.008411885790662" y="-4.776983399376242" />
<Platform type="Platform" material="" x="2.6688282516381134" y="-3.81" rotation="0.0" scaleX="4.707115944823647" />
<Platform type="Platform" material="" x="2.6688282516381134" y="-4.43" rotation="0.0" scaleX="4.707115944823647" />
<Platform type="Platform" material="" x="6.473669590634424" y="-3.673491699688121" rotation="21.86421577233167" scaleX="1.1824372383005843" />
<Platform type="Platform" material="" x="6.473669590634424" y="-4.293491699688121" rotation="21.86421577233167" scaleX="1.1824372383005843" />
<Platform type="Platform" material="" x="6.358223040162054" y="-3.81" rotation="0.0" scaleX="1.1824372383005843" />
<Platform type="Platform" material="" x="6.358223040162054" y="-4.43" rotation="0.0" scaleX="1.1824372383005843" />
<Platform type="Platform" material="" x="6.358223040162054" y="-5.05" rotation="0.0" scaleX="1.1824372383005843" />
</GameObjects>
</Level>
