<?xml version="1.0" encoding="utf-16"?>
<Level width ="2">
<Camera x="0" y="2" minWidth="20" maxWidth="30">
<Score highScore ="37780">
<Birds>
<Bird type="BirdBlack"/>
<Bird type="BirdBlue"/>
<Bird type="BirdBlack"/>
</Birds>
<Slingshot x="-8" y="-2.5">
<GameObjects>
<Block type="RectFat" material="wood" x="-2.3522282263" y="-3.2130470372716715" rotation="0" />
<Block type="RectFat" material="wood" x="-0.5022282263" y="-3.2130470372716715" rotation="0" />
<Block type="SquareTiny" material="stone" x="-2.6672282263" y="-2.8880470372716713" rotation="0" />
<Block type="SquareTiny" material="stone" x="-2.0372282263" y="-2.8880470372716713" rotation="0" />
<Block type="SquareTiny" material="stone" x="-0.8172282263" y="-2.8880470372716713" rotation="0" />
<Block type="SquareTiny" material="stone" x="-0.1872282263" y="-2.8880470372716713" rotation="0" />
<Block type="RectSmall" material="stone" x="-2.6672282263" y="-2.353047037271671" rotation="90" />
<Block type="RectSmall" material="stone" x="-2.0372282263" y="-2.353047037271671" rotation="90" />
<Block type="RectSmall" material="stone" x="-0.8172282263" y="-2.353047037271671" rotation="90" />
<Block type="RectSmall" material="stone" x="-0.1872282263" y="-2.353047037271671" rotation="90" />
<Block type="RectSmall" material="stone" x="-2.3522282263" y="-1.8180470372716715" rotation="0" />
<Block type="RectSmall" material="stone" x="-0.5022282263" y="-1.8180470372716715" rotation="0" />
<Block type="RectTiny" material="stone" x="-2.6972282263" y="-1.4930470372716715" rotation="90" />
<Block type="RectTiny" material="stone" x="-2.0072282263" y="-1.4930470372716715" rotation="90" />
<Block type="RectTiny" material="stone" x="-0.8472282263" y="-1.4930470372716715" rotation="90" />
<Block type="RectTiny" material="stone" x="-0.1572282263" y="-1.4930470372716715" rotation="90" />
<Block type="RectFat" material="ice" x="0.7604108675" y="-3.1521802655074698" rotation="0" />
<Block type="RectFat" material="ice" x="2.7979108675" y="-3.1521802655074698" rotation="0" />
<Block type="RectFat" material="ice" x="4.8354108675" y="-3.1521802655074698" rotation="0" />
<Block type="RectBig" material="ice" x="1.6804108675" y="-2.8271802655074696" rotation="0" />
<Block type="RectBig" material="ice" x="3.9154108675" y="-2.8271802655074696" rotation="0" />
<Block type="RectSmall" material="ice" x="1.8929108675" y="-2.60718026550747" rotation="0" />
<Block type="RectSmall" material="ice" x="3.7029108675" y="-2.60718026550747" rotation="0" />
<Block type="SquareHole" material="wood" x="6.5076390938" y="-3.08" rotation="0" />
<Block type="SquareHole" material="stone" x="7.9426390938" y="-3.08" rotation="0" />
<Block type="RectBig" material="stone" x="6.3051390938" y="-1.63" rotation="90" />
<Block type="RectBig" material="wood" x="6.7101390938" y="-1.63" rotation="90" />
<Block type="RectBig" material="ice" x="7.7401390938" y="-1.63" rotation="90" />
<Block type="RectBig" material="wood" x="8.1451390938" y="-1.63" rotation="90" />
<Block type="RectTiny" material="wood" x="6.3051390938" y="-0.385" rotation="90" />
<Block type="RectTiny" material="stone" x="6.7101390938" y="-0.385" rotation="90" />
<Block type="RectTiny" material="wood" x="7.7401390938" y="-0.385" rotation="90" />
<Block type="RectTiny" material="ice" x="8.1451390938" y="-0.385" rotation="90" />
<Block type="RectBig" material="stone" x="7.2251390938" y="-0.06" rotation="0" />
<Block type="RectSmall" material="ice" x="6.6601390938" y="0.16" rotation="0" />
<Block type="RectSmall" material="wood" x="7.7901390938" y="0.16" rotation="0" />
<Block type="SquareHole" material="stone" x="-1.2991472891" y="2.017201559" rotation="0" />
<Block type="SquareHole" material="stone" x="-0.3791472891" y="2.017201559" rotation="0" />
<Block type="SquareHole" material="stone" x="0.5408527109" y="2.017201559" rotation="0" />
<Block type="RectBig" material="stone" x="-0.3791472891" y="2.547201559" rotation="0" />
<Block type="RectMedium" material="stone" x="-0.3791472891" y="2.767201559" rotation="0" />
<Block type="SquareHole" material="stone" x="-0.3791472891" y="3.297201559" rotation="0" />
<Block type="RectFat" material="stone" x="-0.3791472891050215" y="4.142201559" rotation="90" />
<Block type="Triangle" material="stone" x="6.6601390938" y="0.68" rotation="0.0" />
<Block type="CircleSmall" material="wood" x="7.5068057605" y="0.495" rotation="0" />
<Block type="TriangleHole" material="stone" x="3.7029108675" y="-2.0871802655" rotation="0" />
<Block type="Circle" material="ice" x="-2.6972282263" y="-0.8780470373" rotation="0" />
<Block type="TriangleHole" material="wood" x="0.9937442008" y="-2.3071802655" rotation="0" />
<Block type="CircleSmall" material="ice" x="-0.3791472891" y="4.792201559" rotation="0" />
<Block type="CircleSmall" material="wood" x="4.6020775342" y="-2.4921802655" rotation="0" />
<Block type="TriangleHole" material="stone" x="-0.1572282263" y="-0.8680470373" rotation="0" />
<Block type="Triangle" material="wood" x="1.8929108675" y="-2.0871802655" rotation="0.0" />
<Block type="CircleSmall" material="ice" x="-0.8472282263" y="-1.0530470373" rotation="0" />
<Block type="CircleSmall" material="stone" x="8.0734724271" y="0.495" rotation="0" />
<Block type="CircleSmall" material="ice" x="-2.0072282263" y="-1.0530470373" rotation="0" />
<Pig type="BasicSmall" material="" x="7.1776390938" y="-3.275" rotation="0" />
<TNT type="" x="-1.6722282263" y="-3.2030470372716717" rotation="0" />
<Platform type="Platform" material="" x="-1.9291472891050216" y="1.2872015590199246" />
<Platform type="Platform" material="" x="-1.3091472891050215" y="1.2872015590199246" />
<Platform type="Platform" material="" x="-0.6891472891050214" y="1.2872015590199246" />
<Platform type="Platform" material="" x="-0.06914728910502149" y="1.2872015590199246" />
<Platform type="Platform" material="" x="0.5508527108949784" y="1.2872015590199246" />
<Platform type="Platform" material="" x="1.1708527108949784" y="1.2872015590199246" />
<Platform type="Platform" material="" x="-1.427228226277897" y="-3.7380470372716714" />
<Platform type="Platform" material="" x="-1.427228226277897" y="-4.358047037271671" />
<Platform type="Platform" material="" x="-1.427228226277897" y="-4.978047037271672" />
<Platform type="Platform" material="" x="-0.807228226277897" y="-3.7380470372716714" />
<Platform type="Platform" material="" x="-2.047228226277897" y="-3.7380470372716714" />
<Platform type="Platform" material="" x="-0.807228226277897" y="-4.358047037271671" />
<Platform type="Platform" material="" x="-2.047228226277897" y="-4.358047037271671" />
<Platform type="Platform" material="" x="-0.807228226277897" y="-4.978047037271672" />
<Platform type="Platform" material="" x="-2.047228226277897" y="-4.978047037271672" />
<Platform type="Platform" material="" x="-0.35722822627789713" y="-3.7380470372716714" />
<Platform type="Platform" material="" x="-2.4972282262778966" y="-3.7380470372716714" />
<Platform type="Platform" material="" x="-0.35722822627789713" y="-4.358047037271671" />
<Platform type="Platform" material="" x="-2.4972282262778966" y="-4.358047037271671" />
<Platform type="Platform" material="" x="-0.35722822627789713" y="-4.978047037271672" />
<Platform type="Platform" material="" x="-2.4972282262778966" y="-4.978047037271672" />
<Platform type="Platform" material="" x="2.7979108675314897" y="-3.6771802655074692" />
<Platform type="Platform" material="" x="2.7979108675314897" y="-4.297180265507469" />
<Platform type="Platform" material="" x="2.7979108675314897" y="-4.9171802655074694" />
<Platform type="Platform" material="" x="3.4179108675314898" y="-3.6771802655074692" />
<Platform type="Platform" material="" x="2.1779108675314895" y="-3.6771802655074692" />
<Platform type="Platform" material="" x="3.4179108675314898" y="-4.297180265507469" />
<Platform type="Platform" material="" x="2.1779108675314895" y="-4.297180265507469" />
<Platform type="Platform" material="" x="3.4179108675314898" y="-4.9171802655074694" />
<Platform type="Platform" material="" x="2.1779108675314895" y="-4.9171802655074694" />
<Platform type="Platform" material="" x="4.037910867531489" y="-3.6771802655074692" />
<Platform type="Platform" material="" x="1.5579108675314894" y="-3.6771802655074692" />
<Platform type="Platform" material="" x="4.037910867531489" y="-4.297180265507469" />
<Platform type="Platform" material="" x="1.5579108675314894" y="-4.297180265507469" />
<Platform type="Platform" material="" x="4.037910867531489" y="-4.9171802655074694" />
<Platform type="Platform" material="" x="1.5579108675314894" y="-4.9171802655074694" />
<Platform type="Platform" material="" x="4.6579108675314895" y="-3.6771802655074692" />
<Platform type="Platform" material="" x="0.9379108675314894" y="-3.6771802655074692" />
<Platform type="Platform" material="" x="4.6579108675314895" y="-4.297180265507469" />
<Platform type="Platform" material="" x="0.9379108675314894" y="-4.297180265507469" />
<Platform type="Platform" material="" x="4.6579108675314895" y="-4.9171802655074694" />
<Platform type="Platform" material="" x="0.9379108675314894" y="-4.9171802655074694" />
<Platform type="Platform" material="" x="4.95041086753149" y="-3.6771802655074692" />
<Platform type="Platform" material="" x="0.645410867531489" y="-3.6771802655074692" />
<Platform type="Platform" material="" x="4.95041086753149" y="-4.297180265507469" />
<Platform type="Platform" material="" x="0.645410867531489" y="-4.297180265507469" />
<Platform type="Platform" material="" x="4.95041086753149" y="-4.9171802655074694" />
<Platform type="Platform" material="" x="0.645410867531489" y="-4.9171802655074694" />
<Platform type="Platform" material="" x="7.2251390938093865" y="-3.81" />
<Platform type="Platform" material="" x="7.2251390938093865" y="-4.43" />
<Platform type="Platform" material="" x="7.2251390938093865" y="-5.05" />
<Platform type="Platform" material="" x="7.845139093809387" y="-3.81" />
<Platform type="Platform" material="" x="6.605139093809386" y="-3.81" />
<Platform type="Platform" material="" x="7.845139093809387" y="-4.43" />
<Platform type="Platform" material="" x="6.605139093809386" y="-4.43" />
<Platform type="Platform" material="" x="7.845139093809387" y="-5.05" />
<Platform type="Platform" material="" x="6.605139093809386" y="-5.05" />
<Platform type="Platform" material="" x="8.052639093809386" y="-3.81" />
<Platform type="Platform" material="" x="6.397639093809386" y="-3.81" />
<Platform type="Platform" material="" x="8.052639093809386" y="-4.43" />
<Platform type="Platform" material="" x="6.397639093809386" y="-4.43" />
<Platform type="Platform" material="" x="8.052639093809386" y="-5.05" />
<Platform type="Platform" material="" x="6.397639093809386" y="-5.05" />
<Platform type="Platform" material="" x="0.19279103200577094" y="-3.70761365138957" rotation="9.038368568082852" scaleX="0.6249192247829214" />
<Platform type="Platform" material="" x="0.19279103200577094" y="-4.32761365138957" rotation="9.038368568082852" scaleX="0.6249192247829214" />
<Platform type="Platform" material="" x="0.14409132062679594" y="-3.7380470372716714" rotation="0.0" scaleX="0.6249192247829214" />
<Platform type="Platform" material="" x="0.14409132062679594" y="-4.358047037271671" rotation="0.0" scaleX="0.6249192247829214" />
<Platform type="Platform" material="" x="0.14409132062679594" y="-4.978047037271671" rotation="0.0" scaleX="0.6249192247829214" />
<Platform type="Platform" material="" x="5.624880817013352" y="-3.7435901327537344" rotation="-9.121556938663158" scaleX="1.3513276512273964" />
<Platform type="Platform" material="" x="5.624880817013352" y="-4.3635901327537345" rotation="-9.121556938663158" scaleX="1.3513276512273964" />
<Platform type="Platform" material="" x="5.674024980670438" y="-3.81" rotation="0.0" scaleX="1.3513276512273964" />
<Platform type="Platform" material="" x="5.674024980670438" y="-4.43" rotation="0.0" scaleX="1.3513276512273964" />
<Platform type="Platform" material="" x="5.674024980670438" y="-5.05" rotation="0.0" scaleX="1.3513276512273964" />
</GameObjects>
</Level>
