<?xml version="1.0" encoding="utf-16"?>
<Level width ="2">
<Camera x="0" y="2" minWidth="20" maxWidth="30">
<Score highScore ="92740">
<Birds>
<Bird type="BirdRed"/>
<Bird type="BirdYellow"/>
<Bird type="BirdBlue"/>
<Bird type="BirdWhite"/>
</Birds>
<Slingshot x="-8" y="-2.5">
<GameObjects>
<Block type="RectSmall" material="wood" x="-2.6922667791" y="-2.9399730717793005" rotation="90" />
<Block type="RectSmall" material="wood" x="-2.3822667791" y="-2.9399730717793005" rotation="90" />
<Block type="RectSmall" material="wood" x="-2.0722667791" y="-2.9399730717793005" rotation="90" />
<Block type="RectSmall" material="wood" x="-1.3522667791" y="-2.9399730717793005" rotation="90" />
<Block type="RectSmall" material="wood" x="-1.0422667791" y="-2.9399730717793005" rotation="90" />
<Block type="RectSmall" material="wood" x="-0.7322667791" y="-2.9399730717793005" rotation="90" />
<Block type="SquareHole" material="wood" x="-2.3822667791" y="-2.0949730717793003" rotation="0" />
<Block type="SquareHole" material="wood" x="-1.0422667791" y="-2.0949730717793003" rotation="0" />
<Block type="RectSmall" material="wood" x="0.263956674" y="-3.39" rotation="0" />
<Block type="RectSmall" material="wood" x="1.153956674" y="-3.39" rotation="0" />
<Block type="RectSmall" material="ice" x="2.313956674" y="-3.39" rotation="0" />
<Block type="RectSmall" material="ice" x="3.203956674" y="-3.39" rotation="0" />
<Block type="RectTiny" material="wood" x="0.263956674" y="-3.065" rotation="90" />
<Block type="RectTiny" material="wood" x="0.883956674" y="-3.065" rotation="90" />
<Block type="RectTiny" material="stone" x="1.423956674" y="-3.065" rotation="90" />
<Block type="RectTiny" material="ice" x="2.043956674" y="-3.065" rotation="90" />
<Block type="RectTiny" material="ice" x="2.583956674" y="-3.065" rotation="90" />
<Block type="RectTiny" material="ice" x="3.203956674" y="-3.065" rotation="90" />
<Block type="RectSmall" material="ice" x="0.263956674" y="-2.425" rotation="90" />
<Block type="RectSmall" material="wood" x="0.883956674" y="-2.425" rotation="90" />
<Block type="RectSmall" material="wood" x="1.423956674" y="-2.425" rotation="90" />
<Block type="RectSmall" material="ice" x="2.043956674" y="-2.425" rotation="90" />
<Block type="RectSmall" material="ice" x="2.583956674" y="-2.425" rotation="90" />
<Block type="RectSmall" material="wood" x="3.203956674" y="-2.425" rotation="90" />
<Block type="SquareHole" material="stone" x="0.573956674" y="-1.58" rotation="0" />
<Block type="SquareHole" material="ice" x="1.733956674" y="-1.58" rotation="0" />
<Block type="SquareHole" material="ice" x="2.893956674" y="-1.58" rotation="0" />
<Block type="RectFat" material="stone" x="0.573956674" y="-0.945" rotation="0" />
<Block type="RectFat" material="ice" x="1.733956674" y="-0.945" rotation="0" />
<Block type="RectFat" material="stone" x="2.893956674" y="-0.945" rotation="0" />
<Block type="RectSmall" material="stone" x="0.573956674" y="-0.62" rotation="0" />
<Block type="RectSmall" material="ice" x="1.733956674" y="-0.62" rotation="0" />
<Block type="RectSmall" material="stone" x="2.893956674" y="-0.62" rotation="0" />
<Block type="SquareHole" material="wood" x="0.573956674" y="-0.09" rotation="0" />
<Block type="SquareHole" material="wood" x="1.733956674" y="-0.09" rotation="0" />
<Block type="SquareHole" material="wood" x="2.893956674" y="-0.09" rotation="0" />
<Block type="RectTiny" material="stone" x="4.0512234531" y="-3.285" rotation="90" />
<Block type="RectTiny" material="wood" x="4.6812234531" y="-3.285" rotation="90" />
<Block type="RectTiny" material="stone" x="5.0912234531" y="-3.285" rotation="90" />
<Block type="RectTiny" material="wood" x="5.7212234531" y="-3.285" rotation="90" />
<Block type="RectTiny" material="ice" x="6.1312234531" y="-3.285" rotation="90" />
<Block type="RectTiny" material="stone" x="6.7612234531" y="-3.285" rotation="90" />
<Block type="RectTiny" material="ice" x="7.1712234531" y="-3.285" rotation="90" />
<Block type="RectTiny" material="ice" x="7.8012234531" y="-3.285" rotation="90" />
<Block type="RectTiny" material="stone" x="8.2112234531" y="-3.285" rotation="90" />
<Block type="RectTiny" material="ice" x="8.8412234531" y="-3.285" rotation="90" />
<Block type="RectSmall" material="stone" x="4.0512234531" y="-2.645" rotation="90" />
<Block type="RectSmall" material="stone" x="4.6812234531" y="-2.645" rotation="90" />
<Block type="RectSmall" material="stone" x="5.0912234531" y="-2.645" rotation="90" />
<Block type="RectSmall" material="wood" x="5.7212234531" y="-2.645" rotation="90" />
<Block type="RectSmall" material="wood" x="6.1312234531" y="-2.645" rotation="90" />
<Block type="RectSmall" material="wood" x="6.7612234531" y="-2.645" rotation="90" />
<Block type="RectSmall" material="stone" x="7.1712234531" y="-2.645" rotation="90" />
<Block type="RectSmall" material="stone" x="7.8012234531" y="-2.645" rotation="90" />
<Block type="RectSmall" material="ice" x="8.2112234531" y="-2.645" rotation="90" />
<Block type="RectSmall" material="stone" x="8.8412234531" y="-2.645" rotation="90" />
<Block type="RectSmall" material="wood" x="4.0512234531" y="-1.795" rotation="90" />
<Block type="RectSmall" material="ice" x="4.6812234531" y="-1.795" rotation="90" />
<Block type="RectSmall" material="ice" x="5.0912234531" y="-1.795" rotation="90" />
<Block type="RectSmall" material="wood" x="5.7212234531" y="-1.795" rotation="90" />
<Block type="RectSmall" material="ice" x="6.1312234531" y="-1.795" rotation="90" />
<Block type="RectSmall" material="wood" x="6.7612234531" y="-1.795" rotation="90" />
<Block type="RectSmall" material="wood" x="7.1712234531" y="-1.795" rotation="90" />
<Block type="RectSmall" material="ice" x="7.8012234531" y="-1.795" rotation="90" />
<Block type="RectSmall" material="ice" x="8.2112234531" y="-1.795" rotation="90" />
<Block type="RectSmall" material="ice" x="8.8412234531" y="-1.795" rotation="90" />
<Block type="RectFat" material="stone" x="4.3662234531" y="-1.155" rotation="0" />
<Block type="RectFat" material="wood" x="5.4062234531" y="-1.155" rotation="0" />
<Block type="RectFat" material="ice" x="6.4462234531" y="-1.155" rotation="0" />
<Block type="RectFat" material="stone" x="7.4862234531" y="-1.155" rotation="0" />
<Block type="RectFat" material="ice" x="8.5262234531" y="-1.155" rotation="0" />
<Block type="RectSmall" material="stone" x="4.0512234531" y="-0.515" rotation="90" />
<Block type="RectSmall" material="wood" x="4.3662234531" y="-0.515" rotation="90" />
<Block type="RectSmall" material="ice" x="4.6812234531" y="-0.515" rotation="90" />
<Block type="RectSmall" material="wood" x="5.0912234531" y="-0.515" rotation="90" />
<Block type="RectSmall" material="stone" x="5.4062234531" y="-0.515" rotation="90" />
<Block type="RectSmall" material="ice" x="5.7212234531" y="-0.515" rotation="90" />
<Block type="RectSmall" material="ice" x="6.1312234531" y="-0.515" rotation="90" />
<Block type="RectSmall" material="stone" x="6.4462234531" y="-0.515" rotation="90" />
<Block type="RectSmall" material="wood" x="6.7612234531" y="-0.515" rotation="90" />
<Block type="RectSmall" material="wood" x="7.1712234531" y="-0.515" rotation="90" />
<Block type="RectSmall" material="stone" x="7.4862234531" y="-0.515" rotation="90" />
<Block type="RectSmall" material="wood" x="7.8012234531" y="-0.515" rotation="90" />
<Block type="RectSmall" material="wood" x="8.2112234531" y="-0.515" rotation="90" />
<Block type="RectSmall" material="ice" x="8.5262234531" y="-0.515" rotation="90" />
<Block type="RectSmall" material="wood" x="8.8412234531" y="-0.515" rotation="90" />
<Block type="SquareTiny" material="wood" x="4.3662234531" y="0.02" rotation="0" />
<Block type="RectSmall" material="wood" x="5.4062234531" y="0.02" rotation="0" />
<Block type="RectSmall" material="ice" x="6.4462234531" y="0.02" rotation="0" />
<Block type="SquareTiny" material="stone" x="7.4862234531" y="0.02" rotation="0" />
<Block type="RectSmall" material="wood" x="8.5262234531" y="0.02" rotation="0" />
<Block type="RectFat" material="ice" x="5.0943476043" y="2.9606686341" rotation="0" />
<Block type="RectFat" material="ice" x="6.0593476043" y="2.9606686341" rotation="0" />
<Block type="RectFat" material="wood" x="7.0243476043" y="2.9606686341" rotation="0" />
<Block type="RectSmall" material="ice" x="5.1993476043" y="3.6006686341" rotation="90" />
<Block type="RectFat" material="wood" x="6.0593476043" y="3.6006686341" rotation="90" />
<Block type="RectSmall" material="wood" x="6.9193476043" y="3.6006686341" rotation="90" />
<Block type="RectFat" material="ice" x="5.5143476043" y="4.2406686341" rotation="0" />
<Block type="RectFat" material="ice" x="6.6043476043" y="4.2406686341" rotation="0" />
<Block type="TriangleHole" material="stone" x="1.733956674" y="0.74" rotation="0" />
<Block type="CircleSmall" material="stone" x="6.321014271" y="4.6806686341" rotation="0" />
<Block type="Triangle" material="stone" x="5.231014271" y="4.8656686341" rotation="0.0" />
<Block type="CircleSmall" material="wood" x="2.613956674" y="0.555" rotation="0" />
<Block type="CircleSmall" material="wood" x="4.3662234531" y="0.355" rotation="0" />
<Block type="CircleSmall" material="wood" x="5.4062234531" y="0.355" rotation="0" />
<Block type="TriangleHole" material="wood" x="6.1628901198" y="0.54" rotation="0" />
<Block type="Triangle" material="wood" x="-1.3222667791" y="-1.2649730718" rotation="90.0" />
<Block type="Triangle" material="wood" x="0.293956674" y="0.74" rotation="90.0" />
<Block type="CircleSmall" material="ice" x="7.4862234531" y="0.355" rotation="0" />
<Block type="CircleSmall" material="ice" x="4.811014271" y="3.4006686341" rotation="0" />
<Block type="CircleSmall" material="ice" x="6.8876809376" y="4.6806686341" rotation="0" />
<Block type="CircleSmall" material="wood" x="7.3076809376" y="3.4006686341" rotation="0" />
<Block type="CircleSmall" material="stone" x="-2.1022667791" y="-1.4499730718" rotation="0" />
<Pig type="BasicSmall" material="" x="3.173956674" y="0.555" rotation="0" />
<Pig type="BasicSmall" material="" x="8.8095567864" y="0.355" rotation="0" />
<Pig type="BasicSmall" material="" x="8.2428901198" y="0.355" rotation="0" />
<Pig type="BasicSmall" material="" x="-2.6622667791" y="-1.4499730717793002" rotation="0" />
<TNT type="" x="-1.7122667791" y="-3.1399730717793" rotation="0" />
<Platform type="Platform" material="" x="4.19934760433547" y="2.435668634050127" />
<Platform type="Platform" material="" x="4.819347604335469" y="2.435668634050127" />
<Platform type="Platform" material="" x="5.439347604335469" y="2.435668634050127" />
<Platform type="Platform" material="" x="6.0593476043354695" y="2.435668634050127" />
<Platform type="Platform" material="" x="6.67934760433547" y="2.435668634050127" />
<Platform type="Platform" material="" x="7.29934760433547" y="2.435668634050127" />
<Platform type="Platform" material="" x="7.919347604335469" y="2.435668634050127" />
<Platform type="Platform" material="" x="-1.712266779102403" y="-3.6749730717793003" />
<Platform type="Platform" material="" x="-1.712266779102403" y="-4.2949730717793" />
<Platform type="Platform" material="" x="-1.712266779102403" y="-4.9149730717793005" />
<Platform type="Platform" material="" x="-1.092266779102403" y="-3.6749730717793003" />
<Platform type="Platform" material="" x="-2.332266779102403" y="-3.6749730717793003" />
<Platform type="Platform" material="" x="-1.092266779102403" y="-4.2949730717793" />
<Platform type="Platform" material="" x="-2.332266779102403" y="-4.2949730717793" />
<Platform type="Platform" material="" x="-1.092266779102403" y="-4.9149730717793005" />
<Platform type="Platform" material="" x="-2.332266779102403" y="-4.9149730717793005" />
<Platform type="Platform" material="" x="-0.9322667791024031" y="-3.6749730717793003" />
<Platform type="Platform" material="" x="-2.492266779102403" y="-3.6749730717793003" />
<Platform type="Platform" material="" x="-0.9322667791024031" y="-4.2949730717793" />
<Platform type="Platform" material="" x="-2.492266779102403" y="-4.2949730717793" />
<Platform type="Platform" material="" x="-0.9322667791024031" y="-4.9149730717793005" />
<Platform type="Platform" material="" x="-2.492266779102403" y="-4.9149730717793005" />
<Platform type="Platform" material="" x="1.7339566740123629" y="-3.81" />
<Platform type="Platform" material="" x="1.7339566740123629" y="-4.43" />
<Platform type="Platform" material="" x="1.7339566740123629" y="-5.05" />
<Platform type="Platform" material="" x="2.353956674012363" y="-3.81" />
<Platform type="Platform" material="" x="1.1139566740123628" y="-3.81" />
<Platform type="Platform" material="" x="2.353956674012363" y="-4.43" />
<Platform type="Platform" material="" x="1.1139566740123628" y="-4.43" />
<Platform type="Platform" material="" x="2.353956674012363" y="-5.05" />
<Platform type="Platform" material="" x="1.1139566740123628" y="-5.05" />
<Platform type="Platform" material="" x="2.973956674012363" y="-3.81" />
<Platform type="Platform" material="" x="0.49395667401236276" y="-3.81" />
<Platform type="Platform" material="" x="2.973956674012363" y="-4.43" />
<Platform type="Platform" material="" x="0.49395667401236276" y="-4.43" />
<Platform type="Platform" material="" x="2.973956674012363" y="-5.05" />
<Platform type="Platform" material="" x="0.49395667401236276" y="-5.05" />
<Platform type="Platform" material="" x="3.318956674012363" y="-3.81" />
<Platform type="Platform" material="" x="0.148956674012363" y="-3.81" />
<Platform type="Platform" material="" x="3.318956674012363" y="-4.43" />
<Platform type="Platform" material="" x="0.148956674012363" y="-4.43" />
<Platform type="Platform" material="" x="3.318956674012363" y="-5.05" />
<Platform type="Platform" material="" x="0.148956674012363" y="-5.05" />
<Platform type="Platform" material="" x="6.446223453114766" y="-3.81" />
<Platform type="Platform" material="" x="6.446223453114766" y="-4.43" />
<Platform type="Platform" material="" x="6.446223453114766" y="-5.05" />
<Platform type="Platform" material="" x="7.066223453114766" y="-3.81" />
<Platform type="Platform" material="" x="5.826223453114766" y="-3.81" />
<Platform type="Platform" material="" x="7.066223453114766" y="-4.43" />
<Platform type="Platform" material="" x="5.826223453114766" y="-4.43" />
<Platform type="Platform" material="" x="7.066223453114766" y="-5.05" />
<Platform type="Platform" material="" x="5.826223453114766" y="-5.05" />
<Platform type="Platform" material="" x="7.686223453114766" y="-3.81" />
<Platform type="Platform" material="" x="5.206223453114766" y="-3.81" />
<Platform type="Platform" material="" x="7.686223453114766" y="-4.43" />
<Platform type="Platform" material="" x="5.206223453114766" y="-4.43" />
<Platform type="Platform" material="" x="7.686223453114766" y="-5.05" />
<Platform type="Platform" material="" x="5.206223453114766" y="-5.05" />
<Platform type="Platform" material="" x="8.306223453114766" y="-3.81" />
<Platform type="Platform" material="" x="4.586223453114766" y="-3.81" />
<Platform type="Platform" material="" x="8.306223453114766" y="-4.43" />
<Platform type="Platform" material="" x="4.586223453114766" y="-4.43" />
<Platform type="Platform" material="" x="8.306223453114766" y="-5.05" />
<Platform type="Platform" material="" x="4.586223453114766" y="-5.05" />
<Platform type="Platform" material="" x="8.641223453114765" y="-3.81" />
<Platform type="Platform" material="" x="4.251223453114767" y="-3.81" />
<Platform type="Platform" material="" x="8.641223453114765" y="-4.43" />
<Platform type="Platform" material="" x="4.251223453114767" y="-4.43" />
<Platform type="Platform" material="" x="8.641223453114765" y="-5.05" />
<Platform type="Platform" material="" x="4.251223453114767" y="-5.05" />
<Platform type="Platform" material="" x="-0.4787542818174282" y="-3.7424865358896504" rotation="-16.317822624919998" scaleX="0.7751327385366111" />
<Platform type="Platform" material="" x="-0.4787542818174282" y="-4.3624865358896505" rotation="-16.317822624919998" scaleX="0.7751327385366111" />
<Platform type="Platform" material="" x="-0.39165505254502" y="-3.81" rotation="0.0" scaleX="0.7751327385366111" />
<Platform type="Platform" material="" x="-0.39165505254502" y="-4.43" rotation="0.0" scaleX="0.7751327385366111" />
<Platform type="Platform" material="" x="-0.39165505254502" y="-5.05" rotation="0.0" scaleX="0.7751327385366111" />
<Platform type="Platform" material="" x="3.7850900635635645" y="-3.81" rotation="0.0" scaleX="0.5036560953264575" />
<Platform type="Platform" material="" x="3.7850900635635645" y="-4.43" rotation="0.0" scaleX="0.5036560953264575" />
</GameObjects>
</Level>
