<?xml version="1.0" encoding="utf-16"?>
<Level width ="2">
<Camera x="0" y="2" minWidth="20" maxWidth="30">
<Score highScore ="73740">
<Birds>
<Bird type="BirdRed"/>
<Bird type="BirdYellow"/>
<Bird type="BirdBlue"/>
<Bird type="BirdBlack"/>
</Birds>
<Slingshot x="-8" y="-2.5">
<GameObjects>
<Block type="RectMedium" material="stone" x="-1.0610243306" y="-3.39" rotation="0" />
<Block type="RectMedium" material="stone" x="1.2439756694" y="-3.39" rotation="0" />
<Block type="SquareHole" material="ice" x="-0.8510243306" y="-2.86" rotation="0" />
<Block type="SquareHole" material="wood" x="0.0914756694" y="-2.86" rotation="0" />
<Block type="SquareHole" material="stone" x="1.0339756694" y="-2.86" rotation="0" />
<Block type="RectSmall" material="ice" x="-0.8510243306" y="-2.33" rotation="0" />
<Block type="RectSmall" material="stone" x="0.0914756694" y="-2.33" rotation="0" />
<Block type="RectSmall" material="stone" x="1.0339756694" y="-2.33" rotation="0" />
<Block type="RectSmall" material="stone" x="-0.8510243306" y="-2.11" rotation="0" />
<Block type="RectSmall" material="wood" x="0.0914756694" y="-2.11" rotation="0" />
<Block type="RectTiny" material="wood" x="1.0339756694" y="-2.11" rotation="0" />
<Block type="SquareSmall" material="wood" x="-0.6385243306" y="-1.785" rotation="0" />
<Block type="RectFat" material="wood" x="0.8214756694" y="-1.785" rotation="0" />
<Block type="RectMedium" material="wood" x="0.0914756694" y="-1.46" rotation="0" />
<Block type="SquareTiny" material="wood" x="-0.6385243306" y="-1.24" rotation="0" />
<Block type="SquareTiny" material="wood" x="-0.3285243306" y="-1.24" rotation="0" />
<Block type="SquareTiny" material="wood" x="0.5114756694" y="-1.24" rotation="0" />
<Block type="SquareTiny" material="wood" x="0.8214756694" y="-1.24" rotation="0" />
<Block type="RectMedium" material="ice" x="0.0914756694" y="-1.02" rotation="0" />
<Block type="SquareHole" material="ice" x="0.0914756694" y="-0.49" rotation="0" />
<Block type="RectFat" material="ice" x="0.09147566941644802" y="0.145" rotation="0" />
<Block type="SquareSmall" material="wood" x="3.4123219929" y="-3.0522736363750083" rotation="0" />
<Block type="SquareSmall" material="wood" x="4.0423219929" y="-3.0522736363750083" rotation="0" />
<Block type="SquareSmall" material="wood" x="4.9173219929" y="-3.0522736363750083" rotation="0" />
<Block type="SquareSmall" material="ice" x="5.5473219929" y="-3.0522736363750083" rotation="0" />
<Block type="RectTiny" material="stone" x="3.4123219929" y="-2.727273636375008" rotation="0" />
<Block type="RectTiny" material="stone" x="4.0423219929" y="-2.727273636375008" rotation="0" />
<Block type="RectTiny" material="ice" x="4.9173219929" y="-2.727273636375008" rotation="0" />
<Block type="RectTiny" material="ice" x="5.5473219929" y="-2.727273636375008" rotation="0" />
<Block type="RectTiny" material="ice" x="3.4123219929" y="-2.5072736363750083" rotation="0" />
<Block type="SquareTiny" material="wood" x="4.0423219929" y="-2.5072736363750083" rotation="0" />
<Block type="RectTiny" material="stone" x="4.9173219929" y="-2.5072736363750083" rotation="0" />
<Block type="SquareTiny" material="wood" x="5.5473219929" y="-2.5072736363750083" rotation="0" />
<Block type="RectFat" material="ice" x="3.7273219929" y="-2.182273636375008" rotation="0" />
<Block type="RectFat" material="ice" x="5.2323219929" y="-2.182273636375008" rotation="0" />
<Block type="RectTiny" material="ice" x="3.4173219929" y="-1.752273636375008" rotation="90" />
<Block type="RectTiny" material="wood" x="4.0373219929" y="-1.752273636375008" rotation="90" />
<Block type="RectTiny" material="wood" x="4.9223219929" y="-1.752273636375008" rotation="90" />
<Block type="RectTiny" material="wood" x="5.5423219929" y="-1.752273636375008" rotation="90" />
<Block type="SquareHole" material="wood" x="3.7273219929" y="-1.1172736363750082" rotation="0" />
<Block type="SquareHole" material="ice" x="5.2323219929" y="-1.1172736363750082" rotation="0" />
<Block type="SquareTiny" material="ice" x="3.8348219929" y="-0.587273636375008" rotation="0" />
<Block type="SquareTiny" material="wood" x="5.1248219929" y="-0.587273636375008" rotation="0" />
<Block type="RectFat" material="stone" x="6.1683463235" y="-2.9525615850591906" rotation="90" />
<Block type="RectFat" material="stone" x="6.7783463235" y="-2.9525615850591906" rotation="90" />
<Block type="RectFat" material="wood" x="7.3883463235" y="-2.9525615850591906" rotation="90" />
<Block type="RectFat" material="wood" x="7.9983463235" y="-2.9525615850591906" rotation="90" />
<Block type="RectFat" material="ice" x="8.6083463235" y="-2.9525615850591906" rotation="90" />
<Block type="SquareSmall" material="stone" x="6.1683463235" y="-2.3125615850591905" rotation="0" />
<Block type="SquareSmall" material="wood" x="6.7783463235" y="-2.3125615850591905" rotation="0" />
<Block type="SquareSmall" material="wood" x="7.3883463235" y="-2.3125615850591905" rotation="0" />
<Block type="SquareSmall" material="wood" x="7.9983463235" y="-2.3125615850591905" rotation="0" />
<Block type="SquareSmall" material="stone" x="8.6083463235" y="-2.3125615850591905" rotation="0" />
<Block type="RectSmall" material="wood" x="6.1683463235" y="-1.6725615850591904" rotation="90" />
<Block type="RectFat" material="stone" x="6.7783463235" y="-1.6725615850591904" rotation="90" />
<Block type="RectSmall" material="stone" x="7.3883463235" y="-1.6725615850591904" rotation="90" />
<Block type="RectFat" material="wood" x="7.9983463235" y="-1.6725615850591904" rotation="90" />
<Block type="RectSmall" material="ice" x="8.6083463235" y="-1.6725615850591904" rotation="90" />
<Block type="RectTiny" material="ice" x="6.1683463235" y="-1.0325615850591905" rotation="90" />
<Block type="SquareSmall" material="ice" x="6.7783463235" y="-1.0325615850591905" rotation="0" />
<Block type="RectTiny" material="ice" x="7.3883463235" y="-1.0325615850591905" rotation="90" />
<Block type="SquareSmall" material="stone" x="7.9983463235" y="-1.0325615850591905" rotation="0" />
<Block type="RectTiny" material="wood" x="8.6083463235" y="-1.0325615850591905" rotation="90" />
<Block type="RectTiny" material="stone" x="6.1683463235" y="-0.6025615850591904" rotation="90" />
<Block type="RectTiny" material="wood" x="6.7783463235" y="-0.6025615850591904" rotation="90" />
<Block type="RectTiny" material="wood" x="7.3883463235" y="-0.6025615850591904" rotation="90" />
<Block type="RectTiny" material="ice" x="7.9983463235" y="-0.6025615850591904" rotation="90" />
<Block type="RectTiny" material="stone" x="8.6083463235" y="-0.6025615850591904" rotation="90" />
<Block type="SquareTiny" material="wood" x="6.1683463235" y="-0.27756158505919043" rotation="0" />
<Block type="SquareTiny" material="ice" x="6.7783463235" y="-0.27756158505919043" rotation="0" />
<Block type="SquareTiny" material="ice" x="7.3883463235" y="-0.27756158505919043" rotation="0" />
<Block type="SquareTiny" material="ice" x="7.9983463235" y="-0.27756158505919043" rotation="0" />
<Block type="SquareTiny" material="ice" x="8.6083463235" y="-0.27756158505919043" rotation="0" />
<Block type="RectTiny" material="ice" x="5.9632080259" y="2.1646533151" rotation="90" />
<Block type="RectTiny" material="ice" x="6.2782080259" y="2.1646533151" rotation="90" />
<Block type="RectTiny" material="stone" x="6.5932080259" y="2.1646533151" rotation="90" />
<Block type="RectTiny" material="stone" x="6.9882080259" y="2.1646533151" rotation="90" />
<Block type="RectTiny" material="ice" x="7.3032080259" y="2.1646533151" rotation="90" />
<Block type="RectTiny" material="ice" x="7.6182080259" y="2.1646533151" rotation="90" />
<Block type="RectTiny" material="ice" x="8.0132080259" y="2.1646533151" rotation="90" />
<Block type="RectTiny" material="ice" x="8.3282080259" y="2.1646533151" rotation="90" />
<Block type="RectTiny" material="wood" x="8.6432080259" y="2.1646533151" rotation="90" />
<Block type="RectFat" material="stone" x="6.2782080259" y="2.5946533151" rotation="0" />
<Block type="RectFat" material="stone" x="7.3032080259" y="2.5946533151" rotation="0" />
<Block type="RectFat" material="wood" x="8.3282080259" y="2.5946533151" rotation="0" />
<Block type="RectFat" material="stone" x="6.2782080259" y="3.0246533151" rotation="0" />
<Block type="SquareSmall" material="ice" x="7.3032080259" y="3.0246533151" rotation="0" />
<Block type="RectFat" material="wood" x="8.3282080259" y="3.0246533151" rotation="0" />
<Block type="RectFat" material="ice" x="6.3832080259" y="3.6646533151" rotation="90" />
<Block type="RectFat" material="stone" x="7.3032080259" y="3.6646533151" rotation="90" />
<Block type="RectSmall" material="wood" x="8.2232080259" y="3.6646533151" rotation="90" />
<Block type="RectBig" material="ice" x="7.3032080259" y="4.1996533151" rotation="0" />
<Block type="RectFat" material="wood" x="7.303208025941161" y="4.5246533151" rotation="0" />
<Block type="CircleSmall" material="wood" x="7.9983463235" y="0.0574384149" rotation="0" />
<Block type="TriangleHole" material="ice" x="6.7783463235" y="0.2424384149" rotation="0" />
<Block type="CircleSmall" material="wood" x="6.6165413592" y="4.5346533151" rotation="0" />
<Block type="CircleSmall" material="stone" x="8.6115413592" y="3.4646533151" rotation="0" />
<Block type="CircleSmall" material="wood" x="3.8348219929" y="-0.2522736364" rotation="0" />
<Block type="Circle" material="wood" x="7.3032080259" y="5.1396533151" rotation="0" />
<Block type="CircleSmall" material="wood" x="-1.1343576639" y="-1.775" rotation="0" />
<Pig type="BasicSmall" material="" x="5.1248219929" y="-0.252273636375008" rotation="0" />
<Pig type="BasicSmall" material="" x="-1.6210243306" y="-3.055" rotation="0" />
<Pig type="BasicSmall" material="" x="7.9898746926" y="4.5346533151" rotation="0" />
<Pig type="BasicSmall" material="" x="0.0914756694" y="0.585" rotation="0" />
<Pig type="BasicSmall" material="" x="8.6083463235" y="0.057438414940809576" rotation="0" />
<TNT type="" x="1.8039756694" y="-3.055" rotation="0" />
<Platform type="Platform" material="" x="6.063208025941161" y="1.6396533150842698" />
<Platform type="Platform" material="" x="6.683208025941161" y="1.6396533150842698" />
<Platform type="Platform" material="" x="7.303208025941161" y="1.6396533150842698" />
<Platform type="Platform" material="" x="7.923208025941161" y="1.6396533150842698" />
<Platform type="Platform" material="" x="8.54320802594116" y="1.6396533150842698" />
<Platform type="Platform" material="" x="0.09147566941644802" y="-3.81" />
<Platform type="Platform" material="" x="0.09147566941644802" y="-4.43" />
<Platform type="Platform" material="" x="0.09147566941644802" y="-5.05" />
<Platform type="Platform" material="" x="0.711475669416448" y="-3.81" />
<Platform type="Platform" material="" x="-0.528524330583552" y="-3.81" />
<Platform type="Platform" material="" x="0.711475669416448" y="-4.43" />
<Platform type="Platform" material="" x="-0.528524330583552" y="-4.43" />
<Platform type="Platform" material="" x="0.711475669416448" y="-5.05" />
<Platform type="Platform" material="" x="-0.528524330583552" y="-5.05" />
<Platform type="Platform" material="" x="1.331475669416448" y="-3.81" />
<Platform type="Platform" material="" x="-1.148524330583552" y="-3.81" />
<Platform type="Platform" material="" x="1.331475669416448" y="-4.43" />
<Platform type="Platform" material="" x="-1.148524330583552" y="-4.43" />
<Platform type="Platform" material="" x="1.331475669416448" y="-5.05" />
<Platform type="Platform" material="" x="-1.148524330583552" y="-5.05" />
<Platform type="Platform" material="" x="1.7739756694164481" y="-3.81" />
<Platform type="Platform" material="" x="-1.591024330583552" y="-3.81" />
<Platform type="Platform" material="" x="1.7739756694164481" y="-4.43" />
<Platform type="Platform" material="" x="-1.591024330583552" y="-4.43" />
<Platform type="Platform" material="" x="1.7739756694164481" y="-5.05" />
<Platform type="Platform" material="" x="-1.591024330583552" y="-5.05" />
<Platform type="Platform" material="" x="4.479821992933083" y="-3.577273636375008" />
<Platform type="Platform" material="" x="4.479821992933083" y="-4.197273636375008" />
<Platform type="Platform" material="" x="4.479821992933083" y="-4.817273636375008" />
<Platform type="Platform" material="" x="5.099821992933083" y="-3.577273636375008" />
<Platform type="Platform" material="" x="3.8598219929330826" y="-3.577273636375008" />
<Platform type="Platform" material="" x="5.099821992933083" y="-4.197273636375008" />
<Platform type="Platform" material="" x="3.8598219929330826" y="-4.197273636375008" />
<Platform type="Platform" material="" x="5.099821992933083" y="-4.817273636375008" />
<Platform type="Platform" material="" x="3.8598219929330826" y="-4.817273636375008" />
<Platform type="Platform" material="" x="5.452321992933083" y="-3.577273636375008" />
<Platform type="Platform" material="" x="3.5073219929330826" y="-3.577273636375008" />
<Platform type="Platform" material="" x="5.452321992933083" y="-4.197273636375008" />
<Platform type="Platform" material="" x="3.5073219929330826" y="-4.197273636375008" />
<Platform type="Platform" material="" x="5.452321992933083" y="-4.817273636375008" />
<Platform type="Platform" material="" x="3.5073219929330826" y="-4.817273636375008" />
<Platform type="Platform" material="" x="7.388346323516635" y="-3.6875615850591905" />
<Platform type="Platform" material="" x="7.388346323516635" y="-4.30756158505919" />
<Platform type="Platform" material="" x="7.388346323516635" y="-4.92756158505919" />
<Platform type="Platform" material="" x="8.008346323516635" y="-3.6875615850591905" />
<Platform type="Platform" material="" x="6.768346323516635" y="-3.6875615850591905" />
<Platform type="Platform" material="" x="8.008346323516635" y="-4.30756158505919" />
<Platform type="Platform" material="" x="6.768346323516635" y="-4.30756158505919" />
<Platform type="Platform" material="" x="8.008346323516635" y="-4.92756158505919" />
<Platform type="Platform" material="" x="6.768346323516635" y="-4.92756158505919" />
<Platform type="Platform" material="" x="8.513346323516634" y="-3.6875615850591905" />
<Platform type="Platform" material="" x="6.263346323516636" y="-3.6875615850591905" />
<Platform type="Platform" material="" x="8.513346323516634" y="-4.30756158505919" />
<Platform type="Platform" material="" x="6.263346323516636" y="-4.30756158505919" />
<Platform type="Platform" material="" x="8.513346323516634" y="-4.92756158505919" />
<Platform type="Platform" material="" x="6.263346323516636" y="-4.92756158505919" />
<Platform type="Platform" material="" x="2.70407817526464" y="-3.693636818187504" rotation="11.806715866789002" scaleX="1.8345323206813928" />
<Platform type="Platform" material="" x="2.70407817526464" y="-4.313636818187504" rotation="11.806715866789002" scaleX="1.8345323206813928" />
<Platform type="Platform" material="" x="2.640648831174765" y="-3.81" rotation="0.0" scaleX="1.8345323206813928" />
<Platform type="Platform" material="" x="2.640648831174765" y="-4.43" rotation="0.0" scaleX="1.8345323206813928" />
<Platform type="Platform" material="" x="2.640648831174765" y="-5.05" rotation="0.0" scaleX="1.8345323206813928" />
<Platform type="Platform" material="" x="5.70283415822486" y="-3.6324176107170993" rotation="-29.999999999999872" scaleX="0.35576757640058965" />
<Platform type="Platform" material="" x="5.70283415822486" y="-4.2524176107170994" rotation="-29.999999999999872" scaleX="0.35576757640058965" />
<Platform type="Platform" material="" x="5.857834158224859" y="-3.6875615850591905" rotation="0.0" scaleX="0.35576757640058965" />
<Platform type="Platform" material="" x="5.857834158224859" y="-4.30756158505919" rotation="0.0" scaleX="0.35576757640058965" />
<Platform type="Platform" material="" x="5.857834158224859" y="-4.92756158505919" rotation="0.0" scaleX="0.35576757640058965" />
</GameObjects>
</Level>
