<?xml version="1.0" encoding="utf-16"?>
<Level width ="2">
<Camera x="0" y="2" minWidth="20" maxWidth="30">
<Score highScore ="26120">
<Birds>
<Bird type="BirdYellow"/>
<Bird type="BirdBlack"/>
<Bird type="BirdYellow"/>
</Birds>
<Slingshot x="-8" y="-2.5">
<GameObjects>
<Block type="RectSmall" material="stone" x="-2.8878819368" y="-2.9055258712068763" rotation="90" />
<Block type="RectSmall" material="stone" x="-2.2578819368" y="-2.9055258712068763" rotation="90" />
<Block type="RectSmall" material="wood" x="-1.9178819368" y="-2.9055258712068763" rotation="90" />
<Block type="RectSmall" material="stone" x="-1.2878819368" y="-2.9055258712068763" rotation="90" />
<Block type="RectSmall" material="stone" x="-0.9478819368" y="-2.9055258712068763" rotation="90" />
<Block type="RectSmall" material="wood" x="-0.3178819368" y="-2.9055258712068763" rotation="90" />
<Block type="RectBig" material="wood" x="-2.8878819368" y="-1.450525871206876" rotation="90" />
<Block type="RectBig" material="wood" x="-2.2578819368" y="-1.450525871206876" rotation="90" />
<Block type="RectBig" material="wood" x="-1.9178819368" y="-1.450525871206876" rotation="90" />
<Block type="RectBig" material="wood" x="-1.2878819368" y="-1.450525871206876" rotation="90" />
<Block type="RectBig" material="wood" x="-0.9478819368" y="-1.450525871206876" rotation="90" />
<Block type="RectBig" material="ice" x="-0.3178819368" y="-1.450525871206876" rotation="90" />
<Block type="RectTiny" material="wood" x="-2.8878819368" y="-0.20552587120687593" rotation="90" />
<Block type="RectTiny" material="wood" x="-2.2578819368" y="-0.20552587120687593" rotation="90" />
<Block type="RectTiny" material="wood" x="-1.9178819368" y="-0.20552587120687593" rotation="90" />
<Block type="RectTiny" material="wood" x="-1.2878819368" y="-0.20552587120687593" rotation="90" />
<Block type="RectTiny" material="wood" x="-0.9478819368" y="-0.20552587120687593" rotation="90" />
<Block type="RectTiny" material="wood" x="-0.3178819368" y="-0.20552587120687593" rotation="90" />
<Block type="RectFat" material="ice" x="-2.5728819368" y="0.22447412879312406" rotation="0" />
<Block type="RectFat" material="ice" x="-1.6028819368" y="0.22447412879312406" rotation="0" />
<Block type="RectFat" material="wood" x="-0.6328819368" y="0.22447412879312406" rotation="0" />
<Block type="SquareTiny" material="wood" x="-0.0731072481" y="-3.2062221979844274" rotation="0" />
<Block type="SquareTiny" material="wood" x="0.2418927519" y="-3.2062221979844274" rotation="0" />
<Block type="SquareTiny" material="wood" x="0.5568927519" y="-3.2062221979844274" rotation="0" />
<Block type="SquareTiny" material="wood" x="0.8468927519" y="-3.2062221979844274" rotation="0" />
<Block type="SquareTiny" material="wood" x="1.1618927519" y="-3.2062221979844274" rotation="0" />
<Block type="SquareTiny" material="wood" x="1.4768927519" y="-3.2062221979844274" rotation="0" />
<Block type="SquareTiny" material="wood" x="1.7668927519" y="-3.2062221979844274" rotation="0" />
<Block type="SquareTiny" material="wood" x="2.0818927519" y="-3.2062221979844274" rotation="0" />
<Block type="SquareTiny" material="wood" x="2.3968927519" y="-3.2062221979844274" rotation="0" />
<Block type="SquareTiny" material="wood" x="-0.0731072481" y="-2.9862221979844272" rotation="0" />
<Block type="SquareTiny" material="wood" x="0.2418927519" y="-2.9862221979844272" rotation="0" />
<Block type="SquareTiny" material="wood" x="0.5568927519" y="-2.9862221979844272" rotation="0" />
<Block type="SquareTiny" material="wood" x="0.8468927519" y="-2.9862221979844272" rotation="0" />
<Block type="SquareTiny" material="wood" x="1.1618927519" y="-2.9862221979844272" rotation="0" />
<Block type="SquareTiny" material="wood" x="1.4768927519" y="-2.9862221979844272" rotation="0" />
<Block type="SquareTiny" material="wood" x="1.7668927519" y="-2.9862221979844272" rotation="0" />
<Block type="SquareTiny" material="wood" x="2.0818927519" y="-2.9862221979844272" rotation="0" />
<Block type="SquareTiny" material="wood" x="2.3968927519" y="-2.9862221979844272" rotation="0" />
<Block type="SquareTiny" material="wood" x="-0.0731072481" y="-2.7662221979844275" rotation="0" />
<Block type="SquareTiny" material="wood" x="0.2418927519" y="-2.7662221979844275" rotation="0" />
<Block type="SquareTiny" material="wood" x="0.5568927519" y="-2.7662221979844275" rotation="0" />
<Block type="SquareTiny" material="wood" x="0.8468927519" y="-2.7662221979844275" rotation="0" />
<Block type="SquareTiny" material="wood" x="1.1618927519" y="-2.7662221979844275" rotation="0" />
<Block type="SquareTiny" material="wood" x="1.4768927519" y="-2.7662221979844275" rotation="0" />
<Block type="SquareTiny" material="wood" x="1.7668927519" y="-2.7662221979844275" rotation="0" />
<Block type="SquareTiny" material="wood" x="2.0818927519" y="-2.7662221979844275" rotation="0" />
<Block type="SquareTiny" material="wood" x="2.3968927519" y="-2.7662221979844275" rotation="0" />
<Block type="RectSmall" material="wood" x="-0.0731072481" y="-2.2312221979844273" rotation="90" />
<Block type="RectSmall" material="wood" x="0.2418927519" y="-2.2312221979844273" rotation="90" />
<Block type="RectSmall" material="wood" x="0.5568927519" y="-2.2312221979844273" rotation="90" />
<Block type="RectSmall" material="wood" x="0.8468927519" y="-2.2312221979844273" rotation="90" />
<Block type="RectSmall" material="wood" x="1.1618927519" y="-2.2312221979844273" rotation="90" />
<Block type="RectSmall" material="wood" x="1.4768927519" y="-2.2312221979844273" rotation="90" />
<Block type="RectSmall" material="wood" x="1.7668927519" y="-2.2312221979844273" rotation="90" />
<Block type="RectSmall" material="wood" x="2.0818927519" y="-2.2312221979844273" rotation="90" />
<Block type="RectSmall" material="wood" x="2.3968927519" y="-2.2312221979844273" rotation="90" />
<Block type="RectSmall" material="wood" x="0.2418927519" y="-1.696222197984427" rotation="0" />
<Block type="RectSmall" material="wood" x="1.1618927519" y="-1.696222197984427" rotation="0" />
<Block type="RectSmall" material="wood" x="2.0818927519" y="-1.696222197984427" rotation="0" />
<Block type="RectFat" material="wood" x="0.2418927519" y="-1.371222197984427" rotation="0" />
<Block type="RectFat" material="wood" x="1.1618927519" y="-1.371222197984427" rotation="0" />
<Block type="RectFat" material="wood" x="2.0818927519" y="-1.371222197984427" rotation="0" />
<Block type="SquareHole" material="ice" x="0.2418927519" y="-0.7362221979844271" rotation="0" />
<Block type="SquareHole" material="ice" x="1.1618927519" y="-0.7362221979844271" rotation="0" />
<Block type="SquareHole" material="ice" x="2.0818927519" y="-0.7362221979844271" rotation="0" />
<Block type="RectSmall" material="wood" x="1.1618927519" y="-0.20622219798442712" rotation="0" />
<Block type="RectTiny" material="ice" x="1.1618927519075857" y="0.11877780201557289" rotation="90" />
<Block type="RectTiny" material="ice" x="2.9824321713" y="-3.0888774749253023" rotation="0" />
<Block type="RectTiny" material="ice" x="4.8224321713" y="-3.0888774749253023" rotation="0" />
<Block type="RectBig" material="ice" x="3.9024321713" y="-2.868877474925302" rotation="0" />
<Block type="RectTiny" material="ice" x="2.9824321713" y="-2.5438774749253024" rotation="90" />
<Block type="RectFat" material="ice" x="3.9024321713" y="-2.5438774749253024" rotation="0" />
<Block type="RectTiny" material="ice" x="4.8224321713" y="-2.5438774749253024" rotation="90" />
<Block type="RectBig" material="stone" x="3.9024321713" y="-2.218877474925302" rotation="0" />
<Block type="SquareTiny" material="stone" x="3.4024321713" y="-1.998877474925302" rotation="0" />
<Block type="SquareTiny" material="stone" x="4.4024321713" y="-1.998877474925302" rotation="0" />
<Block type="RectSmall" material="stone" x="3.4024321713" y="-1.463877474925302" rotation="90" />
<Block type="RectSmall" material="stone" x="4.4024321713" y="-1.463877474925302" rotation="90" />
<Block type="RectTiny" material="stone" x="3.4024321713" y="-0.8238774749253022" rotation="90" />
<Block type="RectTiny" material="stone" x="4.4024321713" y="-0.8238774749253022" rotation="90" />
<Block type="RectBig" material="stone" x="7.1376574825" y="-2.966449832961708" rotation="0" />
<Block type="RectBig" material="stone" x="7.1376574825" y="-2.7464498329617077" rotation="0" />
<Block type="SquareHole" material="stone" x="7.1376574825" y="-2.216449832961708" rotation="0" />
<Block type="RectFat" material="stone" x="7.1376574825" y="-1.5814498329617077" rotation="0" />
<Block type="SquareTiny" material="stone" x="7.1376574825" y="-1.2564498329617075" rotation="0" />
<Block type="RectBig" material="stone" x="7.137657482503331" y="-0.11644983296170774" rotation="90" />
<Block type="SquareSmall" material="stone" x="3.9210697841" y="2.8438762583" rotation="0" />
<Block type="SquareSmall" material="stone" x="4.7110697841" y="2.8438762583" rotation="0" />
<Block type="SquareSmall" material="wood" x="5.5010697841" y="2.8438762583" rotation="0" />
<Block type="SquareSmall" material="ice" x="5.9610697841" y="2.8438762583" rotation="0" />
<Block type="SquareSmall" material="stone" x="6.7510697841" y="2.8438762583" rotation="0" />
<Block type="SquareSmall" material="wood" x="7.5410697841" y="2.8438762583" rotation="0" />
<Block type="SquareSmall" material="ice" x="3.9210697841" y="3.2738762583" rotation="0" />
<Block type="SquareSmall" material="wood" x="4.7110697841" y="3.2738762583" rotation="0" />
<Block type="SquareSmall" material="stone" x="5.5010697841" y="3.2738762583" rotation="0" />
<Block type="SquareSmall" material="stone" x="5.9610697841" y="3.2738762583" rotation="0" />
<Block type="SquareSmall" material="stone" x="6.7510697841" y="3.2738762583" rotation="0" />
<Block type="SquareSmall" material="stone" x="7.5410697841" y="3.2738762583" rotation="0" />
<Block type="RectTiny" material="stone" x="3.9210697841" y="3.5988762583" rotation="0" />
<Block type="RectTiny" material="ice" x="4.7110697841" y="3.5988762583" rotation="0" />
<Block type="RectTiny" material="wood" x="5.5010697841" y="3.5988762583" rotation="0" />
<Block type="RectTiny" material="wood" x="5.9610697841" y="3.5988762583" rotation="0" />
<Block type="RectTiny" material="wood" x="6.7510697841" y="3.5988762583" rotation="0" />
<Block type="RectTiny" material="wood" x="7.5410697841" y="3.5988762583" rotation="0" />
<Block type="SquareTiny" material="ice" x="3.9210697841" y="3.8188762583" rotation="0" />
<Block type="RectTiny" material="stone" x="4.7110697841" y="3.8188762583" rotation="0" />
<Block type="SquareTiny" material="ice" x="5.5010697841" y="3.8188762583" rotation="0" />
<Block type="SquareTiny" material="wood" x="5.9610697841" y="3.8188762583" rotation="0" />
<Block type="RectTiny" material="wood" x="6.7510697841" y="3.8188762583" rotation="0" />
<Block type="SquareTiny" material="stone" x="7.5410697841" y="3.8188762583" rotation="0" />
<Block type="SquareHole" material="ice" x="4.2310697841" y="4.3488762583" rotation="0" />
<Block type="SquareHole" material="stone" x="5.1910697841" y="4.3488762583" rotation="0" />
<Block type="SquareHole" material="ice" x="6.2710697841" y="4.3488762583" rotation="0" />
<Block type="SquareHole" material="ice" x="7.2310697841" y="4.3488762583" rotation="0" />
<Block type="RectSmall" material="wood" x="-0.573747087" y="2.8129994741" rotation="0" />
<Block type="RectSmall" material="wood" x="0.886252913" y="2.8129994741" rotation="0" />
<Block type="RectMedium" material="wood" x="0.156252913" y="3.0329994741" rotation="0" />
<Block type="SquareSmall" material="wood" x="-0.398747087" y="3.3579994741" rotation="0" />
<Block type="SquareSmall" material="wood" x="0.711252913" y="3.3579994741" rotation="0" />
<Block type="RectTiny" material="wood" x="-0.398747087" y="3.7879994741" rotation="90" />
<Block type="SquareSmall" material="wood" x="0.711252913" y="3.7879994741" rotation="0" />
<Block type="Triangle" material="wood" x="5.4710697841" y="5.1788762583" rotation="90.0" />
<Block type="Triangle" material="ice" x="6.5510697841" y="5.1788762583" rotation="0.0" />
<Block type="TriangleHole" material="ice" x="-0.9162152701" y="0.8494741288" rotation="0" />
<Block type="CircleSmall" material="ice" x="-2.2895486035" y="0.6644741288" rotation="0" />
<Block type="Circle" material="wood" x="1.1618927519" y="0.733777802" rotation="0" />
<Block type="TriangleHole" material="wood" x="0.711252913" y="4.4129994741" rotation="0" />
<Block type="Triangle" material="wood" x="2.3618927519" y="0.093777802" rotation="90.0" />
<Block type="Triangle" material="wood" x="4.5110697841" y="5.1788762583" rotation="90.0" />
<Block type="CircleSmall" material="wood" x="3.4024321713" y="-0.3838774749" rotation="0" />
<Block type="CircleSmall" material="ice" x="-2.8562152701" y="0.6644741288" rotation="0" />
<Block type="TriangleHole" material="ice" x="-0.398747087" y="4.4129994741" rotation="0" />
<Block type="Circle" material="ice" x="4.4024321713" y="-0.2088774749" rotation="0" />
<Block type="Triangle" material="ice" x="7.5110697841" y="5.1788762583" rotation="0.0" />
<Block type="CircleSmall" material="wood" x="0.156252913" y="3.3679994741" rotation="0" />
<Block type="Triangle" material="ice" x="0.2418927519" y="0.093777802" rotation="90.0" />
<Block type="CircleSmall" material="ice" x="6.4509908158" y="-2.411449833" rotation="0" />
<Block type="CircleSmall" material="ice" x="7.1376574825" y="1.138550167" rotation="0" />
<Block type="CircleSmall" material="wood" x="7.8243241492" y="-2.411449833" rotation="0" />
<Block type="CircleSmall" material="wood" x="3.9024321713" y="-1.8838774749" rotation="0" />
<Pig type="BasicSmall" material="" x="-1.6028819368" y="0.6644741287931241" rotation="0" />
<Platform type="Platform" material="" x="3.871069784096093" y="2.318876258302917" />
<Platform type="Platform" material="" x="4.4910697840960925" y="2.318876258302917" />
<Platform type="Platform" material="" x="5.111069784096093" y="2.318876258302917" />
<Platform type="Platform" material="" x="5.731069784096093" y="2.318876258302917" />
<Platform type="Platform" material="" x="6.351069784096093" y="2.318876258302917" />
<Platform type="Platform" material="" x="6.971069784096093" y="2.318876258302917" />
<Platform type="Platform" material="" x="7.591069784096092" y="2.318876258302917" />
<Platform type="Platform" material="" x="-1.0837470870487989" y="2.3929994740606197" />
<Platform type="Platform" material="" x="-0.46374708704879886" y="2.3929994740606197" />
<Platform type="Platform" material="" x="0.15625291295120114" y="2.3929994740606197" />
<Platform type="Platform" material="" x="0.7762529129512011" y="2.3929994740606197" />
<Platform type="Platform" material="" x="1.3962529129512011" y="2.3929994740606197" />
<Platform type="Platform" material="" x="-1.602881936848558" y="-3.6405258712068758" />
<Platform type="Platform" material="" x="-1.602881936848558" y="-4.260525871206876" />
<Platform type="Platform" material="" x="-1.602881936848558" y="-4.880525871206876" />
<Platform type="Platform" material="" x="-0.9828819368485581" y="-3.6405258712068758" />
<Platform type="Platform" material="" x="-2.222881936848558" y="-3.6405258712068758" />
<Platform type="Platform" material="" x="-0.9828819368485581" y="-4.260525871206876" />
<Platform type="Platform" material="" x="-2.222881936848558" y="-4.260525871206876" />
<Platform type="Platform" material="" x="-0.9828819368485581" y="-4.880525871206876" />
<Platform type="Platform" material="" x="-2.222881936848558" y="-4.880525871206876" />
<Platform type="Platform" material="" x="-0.5178819368485581" y="-3.6405258712068758" />
<Platform type="Platform" material="" x="-2.687881936848558" y="-3.6405258712068758" />
<Platform type="Platform" material="" x="-0.5178819368485581" y="-4.260525871206876" />
<Platform type="Platform" material="" x="-2.687881936848558" y="-4.260525871206876" />
<Platform type="Platform" material="" x="-0.5178819368485581" y="-4.880525871206876" />
<Platform type="Platform" material="" x="-2.687881936848558" y="-4.880525871206876" />
<Platform type="Platform" material="" x="1.1618927519075857" y="-3.626222197984427" />
<Platform type="Platform" material="" x="1.1618927519075857" y="-4.246222197984427" />
<Platform type="Platform" material="" x="1.1618927519075857" y="-4.866222197984428" />
<Platform type="Platform" material="" x="1.7818927519075856" y="-3.626222197984427" />
<Platform type="Platform" material="" x="0.5418927519075857" y="-3.626222197984427" />
<Platform type="Platform" material="" x="1.7818927519075856" y="-4.246222197984427" />
<Platform type="Platform" material="" x="0.5418927519075857" y="-4.246222197984427" />
<Platform type="Platform" material="" x="1.7818927519075856" y="-4.866222197984428" />
<Platform type="Platform" material="" x="0.5418927519075857" y="-4.866222197984428" />
<Platform type="Platform" material="" x="2.1968927519075856" y="-3.626222197984427" />
<Platform type="Platform" material="" x="0.12689275190758564" y="-3.626222197984427" />
<Platform type="Platform" material="" x="2.1968927519075856" y="-4.246222197984427" />
<Platform type="Platform" material="" x="0.12689275190758564" y="-4.246222197984427" />
<Platform type="Platform" material="" x="2.1968927519075856" y="-4.866222197984428" />
<Platform type="Platform" material="" x="0.12689275190758564" y="-4.866222197984428" />
<Platform type="Platform" material="" x="3.902432171259475" y="-3.508877474925302" />
<Platform type="Platform" material="" x="3.902432171259475" y="-4.128877474925302" />
<Platform type="Platform" material="" x="3.902432171259475" y="-4.748877474925302" />
<Platform type="Platform" material="" x="4.522432171259475" y="-3.508877474925302" />
<Platform type="Platform" material="" x="3.282432171259475" y="-3.508877474925302" />
<Platform type="Platform" material="" x="4.522432171259475" y="-4.128877474925302" />
<Platform type="Platform" material="" x="3.282432171259475" y="-4.128877474925302" />
<Platform type="Platform" material="" x="4.522432171259475" y="-4.748877474925302" />
<Platform type="Platform" material="" x="3.282432171259475" y="-4.748877474925302" />
<Platform type="Platform" material="" x="4.727432171259475" y="-3.508877474925302" />
<Platform type="Platform" material="" x="3.077432171259475" y="-3.508877474925302" />
<Platform type="Platform" material="" x="4.727432171259475" y="-4.128877474925302" />
<Platform type="Platform" material="" x="3.077432171259475" y="-4.128877474925302" />
<Platform type="Platform" material="" x="4.727432171259475" y="-4.748877474925302" />
<Platform type="Platform" material="" x="3.077432171259475" y="-4.748877474925302" />
<Platform type="Platform" material="" x="7.137657482503331" y="-3.386449832961708" />
<Platform type="Platform" material="" x="7.137657482503331" y="-4.0064498329617075" />
<Platform type="Platform" material="" x="7.137657482503331" y="-4.626449832961708" />
<Platform type="Platform" material="" x="7.7576574825033315" y="-3.386449832961708" />
<Platform type="Platform" material="" x="6.517657482503331" y="-3.386449832961708" />
<Platform type="Platform" material="" x="7.7576574825033315" y="-4.0064498329617075" />
<Platform type="Platform" material="" x="6.517657482503331" y="-4.0064498329617075" />
<Platform type="Platform" material="" x="7.7576574825033315" y="-4.626449832961708" />
<Platform type="Platform" material="" x="6.517657482503331" y="-4.626449832961708" />
<Platform type="Platform" material="" x="7.857657482503332" y="-3.386449832961708" />
<Platform type="Platform" material="" x="6.41765748250333" y="-3.386449832961708" />
<Platform type="Platform" material="" x="7.857657482503332" y="-4.0064498329617075" />
<Platform type="Platform" material="" x="6.41765748250333" y="-4.0064498329617075" />
<Platform type="Platform" material="" x="7.857657482503332" y="-4.626449832961708" />
<Platform type="Platform" material="" x="6.41765748250333" y="-4.626449832961708" />
<Platform type="Platform" material="" x="-0.04049459247048576" y="-3.6333740345956516" rotation="30.000000000000117" scaleX="0.04614088136273808" />
<Platform type="Platform" material="" x="-0.04049459247048576" y="-4.253374034595652" rotation="30.000000000000117" scaleX="0.04614088136273808" />
<Platform type="Platform" material="" x="-0.19549459247048623" y="-3.6405258712068758" rotation="0.0" scaleX="0.04614088136273808" />
<Platform type="Platform" material="" x="-0.19549459247048623" y="-4.260525871206876" rotation="0.0" scaleX="0.04614088136273808" />
<Platform type="Platform" material="" x="-0.19549459247048623" y="-4.880525871206876" rotation="0.0" scaleX="0.04614088136273808" />
<Platform type="Platform" material="" x="2.7644675138631403" y="-3.5675498364548646" rotation="24.246393393268505" scaleX="0.4608800709707549" />
<Platform type="Platform" material="" x="2.7644675138631403" y="-4.187549836454864" rotation="24.246393393268505" scaleX="0.4608800709707549" />
<Platform type="Platform" material="" x="2.6371624615835305" y="-3.626222197984427" rotation="0.0" scaleX="0.4608800709707549" />
<Platform type="Platform" material="" x="2.6371624615835305" y="-4.246222197984427" rotation="0.0" scaleX="0.4608800709707549" />
<Platform type="Platform" material="" x="2.6371624615835305" y="-4.866222197984427" rotation="0.0" scaleX="0.4608800709707549" />
<Platform type="Platform" material="" x="5.607777272743444" y="-3.447663653943505" rotation="6.525941203961905" scaleX="1.737427518415542" />
<Platform type="Platform" material="" x="5.607777272743444" y="-4.067663653943505" rotation="6.525941203961905" scaleX="1.737427518415542" />
<Platform type="Platform" material="" x="5.572544826881403" y="-3.508877474925302" rotation="0.0" scaleX="1.737427518415542" />
<Platform type="Platform" material="" x="5.572544826881403" y="-4.128877474925302" rotation="0.0" scaleX="1.737427518415542" />
<Platform type="Platform" material="" x="5.572544826881403" y="-4.748877474925302" rotation="0.0" scaleX="1.737427518415542" />
</GameObjects>
</Level>
