<?xml version="1.0" encoding="utf-16"?>
<Level width ="2">
<Camera x="0" y="2" minWidth="20" maxWidth="30">
<Score highScore ="0">
<Birds>
<Bird type="BirdBlue"/>
<Bird type="BirdYellow"/>
<Bird type="BirdBlack"/>
</Birds>
<Slingshot x="-8" y="-2.5">
<GameObjects>
<Block type="RectFat" material="stone" x="-1.8045415271" y="-3.285" rotation="0" />
<Block type="RectFat" material="stone" x="-0.8845415271" y="-3.285" rotation="0" />
<Block type="RectFat" material="ice" x="0.0354584729" y="-3.285" rotation="0" />
<Block type="RectSmall" material="wood" x="-1.8045415271" y="-2.645" rotation="90" />
<Block type="RectSmall" material="ice" x="-0.8845415271" y="-2.645" rotation="90" />
<Block type="RectSmall" material="ice" x="0.0354584729" y="-2.645" rotation="90" />
<Block type="RectBig" material="wood" x="-0.8845415271" y="-2.11" rotation="0" />
<Block type="RectBig" material="wood" x="-0.8845415271" y="-1.89" rotation="0" />
<Block type="RectMedium" material="wood" x="-0.8845415271" y="-1.67" rotation="0" />
<Block type="RectBig" material="ice" x="-1.4245415271" y="-0.53" rotation="90" />
<Block type="RectBig" material="ice" x="-0.3445415271" y="-0.53" rotation="90" />
<Block type="RectSmall" material="stone" x="1.5165777884" y="-3.075" rotation="90" />
<Block type="RectSmall" material="stone" x="1.8915777884" y="-3.075" rotation="90" />
<Block type="RectSmall" material="wood" x="2.2665777884" y="-3.075" rotation="90" />
<Block type="RectSmall" material="wood" x="2.9165777884" y="-3.075" rotation="90" />
<Block type="RectSmall" material="wood" x="3.2915777884" y="-3.075" rotation="90" />
<Block type="RectSmall" material="wood" x="3.6665777884" y="-3.075" rotation="90" />
<Block type="RectTiny" material="stone" x="1.5165777884" y="-2.435" rotation="90" />
<Block type="RectTiny" material="stone" x="1.8915777884" y="-2.435" rotation="90" />
<Block type="RectTiny" material="stone" x="2.2665777884" y="-2.435" rotation="90" />
<Block type="RectTiny" material="ice" x="2.9165777884" y="-2.435" rotation="90" />
<Block type="RectTiny" material="ice" x="3.2915777884" y="-2.435" rotation="90" />
<Block type="RectTiny" material="ice" x="3.6665777884" y="-2.435" rotation="90" />
<Block type="RectTiny" material="ice" x="1.5165777884" y="-2.005" rotation="90" />
<Block type="RectTiny" material="ice" x="1.8915777884" y="-2.005" rotation="90" />
<Block type="RectTiny" material="ice" x="2.2665777884" y="-2.005" rotation="90" />
<Block type="RectTiny" material="ice" x="2.9165777884" y="-2.005" rotation="90" />
<Block type="RectTiny" material="wood" x="3.2915777884" y="-2.005" rotation="90" />
<Block type="RectTiny" material="wood" x="3.6665777884" y="-2.005" rotation="90" />
<Block type="RectTiny" material="ice" x="1.5165777884" y="-1.575" rotation="90" />
<Block type="RectTiny" material="stone" x="1.8915777884" y="-1.575" rotation="90" />
<Block type="RectTiny" material="stone" x="2.2665777884" y="-1.575" rotation="90" />
<Block type="RectTiny" material="wood" x="2.9165777884" y="-1.575" rotation="90" />
<Block type="RectTiny" material="ice" x="3.2915777884" y="-1.575" rotation="90" />
<Block type="RectTiny" material="wood" x="3.6665777884" y="-1.575" rotation="90" />
<Block type="RectFat" material="stone" x="1.6215777884" y="-0.935" rotation="90" />
<Block type="RectFat" material="stone" x="2.1615777884" y="-0.935" rotation="90" />
<Block type="RectFat" material="wood" x="3.0215777884" y="-0.935" rotation="90" />
<Block type="RectFat" material="stone" x="3.5615777884" y="-0.935" rotation="90" />
<Block type="RectSmall" material="stone" x="1.6215777884" y="-0.085" rotation="90" />
<Block type="RectSmall" material="wood" x="2.1615777884" y="-0.085" rotation="90" />
<Block type="RectSmall" material="wood" x="3.0215777884" y="-0.085" rotation="90" />
<Block type="RectSmall" material="wood" x="3.5615777884" y="-0.085" rotation="90" />
<Block type="SquareHole" material="ice" x="4.4779209326" y="-3.08" rotation="0" />
<Block type="SquareHole" material="wood" x="5.9379209326" y="-3.08" rotation="0" />
<Block type="SquareSmall" material="wood" x="4.4779209326" y="-2.445" rotation="0" />
<Block type="SquareSmall" material="stone" x="5.9379209326" y="-2.445" rotation="0" />
<Block type="RectFat" material="wood" x="4.4779209326" y="-1.805" rotation="90" />
<Block type="RectFat" material="ice" x="5.9379209326" y="-1.805" rotation="90" />
<Block type="RectMedium" material="wood" x="5.207920932568456" y="-1.27" rotation="0" />
<Block type="RectBig" material="wood" x="7.731801617099048" y="-3.19146039421715" rotation="0" />
<Block type="SquareHole" material="ice" x="5.7445189232" y="2.0451151835" rotation="0" />
<Block type="SquareHole" material="ice" x="6.8945189232" y="2.0451151835" rotation="0" />
<Block type="SquareTiny" material="ice" x="5.5895189232" y="2.5751151835" rotation="0" />
<Block type="SquareTiny" material="ice" x="5.8995189232" y="2.5751151835" rotation="0" />
<Block type="SquareTiny" material="ice" x="6.7395189232" y="2.5751151835" rotation="0" />
<Block type="SquareTiny" material="ice" x="7.0495189232" y="2.5751151835" rotation="0" />
<Block type="RectSmall" material="ice" x="5.5895189232" y="3.1101151835" rotation="90" />
<Block type="RectSmall" material="ice" x="5.8995189232" y="3.1101151835" rotation="90" />
<Block type="RectSmall" material="ice" x="6.7395189232" y="3.1101151835" rotation="90" />
<Block type="RectSmall" material="stone" x="7.0495189232" y="3.1101151835" rotation="90" />
<Block type="RectMedium" material="ice" x="6.3195189232" y="3.6451151835" rotation="0" />
<Block type="RectSmall" material="ice" x="6.319518923161764" y="3.8651151835" rotation="0" />
<Block type="RectTiny" material="stone" x="2.0755915805" y="2.8559252893" rotation="0" />
<Block type="RectTiny" material="ice" x="2.8255915805" y="2.8559252893" rotation="0" />
<Block type="RectTiny" material="stone" x="3.5755915805" y="2.8559252893" rotation="0" />
<Block type="CircleSmall" material="ice" x="4.6479209326" y="-0.935" rotation="0" />
<Block type="TriangleHole" material="wood" x="5.7679209326" y="-0.75" rotation="0" />
<Block type="TriangleHole" material="wood" x="6.0361855898" y="4.3851151835" rotation="0" />
<Block type="TriangleHole" material="wood" x="3.5615777884" y="0.75" rotation="0" />
<Block type="TriangleHole" material="ice" x="2.1615777884" y="0.75" rotation="0" />
<Block type="TriangleHole" material="ice" x="-0.3445415271" y="0.91" rotation="0" />
<Block type="Triangle" material="wood" x="-0.8845415271" y="-1.15" rotation="0.0" />
<Block type="Circle" material="wood" x="-1.4245415271" y="0.9" rotation="0" />
<Pig type="BasicSmall" material="" x="5.1479209326" y="-3.275" rotation="0" />
<TNT type="" x="7.7318016171" y="-2.8564603942171503" rotation="0" />
<TNT type="" x="2.0755915805" y="3.1909252893" rotation="0" />
<TNT type="" x="3.5755915805" y="3.1909252893" rotation="0" />
<TNT type="" x="8.4184682838" y="-2.8564603942171503" rotation="0" />
<TNT type="" x="7.0451349504" y="-2.8564603942171503" rotation="0" />
<Platform type="Platform" material="" x="5.389518923161765" y="1.3151151835375638" />
<Platform type="Platform" material="" x="6.009518923161765" y="1.3151151835375638" />
<Platform type="Platform" material="" x="6.629518923161764" y="1.3151151835375638" />
<Platform type="Platform" material="" x="7.249518923161764" y="1.3151151835375638" />
<Platform type="Platform" material="" x="1.8955915805441739" y="2.435925289304108" />
<Platform type="Platform" material="" x="2.5155915805441738" y="2.435925289304108" />
<Platform type="Platform" material="" x="3.135591580544174" y="2.435925289304108" />
<Platform type="Platform" material="" x="3.7555915805441735" y="2.435925289304108" />
<Platform type="Platform" material="" x="-0.8845415270568364" y="-3.81" />
<Platform type="Platform" material="" x="-0.8845415270568364" y="-4.43" />
<Platform type="Platform" material="" x="-0.8845415270568364" y="-5.05" />
<Platform type="Platform" material="" x="-0.2645415270568364" y="-3.81" />
<Platform type="Platform" material="" x="-1.5045415270568365" y="-3.81" />
<Platform type="Platform" material="" x="-0.2645415270568364" y="-4.43" />
<Platform type="Platform" material="" x="-1.5045415270568365" y="-4.43" />
<Platform type="Platform" material="" x="-0.2645415270568364" y="-5.05" />
<Platform type="Platform" material="" x="-1.5045415270568365" y="-5.05" />
<Platform type="Platform" material="" x="0.15045847294316356" y="-3.81" />
<Platform type="Platform" material="" x="-1.9195415270568366" y="-3.81" />
<Platform type="Platform" material="" x="0.15045847294316356" y="-4.43" />
<Platform type="Platform" material="" x="-1.9195415270568366" y="-4.43" />
<Platform type="Platform" material="" x="0.15045847294316356" y="-5.05" />
<Platform type="Platform" material="" x="-1.9195415270568366" y="-5.05" />
<Platform type="Platform" material="" x="2.5915777884125717" y="-3.81" />
<Platform type="Platform" material="" x="2.5915777884125717" y="-4.43" />
<Platform type="Platform" material="" x="2.5915777884125717" y="-5.05" />
<Platform type="Platform" material="" x="3.211577788412572" y="-3.81" />
<Platform type="Platform" material="" x="1.9715777884125716" y="-3.81" />
<Platform type="Platform" material="" x="3.211577788412572" y="-4.43" />
<Platform type="Platform" material="" x="1.9715777884125716" y="-4.43" />
<Platform type="Platform" material="" x="3.211577788412572" y="-5.05" />
<Platform type="Platform" material="" x="1.9715777884125716" y="-5.05" />
<Platform type="Platform" material="" x="3.4665777884125717" y="-3.81" />
<Platform type="Platform" material="" x="1.7165777884125717" y="-3.81" />
<Platform type="Platform" material="" x="3.4665777884125717" y="-4.43" />
<Platform type="Platform" material="" x="1.7165777884125717" y="-4.43" />
<Platform type="Platform" material="" x="3.4665777884125717" y="-5.05" />
<Platform type="Platform" material="" x="1.7165777884125717" y="-5.05" />
<Platform type="Platform" material="" x="5.207920932568456" y="-3.81" />
<Platform type="Platform" material="" x="5.207920932568456" y="-4.43" />
<Platform type="Platform" material="" x="5.207920932568456" y="-5.05" />
<Platform type="Platform" material="" x="5.827920932568456" y="-3.81" />
<Platform type="Platform" material="" x="4.587920932568456" y="-3.81" />
<Platform type="Platform" material="" x="5.827920932568456" y="-4.43" />
<Platform type="Platform" material="" x="4.587920932568456" y="-4.43" />
<Platform type="Platform" material="" x="5.827920932568456" y="-5.05" />
<Platform type="Platform" material="" x="4.587920932568456" y="-5.05" />
<Platform type="Platform" material="" x="6.047920932568457" y="-3.81" />
<Platform type="Platform" material="" x="4.367920932568455" y="-3.81" />
<Platform type="Platform" material="" x="6.047920932568457" y="-4.43" />
<Platform type="Platform" material="" x="4.367920932568455" y="-4.43" />
<Platform type="Platform" material="" x="6.047920932568457" y="-5.05" />
<Platform type="Platform" material="" x="4.367920932568455" y="-5.05" />
<Platform type="Platform" material="" x="7.731801617099048" y="-3.61146039421715" />
<Platform type="Platform" material="" x="7.731801617099048" y="-4.23146039421715" />
<Platform type="Platform" material="" x="7.731801617099048" y="-4.85146039421715" />
<Platform type="Platform" material="" x="8.351801617099047" y="-3.61146039421715" />
<Platform type="Platform" material="" x="7.111801617099048" y="-3.61146039421715" />
<Platform type="Platform" material="" x="8.351801617099047" y="-4.23146039421715" />
<Platform type="Platform" material="" x="7.111801617099048" y="-4.23146039421715" />
<Platform type="Platform" material="" x="8.351801617099047" y="-4.85146039421715" />
<Platform type="Platform" material="" x="7.111801617099048" y="-4.85146039421715" />
<Platform type="Platform" material="" x="8.451801617099047" y="-3.61146039421715" />
<Platform type="Platform" material="" x="7.0118016170990485" y="-3.61146039421715" />
<Platform type="Platform" material="" x="8.451801617099047" y="-4.23146039421715" />
<Platform type="Platform" material="" x="7.0118016170990485" y="-4.23146039421715" />
<Platform type="Platform" material="" x="8.451801617099047" y="-4.85146039421715" />
<Platform type="Platform" material="" x="7.0118016170990485" y="-4.85146039421715" />
<Platform type="Platform" material="" x="0.9335181306778676" y="-3.81" rotation="0.0" scaleX="1.5259988959184" />
<Platform type="Platform" material="" x="0.9335181306778676" y="-4.43" rotation="0.0" scaleX="1.5259988959184" />
<Platform type="Platform" material="" x="3.917249360490514" y="-3.81" rotation="0.0" scaleX="0.45377926476755454" />
<Platform type="Platform" material="" x="3.917249360490514" y="-4.43" rotation="0.0" scaleX="0.45377926476755454" />
<Platform type="Platform" material="" x="6.684861274833752" y="-3.710730197108575" rotation="29.999999999999932" scaleX="0.640450341235001" />
<Platform type="Platform" material="" x="6.684861274833752" y="-4.330730197108575" rotation="29.999999999999932" scaleX="0.640450341235001" />
<Platform type="Platform" material="" x="6.529861274833753" y="-3.81" rotation="0.0" scaleX="0.640450341235001" />
<Platform type="Platform" material="" x="6.529861274833753" y="-4.43" rotation="0.0" scaleX="0.640450341235001" />
<Platform type="Platform" material="" x="6.529861274833753" y="-5.05" rotation="0.0" scaleX="0.640450341235001" />
</GameObjects>
</Level>
