<?xml version="1.0" encoding="utf-16"?>
<Level width ="2">
<Camera x="0" y="2" minWidth="20" maxWidth="30">
<Score highScore ="56130">
<Birds>
<Bird type="BirdBlue"/>
<Bird type="BirdBlack"/>
<Bird type="BirdYellow"/>
</Birds>
<Slingshot x="-8" y="-2.5">
<GameObjects>
<Block type="SquareHole" material="stone" x="-2.3697454637" y="-2.6363155820185975" rotation="0" />
<Block type="SquareHole" material="stone" x="-1.4497454637" y="-2.6363155820185975" rotation="0" />
<Block type="SquareHole" material="stone" x="-0.5297454637" y="-2.6363155820185975" rotation="0" />
<Block type="RectBig" material="stone" x="-1.4497454637" y="-2.1063155820185973" rotation="0" />
<Block type="RectMedium" material="stone" x="-1.4497454637189564" y="-1.8863155820185975" rotation="0" />
<Block type="RectBig" material="ice" x="1.4373047719" y="-3.244834674726352" rotation="0" />
<Block type="SquareTiny" material="stone" x="0.6523047719" y="-3.024834674726352" rotation="0" />
<Block type="SquareTiny" material="ice" x="0.9673047719" y="-3.024834674726352" rotation="0" />
<Block type="SquareTiny" material="ice" x="1.2823047719" y="-3.024834674726352" rotation="0" />
<Block type="SquareTiny" material="wood" x="1.5923047719" y="-3.024834674726352" rotation="0" />
<Block type="SquareTiny" material="wood" x="1.9073047719" y="-3.024834674726352" rotation="0" />
<Block type="SquareTiny" material="ice" x="2.2223047719" y="-3.024834674726352" rotation="0" />
<Block type="RectSmall" material="ice" x="0.9673047719" y="-2.804834674726352" rotation="0" />
<Block type="RectSmall" material="wood" x="1.9073047719" y="-2.804834674726352" rotation="0" />
<Block type="RectSmall" material="ice" x="0.9673047719" y="-2.584834674726352" rotation="0" />
<Block type="RectSmall" material="stone" x="1.9073047719" y="-2.584834674726352" rotation="0" />
<Block type="RectMedium" material="wood" x="0.9673047719" y="-1.6348346747263518" rotation="90" />
<Block type="RectMedium" material="ice" x="1.4373047719" y="-1.6348346747263518" rotation="90" />
<Block type="RectMedium" material="ice" x="1.9073047719" y="-1.6348346747263518" rotation="90" />
<Block type="SquareSmall" material="stone" x="3.2996907727" y="-3.285" rotation="0" />
<Block type="SquareSmall" material="stone" x="3.8296907727" y="-3.285" rotation="0" />
<Block type="SquareSmall" material="stone" x="4.3596907727" y="-3.285" rotation="0" />
<Block type="SquareSmall" material="stone" x="4.8896907727" y="-3.285" rotation="0" />
<Block type="SquareSmall" material="stone" x="5.4196907727" y="-3.285" rotation="0" />
<Block type="SquareTiny" material="wood" x="6.1351405371" y="-3.1803610665067357" rotation="0" />
<Block type="SquareTiny" material="ice" x="6.7551405371" y="-3.1803610665067357" rotation="0" />
<Block type="SquareTiny" material="wood" x="7.1626405371" y="-3.1803610665067357" rotation="0" />
<Block type="SquareTiny" material="ice" x="7.7826405371" y="-3.1803610665067357" rotation="0" />
<Block type="SquareTiny" material="ice" x="8.1901405371" y="-3.1803610665067357" rotation="0" />
<Block type="SquareTiny" material="ice" x="8.8101405371" y="-3.1803610665067357" rotation="0" />
<Block type="RectTiny" material="wood" x="6.1351405371" y="-2.8553610665067355" rotation="90" />
<Block type="RectTiny" material="ice" x="6.7551405371" y="-2.8553610665067355" rotation="90" />
<Block type="RectTiny" material="wood" x="7.1626405371" y="-2.8553610665067355" rotation="90" />
<Block type="RectTiny" material="wood" x="7.7826405371" y="-2.8553610665067355" rotation="90" />
<Block type="RectTiny" material="ice" x="8.1901405371" y="-2.8553610665067355" rotation="90" />
<Block type="RectTiny" material="ice" x="8.8101405371" y="-2.8553610665067355" rotation="90" />
<Block type="SquareHole" material="wood" x="6.4451405371" y="-2.2203610665067357" rotation="0" />
<Block type="SquareHole" material="ice" x="7.4726405371" y="-2.2203610665067357" rotation="0" />
<Block type="SquareHole" material="ice" x="8.5001405371" y="-2.2203610665067357" rotation="0" />
<Block type="RectTiny" material="wood" x="6.5526405371" y="-1.6903610665067355" rotation="0" />
<Block type="RectTiny" material="ice" x="7.4726405371" y="-1.6903610665067355" rotation="0" />
<Block type="RectTiny" material="ice" x="8.3926405371" y="-1.6903610665067355" rotation="0" />
<Block type="SquareSmall" material="wood" x="6.5526405371" y="-1.3653610665067353" rotation="0" />
<Block type="SquareSmall" material="ice" x="7.4726405371" y="-1.3653610665067353" rotation="0" />
<Block type="SquareSmall" material="ice" x="8.3926405371" y="-1.3653610665067353" rotation="0" />
<Block type="RectBig" material="ice" x="7.4726405371" y="-1.0403610665067355" rotation="0" />
<Block type="RectMedium" material="ice" x="7.4726405371" y="-0.8203610665067355" rotation="0" />
<Block type="RectMedium" material="ice" x="7.472640537084006" y="-0.6003610665067355" rotation="0" />
<Block type="RectSmall" material="ice" x="0.1696862399" y="2.7959253009" rotation="90" />
<Block type="RectSmall" material="ice" x="0.5746862399" y="2.7959253009" rotation="90" />
<Block type="RectSmall" material="stone" x="2.1596862399" y="2.7959253009" rotation="90" />
<Block type="RectSmall" material="ice" x="3.7446862399" y="2.7959253009" rotation="90" />
<Block type="RectSmall" material="wood" x="4.1496862399" y="2.7959253009" rotation="90" />
<Block type="RectBig" material="stone" x="1.0896862399" y="3.3309253009" rotation="0" />
<Block type="RectBig" material="ice" x="3.2296862399" y="3.3309253009" rotation="0" />
<Block type="RectFat" material="stone" x="1.4046862399" y="3.6559253009" rotation="0" />
<Block type="RectFat" material="stone" x="2.9146862399" y="3.6559253009" rotation="0" />
<Block type="RectMedium" material="stone" x="5.9878392355" y="3.3834091144" rotation="90" />
<Block type="RectMedium" material="stone" x="6.4078392355" y="3.3834091144" rotation="90" />
<Block type="RectMedium" material="stone" x="6.8278392355" y="3.3834091144" rotation="90" />
<Block type="SquareTiny" material="stone" x="5.9878392355" y="4.3334091144" rotation="0" />
<Block type="SquareTiny" material="ice" x="6.4078392355" y="4.3334091144" rotation="0" />
<Block type="SquareTiny" material="ice" x="6.8278392355" y="4.3334091144" rotation="0" />
<Block type="CircleSmall" material="ice" x="-2.0097454637" y="-1.551315582" rotation="0" />
<Block type="TriangleHole" material="wood" x="1.4373047719" y="-0.3848346747" rotation="0" />
<Block type="TriangleHole" material="ice" x="1.1213529066" y="4.2809253009" rotation="0" />
<Block type="TriangleHole" material="ice" x="-0.8897454637" y="-1.366315582" rotation="0" />
<Block type="Circle" material="wood" x="2.9146862399" y="4.2709253009" rotation="0" />
<Block type="Triangle" material="ice" x="8.0326405371" y="-0.0803610665" rotation="90.0" />
<Block type="TriangleHole" material="wood" x="3.2996907727" y="-2.66" rotation="0" />
<Block type="CircleSmall" material="wood" x="6.9126405371" y="-0.2653610665" rotation="0" />
<Block type="TriangleHole" material="ice" x="5.4196907727" y="-2.66" rotation="0" />
<Block type="CircleSmall" material="ice" x="3.9163529066" y="3.6659253009" rotation="0" />
<Block type="Circle" material="wood" x="6.8278392355" y="4.8434091144" rotation="0" />
<Block type="TriangleHole" material="ice" x="5.9878392355" y="4.8534091144" rotation="0" />
<Block type="TriangleHole" material="wood" x="4.3596907727" y="-2.66" rotation="0" />
<Block type="CircleSmall" material="wood" x="0.4030195732" y="3.6659253009" rotation="0" />
<Pig type="BasicSmall" material="" x="0.9796862399" y="2.5959253009" rotation="0" />
<TNT type="" x="1.5096862399" y="2.5959253009" rotation="0" />
<Platform type="Platform" material="" x="0.2996862399363014" y="2.0609253009385986" />
<Platform type="Platform" material="" x="0.9196862399363013" y="2.0609253009385986" />
<Platform type="Platform" material="" x="1.5396862399363012" y="2.0609253009385986" />
<Platform type="Platform" material="" x="2.1596862399363013" y="2.0609253009385986" />
<Platform type="Platform" material="" x="2.7796862399363014" y="2.0609253009385986" />
<Platform type="Platform" material="" x="3.399686239936301" y="2.0609253009385986" />
<Platform type="Platform" material="" x="4.019686239936301" y="2.0609253009385986" />
<Platform type="Platform" material="" x="5.167839235523146" y="2.233409114420448" />
<Platform type="Platform" material="" x="5.787839235523146" y="2.233409114420448" />
<Platform type="Platform" material="" x="6.407839235523146" y="2.233409114420448" />
<Platform type="Platform" material="" x="7.027839235523146" y="2.233409114420448" />
<Platform type="Platform" material="" x="7.647839235523146" y="2.233409114420448" />
<Platform type="Platform" material="" x="-1.4497454637189564" y="-3.3663155820185975" />
<Platform type="Platform" material="" x="-1.4497454637189564" y="-3.9863155820185976" />
<Platform type="Platform" material="" x="-1.4497454637189564" y="-4.606315582018597" />
<Platform type="Platform" material="" x="-0.8297454637189564" y="-3.3663155820185975" />
<Platform type="Platform" material="" x="-2.0697454637189563" y="-3.3663155820185975" />
<Platform type="Platform" material="" x="-0.8297454637189564" y="-3.9863155820185976" />
<Platform type="Platform" material="" x="-2.0697454637189563" y="-3.9863155820185976" />
<Platform type="Platform" material="" x="-0.8297454637189564" y="-4.606315582018597" />
<Platform type="Platform" material="" x="-2.0697454637189563" y="-4.606315582018597" />
<Platform type="Platform" material="" x="-0.4197454637189563" y="-3.3663155820185975" />
<Platform type="Platform" material="" x="-2.4797454637189564" y="-3.3663155820185975" />
<Platform type="Platform" material="" x="-0.4197454637189563" y="-3.9863155820185976" />
<Platform type="Platform" material="" x="-2.4797454637189564" y="-3.9863155820185976" />
<Platform type="Platform" material="" x="-0.4197454637189563" y="-4.606315582018597" />
<Platform type="Platform" material="" x="-2.4797454637189564" y="-4.606315582018597" />
<Platform type="Platform" material="" x="1.4373047718802383" y="-3.664834674726352" />
<Platform type="Platform" material="" x="1.4373047718802383" y="-4.284834674726352" />
<Platform type="Platform" material="" x="1.4373047718802383" y="-4.904834674726352" />
<Platform type="Platform" material="" x="2.057304771880238" y="-3.664834674726352" />
<Platform type="Platform" material="" x="0.8173047718802383" y="-3.664834674726352" />
<Platform type="Platform" material="" x="2.057304771880238" y="-4.284834674726352" />
<Platform type="Platform" material="" x="0.8173047718802383" y="-4.284834674726352" />
<Platform type="Platform" material="" x="2.057304771880238" y="-4.904834674726352" />
<Platform type="Platform" material="" x="0.8173047718802383" y="-4.904834674726352" />
<Platform type="Platform" material="" x="2.1573047718802383" y="-3.664834674726352" />
<Platform type="Platform" material="" x="0.7173047718802382" y="-3.664834674726352" />
<Platform type="Platform" material="" x="2.1573047718802383" y="-4.284834674726352" />
<Platform type="Platform" material="" x="0.7173047718802382" y="-4.284834674726352" />
<Platform type="Platform" material="" x="2.1573047718802383" y="-4.904834674726352" />
<Platform type="Platform" material="" x="0.7173047718802382" y="-4.904834674726352" />
<Platform type="Platform" material="" x="4.359690772683201" y="-3.81" />
<Platform type="Platform" material="" x="4.359690772683201" y="-4.43" />
<Platform type="Platform" material="" x="4.359690772683201" y="-5.05" />
<Platform type="Platform" material="" x="4.979690772683201" y="-3.81" />
<Platform type="Platform" material="" x="3.7396907726832005" y="-3.81" />
<Platform type="Platform" material="" x="4.979690772683201" y="-4.43" />
<Platform type="Platform" material="" x="3.7396907726832005" y="-4.43" />
<Platform type="Platform" material="" x="4.979690772683201" y="-5.05" />
<Platform type="Platform" material="" x="3.7396907726832005" y="-5.05" />
<Platform type="Platform" material="" x="5.3246907726832005" y="-3.81" />
<Platform type="Platform" material="" x="3.3946907726832007" y="-3.81" />
<Platform type="Platform" material="" x="5.3246907726832005" y="-4.43" />
<Platform type="Platform" material="" x="3.3946907726832007" y="-4.43" />
<Platform type="Platform" material="" x="5.3246907726832005" y="-5.05" />
<Platform type="Platform" material="" x="3.3946907726832007" y="-5.05" />
<Platform type="Platform" material="" x="7.472640537084006" y="-3.6003610665067356" />
<Platform type="Platform" material="" x="7.472640537084006" y="-4.220361066506736" />
<Platform type="Platform" material="" x="7.472640537084006" y="-4.840361066506736" />
<Platform type="Platform" material="" x="8.092640537084005" y="-3.6003610665067356" />
<Platform type="Platform" material="" x="6.852640537084006" y="-3.6003610665067356" />
<Platform type="Platform" material="" x="8.092640537084005" y="-4.220361066506736" />
<Platform type="Platform" material="" x="6.852640537084006" y="-4.220361066506736" />
<Platform type="Platform" material="" x="8.092640537084005" y="-4.840361066506736" />
<Platform type="Platform" material="" x="6.852640537084006" y="-4.840361066506736" />
<Platform type="Platform" material="" x="8.610140537084005" y="-3.6003610665067356" />
<Platform type="Platform" material="" x="6.335140537084006" y="-3.6003610665067356" />
<Platform type="Platform" material="" x="8.610140537084005" y="-4.220361066506736" />
<Platform type="Platform" material="" x="6.335140537084006" y="-4.220361066506736" />
<Platform type="Platform" material="" x="8.610140537084005" y="-4.840361066506736" />
<Platform type="Platform" material="" x="6.335140537084006" y="-4.840361066506736" />
<Platform type="Platform" material="" x="-0.006220345919359105" y="-3.5155751283724745" rotation="-30.00000000000001" scaleX="0.9629648151863047" />
<Platform type="Platform" material="" x="-0.006220345919359105" y="-4.135575128372475" rotation="-30.00000000000001" scaleX="0.9629648151863047" />
<Platform type="Platform" material="" x="0.14877965408064098" y="-3.664834674726352" rotation="0.0" scaleX="0.9629648151863047" />
<Platform type="Platform" material="" x="0.14877965408064098" y="-4.284834674726352" rotation="0.0" scaleX="0.9629648151863047" />
<Platform type="Platform" material="" x="0.14877965408064098" y="-4.904834674726352" rotation="0.0" scaleX="0.9629648151863047" />
<Platform type="Platform" material="" x="2.7050428062450687" y="-3.7374173373631763" rotation="-13.23155289499966" scaleX="1.0229398545456603" />
<Platform type="Platform" material="" x="2.7050428062450687" y="-4.357417337363176" rotation="-13.23155289499966" scaleX="1.0229398545456603" />
<Platform type="Platform" material="" x="2.7759977722817197" y="-3.81" rotation="0.0" scaleX="1.0229398545456603" />
<Platform type="Platform" material="" x="2.7759977722817197" y="-4.43" rotation="0.0" scaleX="1.0229398545456603" />
<Platform type="Platform" material="" x="2.7759977722817197" y="-5.05" rotation="0.0" scaleX="1.0229398545456603" />
<Platform type="Platform" material="" x="5.976559366912634" y="-3.705180533253368" rotation="28.232086395533326" scaleX="0.714790053363361" />
<Platform type="Platform" material="" x="5.976559366912634" y="-4.325180533253368" rotation="28.232086395533326" scaleX="0.714790053363361" />
<Platform type="Platform" material="" x="5.829915654883603" y="-3.81" rotation="0.0" scaleX="0.714790053363361" />
<Platform type="Platform" material="" x="5.829915654883603" y="-4.43" rotation="0.0" scaleX="0.714790053363361" />
<Platform type="Platform" material="" x="5.829915654883603" y="-5.05" rotation="0.0" scaleX="0.714790053363361" />
</GameObjects>
</Level>
