<?xml version="1.0" encoding="utf-16"?>
<Level width ="2">
<Camera x="0" y="2" minWidth="20" maxWidth="30">
<Score highScore ="0">
<Birds>
<Bird type="BirdYellow"/>
<Bird type="BirdWhite"/>
<Bird type="BirdBlack"/>
</Birds>
<Slingshot x="-8" y="-2.5">
<GameObjects>
<Block type="RectTiny" material="ice" x="1.35" y="-3.285" rotation="90" />
<Block type="RectTiny" material="ice" x="2.08" y="-3.285" rotation="90" />
<Block type="RectTiny" material="wood" x="2.81" y="-3.285" rotation="90" />
<Block type="RectTiny" material="stone" x="3.19" y="-3.285" rotation="90" />
<Block type="RectTiny" material="stone" x="3.92" y="-3.285" rotation="90" />
<Block type="RectTiny" material="stone" x="4.65" y="-3.285" rotation="90" />
<Block type="RectSmall" material="ice" x="1.35" y="-2.645" rotation="90" />
<Block type="RectSmall" material="wood" x="2.08" y="-2.645" rotation="90" />
<Block type="RectSmall" material="stone" x="2.81" y="-2.645" rotation="90" />
<Block type="RectSmall" material="stone" x="3.19" y="-2.645" rotation="90" />
<Block type="RectSmall" material="stone" x="3.92" y="-2.645" rotation="90" />
<Block type="RectSmall" material="stone" x="4.65" y="-2.645" rotation="90" />
<Block type="SquareTiny" material="stone" x="1.35" y="-2.11" rotation="0" />
<Block type="SquareTiny" material="stone" x="2.08" y="-2.11" rotation="0" />
<Block type="SquareTiny" material="wood" x="2.81" y="-2.11" rotation="0" />
<Block type="SquareTiny" material="wood" x="3.19" y="-2.11" rotation="0" />
<Block type="SquareTiny" material="stone" x="3.92" y="-2.11" rotation="0" />
<Block type="SquareTiny" material="wood" x="4.65" y="-2.11" rotation="0" />
<Block type="RectMedium" material="wood" x="2.08" y="-1.89" rotation="0" />
<Block type="RectMedium" material="wood" x="3.92" y="-1.89" rotation="0" />
<Block type="RectBig" material="wood" x="3.0" y="-1.67" rotation="0" />
<Block type="RectFat" material="wood" x="2.575" y="-1.135" rotation="90" />
<Block type="RectFat" material="wood" x="3.425" y="-1.135" rotation="90" />
<Block type="SquareSmall" material="wood" x="2.575" y="-0.495" rotation="0" />
<Block type="SquareSmall" material="wood" x="3.425" y="-0.495" rotation="0" />
<Block type="SquareTiny" material="wood" x="1.6262" y="1.6931" rotation="0" />
<Block type="SquareTiny" material="wood" x="2.1062" y="1.6931" rotation="0" />
<Block type="SquareTiny" material="wood" x="2.5862" y="1.6931" rotation="0" />
<Block type="SquareTiny" material="wood" x="3.0662" y="1.6931" rotation="0" />
<Block type="SquareTiny" material="wood" x="3.5462" y="1.6931" rotation="0" />
<Block type="RectMedium" material="wood" x="1.6262" y="2.6431" rotation="90" />
<Block type="RectMedium" material="wood" x="2.1062" y="2.6431" rotation="90" />
<Block type="RectMedium" material="wood" x="2.5862" y="2.6431" rotation="90" />
<Block type="RectMedium" material="wood" x="3.0662" y="2.6431" rotation="90" />
<Block type="RectMedium" material="wood" x="3.5462" y="2.6431" rotation="90" />
<Block type="RectSmall" material="stone" x="1.6262" y="3.9081" rotation="90" />
<Block type="RectSmall" material="stone" x="2.1062" y="3.9081" rotation="90" />
<Block type="RectSmall" material="stone" x="2.5862" y="3.9081" rotation="90" />
<Block type="RectSmall" material="stone" x="3.0662" y="3.9081" rotation="90" />
<Block type="RectSmall" material="stone" x="3.5462" y="3.9081" rotation="90" />
<Block type="SquareTiny" material="wood" x="1.6262" y="4.4431" rotation="0" />
<Block type="SquareTiny" material="wood" x="2.1062" y="4.4431" rotation="0" />
<Block type="SquareTiny" material="wood" x="2.5862" y="4.4431" rotation="0" />
<Block type="SquareTiny" material="wood" x="3.0662" y="4.4431" rotation="0" />
<Block type="SquareTiny" material="wood" x="3.5462" y="4.4431" rotation="0" />
<Block type="RectBig" material="ice" x="5.6165" y="2.8186" rotation="0" />
<Block type="SquareHole" material="ice" x="5.6165" y="3.3486" rotation="0" />
<Block type="TriangleHole" material="stone" x="4.48" y="-1.37" rotation="0" />
<Block type="TriangleHole" material="stone" x="5.6165" y="4.1786" rotation="0" />
<Block type="Circle" material="wood" x="3.0662" y="4.9531" rotation="0" />
<Block type="Circle" material="stone" x="3.425" y="0.12" rotation="0" />
<Block type="Circle" material="stone" x="1.6262" y="4.9531" rotation="0" />
<Block type="TriangleHole" material="wood" x="2.575" y="0.13" rotation="0" />
<Block type="Triangle" material="wood" x="1.52" y="-1.37" rotation="90.0" />
<Pig type="BasicSmall" material="" x="2.44" y="-3.275" rotation="0" />
<Pig type="BasicSmall" material="" x="3.56" y="-3.275" rotation="0" />
<Pig type="BasicSmall" material="" x="4.29" y="-3.275" rotation="0" />
<TNT type="" x="1.71" y="-3.275" rotation="0" />
<Platform type="Platform" material="" x="1.3462" y="1.2731" />
<Platform type="Platform" material="" x="1.9662" y="1.2731" />
<Platform type="Platform" material="" x="2.5862" y="1.2731" />
<Platform type="Platform" material="" x="3.2062" y="1.2731" />
<Platform type="Platform" material="" x="3.8262" y="1.2731" />
<Platform type="Platform" material="" x="4.6865" y="2.3986" />
<Platform type="Platform" material="" x="5.3065" y="2.3986" />
<Platform type="Platform" material="" x="5.9265" y="2.3986" />
<Platform type="Platform" material="" x="6.5465" y="2.3986" />
<Platform type="Platform" material="" x="3.0" y="-3.81" />
<Platform type="Platform" material="" x="3.0" y="-4.43" />
<Platform type="Platform" material="" x="3.0" y="-5.05" />
<Platform type="Platform" material="" x="3.62" y="-3.81" />
<Platform type="Platform" material="" x="2.38" y="-3.81" />
<Platform type="Platform" material="" x="3.62" y="-4.43" />
<Platform type="Platform" material="" x="2.38" y="-4.43" />
<Platform type="Platform" material="" x="3.62" y="-5.05" />
<Platform type="Platform" material="" x="2.38" y="-5.05" />
<Platform type="Platform" material="" x="4.24" y="-3.81" />
<Platform type="Platform" material="" x="1.76" y="-3.81" />
<Platform type="Platform" material="" x="4.24" y="-4.43" />
<Platform type="Platform" material="" x="1.76" y="-4.43" />
<Platform type="Platform" material="" x="4.24" y="-5.05" />
<Platform type="Platform" material="" x="1.76" y="-5.05" />
<Platform type="Platform" material="" x="4.45" y="-3.81" />
<Platform type="Platform" material="" x="1.55" y="-3.81" />
<Platform type="Platform" material="" x="4.45" y="-4.43" />
<Platform type="Platform" material="" x="1.55" y="-4.43" />
<Platform type="Platform" material="" x="4.45" y="-5.05" />
<Platform type="Platform" material="" x="1.55" y="-5.05" />
</GameObjects>
</Level>
