<?xml version="1.0" encoding="utf-16"?>
<Level width ="2">
<Camera x="0" y="2" minWidth="20" maxWidth="30">
<Score highScore ="61090">
<Birds>
<Bird type="BirdYellow"/>
<Bird type="BirdBlue"/>
<Bird type="BirdBlack"/>
</Birds>
<Slingshot x="-8" y="-2.5">
<GameObjects>
<Block type="SquareSmall" material="ice" x="-2.5621294466" y="-3.285" rotation="0" />
<Block type="SquareSmall" material="ice" x="-0.7221294466" y="-3.285" rotation="0" />
<Block type="RectBig" material="ice" x="-1.6421294466178697" y="-2.96" rotation="0" />
<Block type="RectFat" material="wood" x="-0.033572078" y="-2.9897279923095006" rotation="90" />
<Block type="RectFat" material="wood" x="0.616427922" y="-2.9897279923095006" rotation="90" />
<Block type="RectFat" material="stone" x="1.266427922" y="-2.9897279923095006" rotation="90" />
<Block type="RectFat" material="stone" x="1.916427922" y="-2.9897279923095006" rotation="90" />
<Block type="RectFat" material="stone" x="2.566427922" y="-2.9897279923095006" rotation="90" />
<Block type="RectFat" material="ice" x="-0.033572078" y="-2.1397279923095" rotation="90" />
<Block type="RectFat" material="ice" x="0.616427922" y="-2.1397279923095" rotation="90" />
<Block type="RectFat" material="stone" x="1.266427922" y="-2.1397279923095" rotation="90" />
<Block type="RectFat" material="stone" x="1.916427922" y="-2.1397279923095" rotation="90" />
<Block type="RectFat" material="stone" x="2.566427922" y="-2.1397279923095" rotation="90" />
<Block type="RectTiny" material="ice" x="-0.033572078" y="-1.6047279923095001" rotation="0" />
<Block type="RectTiny" material="ice" x="0.616427922" y="-1.6047279923095001" rotation="0" />
<Block type="RectTiny" material="wood" x="1.266427922" y="-1.6047279923095001" rotation="0" />
<Block type="RectTiny" material="wood" x="1.916427922" y="-1.6047279923095001" rotation="0" />
<Block type="RectTiny" material="wood" x="2.566427922" y="-1.6047279923095001" rotation="0" />
<Block type="RectTiny" material="ice" x="-0.033572078" y="-1.3847279923095002" rotation="0" />
<Block type="RectTiny" material="ice" x="0.616427922" y="-1.3847279923095002" rotation="0" />
<Block type="RectTiny" material="wood" x="1.266427922" y="-1.3847279923095002" rotation="0" />
<Block type="RectTiny" material="wood" x="1.916427922" y="-1.3847279923095002" rotation="0" />
<Block type="RectTiny" material="wood" x="2.566427922" y="-1.3847279923095002" rotation="0" />
<Block type="RectFat" material="stone" x="-0.033572078" y="-0.8497279923095002" rotation="90" />
<Block type="RectFat" material="ice" x="0.616427922" y="-0.8497279923095002" rotation="90" />
<Block type="RectFat" material="wood" x="1.266427922" y="-0.8497279923095002" rotation="90" />
<Block type="RectFat" material="wood" x="1.916427922" y="-0.8497279923095002" rotation="90" />
<Block type="RectFat" material="wood" x="2.566427922" y="-0.8497279923095002" rotation="90" />
<Block type="RectFat" material="stone" x="-0.033572078" y="0.0002720076904998009" rotation="90" />
<Block type="RectFat" material="wood" x="0.616427922" y="0.0002720076904998009" rotation="90" />
<Block type="RectFat" material="wood" x="1.266427922" y="0.0002720076904998009" rotation="90" />
<Block type="RectFat" material="wood" x="1.916427922" y="0.0002720076904998009" rotation="90" />
<Block type="RectFat" material="stone" x="2.566427922" y="0.0002720076904998009" rotation="90" />
<Block type="RectTiny" material="stone" x="4.5685573686" y="-2.936364989968474" rotation="0" />
<Block type="RectTiny" material="stone" x="5.1985573686" y="-2.936364989968474" rotation="0" />
<Block type="RectTiny" material="ice" x="6.6185573686" y="-2.936364989968474" rotation="0" />
<Block type="RectTiny" material="ice" x="7.2485573686" y="-2.936364989968474" rotation="0" />
<Block type="RectFat" material="ice" x="4.5685573686" y="-2.401364989968474" rotation="90" />
<Block type="RectFat" material="stone" x="5.1985573686" y="-2.401364989968474" rotation="90" />
<Block type="RectFat" material="ice" x="6.6185573686" y="-2.401364989968474" rotation="90" />
<Block type="RectFat" material="ice" x="7.2485573686" y="-2.401364989968474" rotation="90" />
<Block type="RectTiny" material="wood" x="4.5685573686" y="-1.8663649899684738" rotation="0" />
<Block type="RectTiny" material="wood" x="5.1985573686" y="-1.8663649899684738" rotation="0" />
<Block type="RectTiny" material="ice" x="6.6185573686" y="-1.8663649899684738" rotation="0" />
<Block type="RectTiny" material="ice" x="7.2485573686" y="-1.8663649899684738" rotation="0" />
<Block type="RectTiny" material="wood" x="4.5685573686" y="-1.646364989968474" rotation="0" />
<Block type="RectTiny" material="wood" x="5.1985573686" y="-1.646364989968474" rotation="0" />
<Block type="RectTiny" material="wood" x="6.6185573686" y="-1.646364989968474" rotation="0" />
<Block type="RectTiny" material="wood" x="7.2485573686" y="-1.646364989968474" rotation="0" />
<Block type="RectTiny" material="stone" x="4.5685573686" y="-1.4263649899684738" rotation="0" />
<Block type="RectTiny" material="wood" x="5.1985573686" y="-1.4263649899684738" rotation="0" />
<Block type="RectTiny" material="wood" x="6.6185573686" y="-1.4263649899684738" rotation="0" />
<Block type="RectTiny" material="wood" x="7.2485573686" y="-1.4263649899684738" rotation="0" />
<Block type="RectSmall" material="wood" x="4.8835573686" y="-1.2063649899684736" rotation="0" />
<Block type="RectSmall" material="wood" x="6.9335573686" y="-1.2063649899684736" rotation="0" />
<Block type="RectTiny" material="stone" x="4.9885573686" y="-0.9863649899684738" rotation="0" />
<Block type="RectTiny" material="wood" x="6.8285573686" y="-0.9863649899684738" rotation="0" />
<Block type="SquareSmall" material="stone" x="4.9885573686" y="-0.6613649899684738" rotation="0" />
<Block type="SquareSmall" material="wood" x="6.8285573686" y="-0.6613649899684738" rotation="0" />
<Block type="RectBig" material="wood" x="5.9085573686" y="-0.33636498996847386" rotation="0" />
<Block type="RectSmall" material="stone" x="5.4385573686" y="-0.11636498996847378" rotation="0" />
<Block type="RectSmall" material="wood" x="6.3785573686" y="-0.11636498996847378" rotation="0" />
<Block type="RectSmall" material="stone" x="5.4385573686" y="0.41863501003152614" rotation="90" />
<Block type="RectSmall" material="wood" x="5.9085573686" y="0.41863501003152614" rotation="90" />
<Block type="RectSmall" material="ice" x="6.3785573686" y="0.41863501003152614" rotation="90" />
<Block type="SquareTiny" material="wood" x="-0.7314798945" y="2.6152522592" rotation="0" />
<Block type="SquareTiny" material="wood" x="1.1085201055" y="2.6152522592" rotation="0" />
<Block type="RectBig" material="wood" x="0.1885201055" y="2.8352522592" rotation="0" />
<Block type="RectBig" material="wood" x="0.1885201055" y="3.0552522592" rotation="0" />
<Block type="RectBig" material="wood" x="0.1885201055" y="3.2752522592" rotation="0" />
<Block type="RectTiny" material="wood" x="-0.1264798945" y="3.4952522592" rotation="0" />
<Block type="RectTiny" material="wood" x="0.5035201055" y="3.4952522592" rotation="0" />
<Block type="RectFat" material="wood" x="0.18852010552363252" y="3.8202522592" rotation="0" />
<Block type="RectTiny" material="wood" x="2.6321956321" y="2.80342596" rotation="0" />
<Block type="RectTiny" material="wood" x="3.2521956321" y="2.80342596" rotation="0" />
<Block type="RectTiny" material="ice" x="4.4721956321" y="2.80342596" rotation="0" />
<Block type="RectTiny" material="ice" x="5.0921956321" y="2.80342596" rotation="0" />
<Block type="SquareHole" material="wood" x="2.9421956321" y="3.33342596" rotation="0" />
<Block type="SquareHole" material="ice" x="4.7821956321" y="3.33342596" rotation="0" />
<Block type="RectSmall" material="wood" x="2.9421956321" y="3.86342596" rotation="0" />
<Block type="RectSmall" material="ice" x="4.7821956321" y="3.86342596" rotation="0" />
<Block type="RectBig" material="wood" x="3.8621956321150623" y="4.08342596" rotation="0" />
<Block type="Circle" material="ice" x="5.9085573686" y="1.24363501" rotation="0" />
<Block type="CircleSmall" material="wood" x="3.1755289654" y="4.41842596" rotation="0" />
<Block type="CircleSmall" material="stone" x="-0.033572078" y="0.6502720077" rotation="0" />
<Block type="CircleSmall" material="stone" x="-1.6421294466" y="-2.625" rotation="0" />
<Block type="CircleSmall" material="ice" x="-0.0948132278" y="4.2602522592" rotation="0" />
<Block type="TriangleHole" material="wood" x="0.616427922" y="0.8352720077" rotation="0" />
<Block type="Circle" material="wood" x="1.916427922" y="0.8252720077" rotation="0" />
<Block type="TriangleHole" material="ice" x="-0.95546278" y="-2.44" rotation="0" />
<Block type="CircleSmall" material="stone" x="-2.3287961133" y="-2.625" rotation="0" />
<Block type="CircleSmall" material="ice" x="3.8621956321" y="4.41842596" rotation="0" />
<Block type="TriangleHole" material="stone" x="4.5488622988" y="4.60342596" rotation="0" />
<Block type="CircleSmall" material="wood" x="1.266427922" y="0.6502720077" rotation="0" />
<Block type="CircleSmall" material="stone" x="2.566427922" y="0.6502720077" rotation="0" />
<Block type="CircleSmall" material="stone" x="0.4718534389" y="4.2602522592" rotation="0" />
<Pig type="BasicSmall" material="" x="5.6685573686" y="-2.821364989968474" rotation="0" />
<TNT type="" x="3.7221956321" y="2.91842596" rotation="0" />
<Platform type="Platform" material="" x="-1.0514798944763675" y="2.1952522592159642" />
<Platform type="Platform" material="" x="-0.4314798944763675" y="2.1952522592159642" />
<Platform type="Platform" material="" x="0.18852010552363252" y="2.1952522592159642" />
<Platform type="Platform" material="" x="0.8085201055236325" y="2.1952522592159642" />
<Platform type="Platform" material="" x="1.4285201055236325" y="2.1952522592159642" />
<Platform type="Platform" material="" x="2.622195632115062" y="2.383425960044911" />
<Platform type="Platform" material="" x="3.2421956321150622" y="2.383425960044911" />
<Platform type="Platform" material="" x="3.8621956321150623" y="2.383425960044911" />
<Platform type="Platform" material="" x="4.4821956321150624" y="2.383425960044911" />
<Platform type="Platform" material="" x="5.1021956321150626" y="2.383425960044911" />
<Platform type="Platform" material="" x="-1.6421294466178697" y="-3.81" />
<Platform type="Platform" material="" x="-1.6421294466178697" y="-4.43" />
<Platform type="Platform" material="" x="-1.6421294466178697" y="-5.05" />
<Platform type="Platform" material="" x="-1.0221294466178699" y="-3.81" />
<Platform type="Platform" material="" x="-2.2621294466178696" y="-3.81" />
<Platform type="Platform" material="" x="-1.0221294466178699" y="-4.43" />
<Platform type="Platform" material="" x="-2.2621294466178696" y="-4.43" />
<Platform type="Platform" material="" x="-1.0221294466178699" y="-5.05" />
<Platform type="Platform" material="" x="-2.2621294466178696" y="-5.05" />
<Platform type="Platform" material="" x="-0.8171294466178698" y="-3.81" />
<Platform type="Platform" material="" x="-2.4671294466178697" y="-3.81" />
<Platform type="Platform" material="" x="-0.8171294466178698" y="-4.43" />
<Platform type="Platform" material="" x="-2.4671294466178697" y="-4.43" />
<Platform type="Platform" material="" x="-0.8171294466178698" y="-5.05" />
<Platform type="Platform" material="" x="-2.4671294466178697" y="-5.05" />
<Platform type="Platform" material="" x="1.2664279220280805" y="-3.7247279923095" />
<Platform type="Platform" material="" x="1.2664279220280805" y="-4.3447279923095" />
<Platform type="Platform" material="" x="1.2664279220280805" y="-4.9647279923095" />
<Platform type="Platform" material="" x="1.8864279220280804" y="-3.7247279923095" />
<Platform type="Platform" material="" x="0.6464279220280805" y="-3.7247279923095" />
<Platform type="Platform" material="" x="1.8864279220280804" y="-4.3447279923095" />
<Platform type="Platform" material="" x="0.6464279220280805" y="-4.3447279923095" />
<Platform type="Platform" material="" x="1.8864279220280804" y="-4.9647279923095" />
<Platform type="Platform" material="" x="0.6464279220280805" y="-4.9647279923095" />
<Platform type="Platform" material="" x="2.4714279220280804" y="-3.7247279923095" />
<Platform type="Platform" material="" x="0.06142792202808056" y="-3.7247279923095" />
<Platform type="Platform" material="" x="2.4714279220280804" y="-4.3447279923095" />
<Platform type="Platform" material="" x="0.06142792202808056" y="-4.3447279923095" />
<Platform type="Platform" material="" x="2.4714279220280804" y="-4.9647279923095" />
<Platform type="Platform" material="" x="0.06142792202808056" y="-4.9647279923095" />
<Platform type="Platform" material="" x="5.90855736864595" y="-3.356364989968474" />
<Platform type="Platform" material="" x="5.90855736864595" y="-3.9763649899684737" />
<Platform type="Platform" material="" x="5.90855736864595" y="-4.596364989968474" />
<Platform type="Platform" material="" x="6.52855736864595" y="-3.356364989968474" />
<Platform type="Platform" material="" x="5.28855736864595" y="-3.356364989968474" />
<Platform type="Platform" material="" x="6.52855736864595" y="-3.9763649899684737" />
<Platform type="Platform" material="" x="5.28855736864595" y="-3.9763649899684737" />
<Platform type="Platform" material="" x="6.52855736864595" y="-4.596364989968474" />
<Platform type="Platform" material="" x="5.28855736864595" y="-4.596364989968474" />
<Platform type="Platform" material="" x="7.1485573686459505" y="-3.356364989968474" />
<Platform type="Platform" material="" x="4.66855736864595" y="-3.356364989968474" />
<Platform type="Platform" material="" x="7.1485573686459505" y="-3.9763649899684737" />
<Platform type="Platform" material="" x="4.66855736864595" y="-3.9763649899684737" />
<Platform type="Platform" material="" x="7.1485573686459505" y="-4.596364989968474" />
<Platform type="Platform" material="" x="4.66855736864595" y="-4.596364989968474" />
<Platform type="Platform" material="" x="7.15355736864595" y="-3.356364989968474" />
<Platform type="Platform" material="" x="4.66355736864595" y="-3.356364989968474" />
<Platform type="Platform" material="" x="7.15355736864595" y="-3.9763649899684737" />
<Platform type="Platform" material="" x="4.66355736864595" y="-3.9763649899684737" />
<Platform type="Platform" material="" x="7.15355736864595" y="-4.596364989968474" />
<Platform type="Platform" material="" x="4.66355736864595" y="-4.596364989968474" />
<Platform type="Platform" material="" x="-0.28075706938172607" y="-3.7673639961547503" rotation="18.25251305467033" scaleX="0.4391222804078488" />
<Platform type="Platform" material="" x="-0.28075706938172607" y="-4.38736399615475" rotation="18.25251305467033" scaleX="0.4391222804078488" />
<Platform type="Platform" material="" x="-0.37785076229489456" y="-3.81" rotation="0.0" scaleX="0.4391222804078488" />
<Platform type="Platform" material="" x="-0.37785076229489456" y="-4.43" rotation="0.0" scaleX="0.4391222804078488" />
<Platform type="Platform" material="" x="-0.37785076229489456" y="-5.05" rotation="0.0" scaleX="0.4391222804078488" />
<Platform type="Platform" material="" x="3.6382128762110395" y="-3.5405464911389872" rotation="13.186988867468196" scaleX="2.604367928303292" />
<Platform type="Platform" material="" x="3.6382128762110395" y="-4.160546491138987" rotation="13.186988867468196" scaleX="2.604367928303292" />
<Platform type="Platform" material="" x="3.5674926453370155" y="-3.7247279923095" rotation="0.0" scaleX="2.604367928303292" />
<Platform type="Platform" material="" x="3.5674926453370155" y="-4.3447279923095" rotation="0.0" scaleX="2.604367928303292" />
<Platform type="Platform" material="" x="3.5674926453370155" y="-4.9647279923095" rotation="0.0" scaleX="2.604367928303292" />
</GameObjects>
</Level>
