<?xml version="1.0" encoding="utf-16"?>
<Level width ="2">
<Camera x="0" y="2" minWidth="20" maxWidth="30">
<Score highScore ="35960">
<Birds>
<Bird type="BirdYellow"/>
<Bird type="BirdBlue"/>
<Bird type="BirdBlack"/>
</Birds>
<Slingshot x="-8" y="-2.5">
<GameObjects>
<Block type="RectFat" material="stone" x="-2.0797158941" y="-3.1408059751010295" rotation="0" />
<Block type="RectFat" material="stone" x="-1.0897158941" y="-3.1408059751010295" rotation="0" />
<Block type="RectFat" material="ice" x="-0.0997158941" y="-3.1408059751010295" rotation="0" />
<Block type="RectTiny" material="stone" x="-2.0797158941" y="-2.710805975101029" rotation="90" />
<Block type="RectFat" material="stone" x="-1.0897158941" y="-2.710805975101029" rotation="0" />
<Block type="SquareSmall" material="stone" x="-0.0997158941" y="-2.710805975101029" rotation="0" />
<Block type="RectSmall" material="wood" x="3.2658660228" y="-3.2194340163304958" rotation="0" />
<Block type="SquareHole" material="wood" x="3.2658660228" y="-2.6894340163304955" rotation="0" />
<Block type="RectSmall" material="wood" x="3.2658660228" y="-2.1594340163304957" rotation="0" />
<Block type="RectTiny" material="wood" x="3.2658660228" y="-1.9394340163304955" rotation="0" />
<Block type="SquareTiny" material="wood" x="3.2658660228" y="-1.7194340163304955" rotation="0" />
<Block type="RectTiny" material="wood" x="3.2658660228" y="-1.3944340163304956" rotation="90" />
<Block type="RectMedium" material="wood" x="3.265866022842061" y="-0.33943401633049564" rotation="90" />
<Block type="RectTiny" material="stone" x="6.1205819169" y="-3.242257314655151" rotation="0" />
<Block type="RectTiny" material="stone" x="6.8955819169" y="-3.242257314655151" rotation="0" />
<Block type="RectTiny" material="stone" x="7.8155819169" y="-3.242257314655151" rotation="0" />
<Block type="RectTiny" material="stone" x="8.5905819169" y="-3.242257314655151" rotation="0" />
<Block type="RectSmall" material="wood" x="6.1205819169" y="-2.707257314655151" rotation="90" />
<Block type="RectSmall" material="wood" x="6.7505819169" y="-2.707257314655151" rotation="90" />
<Block type="RectSmall" material="wood" x="7.0405819169" y="-2.707257314655151" rotation="90" />
<Block type="RectSmall" material="wood" x="7.6705819169" y="-2.707257314655151" rotation="90" />
<Block type="RectSmall" material="wood" x="7.9605819169" y="-2.707257314655151" rotation="90" />
<Block type="RectSmall" material="wood" x="8.5905819169" y="-2.707257314655151" rotation="90" />
<Block type="RectFat" material="wood" x="6.4355819169" y="-2.0672573146551505" rotation="0" />
<Block type="RectFat" material="wood" x="7.3555819169" y="-2.0672573146551505" rotation="0" />
<Block type="RectFat" material="wood" x="8.2755819169" y="-2.0672573146551505" rotation="0" />
<Block type="RectMedium" material="ice" x="7.3555819169" y="-1.7422573146551508" rotation="0" />
<Block type="RectTiny" material="ice" x="7.0455819169" y="-1.5222573146551508" rotation="0" />
<Block type="RectTiny" material="ice" x="7.6655819169" y="-1.5222573146551508" rotation="0" />
<Block type="SquareHole" material="wood" x="7.3555819169" y="-0.9922573146551508" rotation="0" />
<Block type="RectFat" material="stone" x="7.3555819169" y="-0.14725731465515085" rotation="90" />
<Block type="RectTiny" material="wood" x="7.35558191694767" y="0.3877426853448491" rotation="0" />
<Block type="SquareSmall" material="ice" x="0.4629671097" y="3.0044322024" rotation="0" />
<Block type="SquareSmall" material="ice" x="1.0929671097" y="3.0044322024" rotation="0" />
<Block type="SquareSmall" material="ice" x="1.9229671097" y="3.0044322024" rotation="0" />
<Block type="SquareSmall" material="ice" x="2.5529671097" y="3.0044322024" rotation="0" />
<Block type="RectFat" material="ice" x="0.7779671097" y="3.4344322024" rotation="0" />
<Block type="RectFat" material="ice" x="2.2379671097" y="3.4344322024" rotation="0" />
<Block type="RectBig" material="ice" x="1.5079671097" y="3.7594322024" rotation="0" />
<Block type="RectSmall" material="ice" x="1.1329671097" y="3.9794322024" rotation="0" />
<Block type="SquareTiny" material="ice" x="1.8829671097" y="3.9794322024" rotation="0" />
<Block type="TriangleHole" material="wood" x="7.3555819169" y="0.9077426853" rotation="0" />
<Block type="CircleSmall" material="ice" x="3.2658660228" y="0.7255659837" rotation="0" />
<Block type="TriangleHole" material="stone" x="1.416300443" y="4.4994322024" rotation="0" />
<Block type="CircleSmall" material="wood" x="-1.3730492274" y="-2.2708059751" rotation="0" />
<Block type="CircleSmall" material="wood" x="-2.0797158941" y="-2.2708059751" rotation="0" />
<Block type="CircleSmall" material="ice" x="8.5589152502" y="-1.6272573147" rotation="0" />
<Block type="Circle" material="stone" x="-0.0997158941" y="-2.0958059751" rotation="0" />
<Block type="CircleSmall" material="wood" x="6.1522485836" y="-1.6272573147" rotation="0" />
<Pig type="BasicSmall" material="" x="-0.8063825608" y="-2.2708059751010294" rotation="0" />
<Platform type="Platform" material="" x="0.2679671097480574" y="2.479432202396893" />
<Platform type="Platform" material="" x="0.8879671097480574" y="2.479432202396893" />
<Platform type="Platform" material="" x="1.5079671097480574" y="2.479432202396893" />
<Platform type="Platform" material="" x="2.1279671097480573" y="2.479432202396893" />
<Platform type="Platform" material="" x="2.7479671097480574" y="2.479432202396893" />
<Platform type="Platform" material="" x="-1.0897158941056089" y="-3.665805975101029" />
<Platform type="Platform" material="" x="-1.0897158941056089" y="-4.285805975101029" />
<Platform type="Platform" material="" x="-1.0897158941056089" y="-4.905805975101029" />
<Platform type="Platform" material="" x="-0.4697158941056089" y="-3.665805975101029" />
<Platform type="Platform" material="" x="-1.7097158941056088" y="-3.665805975101029" />
<Platform type="Platform" material="" x="-0.4697158941056089" y="-4.285805975101029" />
<Platform type="Platform" material="" x="-1.7097158941056088" y="-4.285805975101029" />
<Platform type="Platform" material="" x="-0.4697158941056089" y="-4.905805975101029" />
<Platform type="Platform" material="" x="-1.7097158941056088" y="-4.905805975101029" />
<Platform type="Platform" material="" x="0.015284105894391165" y="-3.665805975101029" />
<Platform type="Platform" material="" x="-2.1947158941056086" y="-3.665805975101029" />
<Platform type="Platform" material="" x="0.015284105894391165" y="-4.285805975101029" />
<Platform type="Platform" material="" x="-2.1947158941056086" y="-4.285805975101029" />
<Platform type="Platform" material="" x="0.015284105894391165" y="-4.905805975101029" />
<Platform type="Platform" material="" x="-2.1947158941056086" y="-4.905805975101029" />
<Platform type="Platform" material="" x="3.265866022842061" y="-3.6394340163304957" />
<Platform type="Platform" material="" x="3.265866022842061" y="-4.259434016330496" />
<Platform type="Platform" material="" x="3.265866022842061" y="-4.879434016330496" />
<Platform type="Platform" material="" x="3.380866022842061" y="-3.6394340163304957" />
<Platform type="Platform" material="" x="3.1508660228420613" y="-3.6394340163304957" />
<Platform type="Platform" material="" x="3.380866022842061" y="-4.259434016330496" />
<Platform type="Platform" material="" x="3.1508660228420613" y="-4.259434016330496" />
<Platform type="Platform" material="" x="3.380866022842061" y="-4.879434016330496" />
<Platform type="Platform" material="" x="3.1508660228420613" y="-4.879434016330496" />
<Platform type="Platform" material="" x="7.35558191694767" y="-3.6622573146551507" />
<Platform type="Platform" material="" x="7.35558191694767" y="-4.282257314655151" />
<Platform type="Platform" material="" x="7.35558191694767" y="-4.9022573146551505" />
<Platform type="Platform" material="" x="7.97558191694767" y="-3.6622573146551507" />
<Platform type="Platform" material="" x="6.73558191694767" y="-3.6622573146551507" />
<Platform type="Platform" material="" x="7.97558191694767" y="-4.282257314655151" />
<Platform type="Platform" material="" x="6.73558191694767" y="-4.282257314655151" />
<Platform type="Platform" material="" x="7.97558191694767" y="-4.9022573146551505" />
<Platform type="Platform" material="" x="6.73558191694767" y="-4.9022573146551505" />
<Platform type="Platform" material="" x="8.49558191694767" y="-3.6622573146551507" />
<Platform type="Platform" material="" x="6.215581916947669" y="-3.6622573146551507" />
<Platform type="Platform" material="" x="8.49558191694767" y="-4.282257314655151" />
<Platform type="Platform" material="" x="6.215581916947669" y="-4.282257314655151" />
<Platform type="Platform" material="" x="8.49558191694767" y="-4.9022573146551505" />
<Platform type="Platform" material="" x="6.215581916947669" y="-4.9022573146551505" />
<Platform type="Platform" material="" x="1.5863247530216469" y="-3.6526199957157623" rotation="0.6006350157723528" scaleX="4.057613141304088" />
<Platform type="Platform" material="" x="1.5863247530216469" y="-4.272619995715762" rotation="0.6006350157723528" scaleX="4.057613141304088" />
<Platform type="Platform" material="" x="1.583075064368226" y="-3.665805975101029" rotation="0.0" scaleX="4.057613141304088" />
<Platform type="Platform" material="" x="1.583075064368226" y="-4.285805975101029" rotation="0.0" scaleX="4.057613141304088" />
<Platform type="Platform" material="" x="1.583075064368226" y="-4.905805975101029" rotation="0.0" scaleX="4.057613141304088" />
<Platform type="Platform" material="" x="4.795029498388013" y="-3.650845665492823" rotation="-0.5904289500856461" scaleX="3.572312082875301" />
<Platform type="Platform" material="" x="4.795029498388013" y="-4.270845665492823" rotation="-0.5904289500856461" scaleX="3.572312082875301" />
<Platform type="Platform" material="" x="4.798223969894865" y="-3.6622573146551507" rotation="0.0" scaleX="3.572312082875301" />
<Platform type="Platform" material="" x="4.798223969894865" y="-4.28225731465515" rotation="0.0" scaleX="3.572312082875301" />
<Platform type="Platform" material="" x="4.798223969894865" y="-4.9022573146551505" rotation="0.0" scaleX="3.572312082875301" />
</GameObjects>
</Level>
