<?xml version="1.0" encoding="utf-16"?>
<Level width ="2">
<Camera x="0" y="2" minWidth="20" maxWidth="30">
<Score highScore ="52550">
<Birds>
<Bird type="BirdBlue"/>
<Bird type="BirdYellow"/>
<Bird type="BirdBlue"/>
</Birds>
<Slingshot x="-8" y="-2.5">
<GameObjects>
<Block type="RectTiny" material="ice" x="-1.9130141699" y="-3.1222793730824385" rotation="0" />
<Block type="RectTiny" material="ice" x="-1.2830141699" y="-3.1222793730824385" rotation="0" />
<Block type="RectTiny" material="ice" x="-0.2380141699" y="-3.1222793730824385" rotation="0" />
<Block type="RectTiny" material="ice" x="0.3919858301" y="-3.1222793730824385" rotation="0" />
<Block type="RectTiny" material="stone" x="-1.9130141699" y="-2.9022793730824388" rotation="0" />
<Block type="RectTiny" material="ice" x="-1.2830141699" y="-2.9022793730824388" rotation="0" />
<Block type="RectTiny" material="stone" x="-0.2380141699" y="-2.9022793730824388" rotation="0" />
<Block type="RectTiny" material="stone" x="0.3919858301" y="-2.9022793730824388" rotation="0" />
<Block type="RectTiny" material="ice" x="-1.9130141699" y="-2.682279373082439" rotation="0" />
<Block type="RectTiny" material="wood" x="-1.2830141699" y="-2.682279373082439" rotation="0" />
<Block type="RectTiny" material="wood" x="-0.2380141699" y="-2.682279373082439" rotation="0" />
<Block type="RectTiny" material="wood" x="0.3919858301" y="-2.682279373082439" rotation="0" />
<Block type="RectSmall" material="stone" x="-1.5980141699" y="-2.4622793730824384" rotation="0" />
<Block type="RectSmall" material="stone" x="0.0769858301" y="-2.4622793730824384" rotation="0" />
<Block type="RectTiny" material="wood" x="-1.4905141699" y="-2.2422793730824386" rotation="0" />
<Block type="RectTiny" material="wood" x="-0.0305141699" y="-2.2422793730824386" rotation="0" />
<Block type="RectMedium" material="wood" x="-0.7605141699" y="-2.022279373082439" rotation="0" />
<Block type="RectMedium" material="ice" x="-0.7605141699" y="-1.8022793730824385" rotation="0" />
<Block type="SquareSmall" material="ice" x="-1.4305141699" y="-1.4772793730824387" rotation="0" />
<Block type="SquareSmall" material="ice" x="-0.7605141699" y="-1.4772793730824387" rotation="0" />
<Block type="SquareSmall" material="ice" x="-0.0905141699" y="-1.4772793730824387" rotation="0" />
<Block type="RectMedium" material="ice" x="-1.4305141699" y="-0.42227937308243857" rotation="90" />
<Block type="RectMedium" material="ice" x="-0.7605141699" y="-0.42227937308243857" rotation="90" />
<Block type="RectMedium" material="ice" x="-0.0905141699" y="-0.42227937308243857" rotation="90" />
<Block type="RectTiny" material="ice" x="1.8105874229" y="-3.1446916092360393" rotation="90" />
<Block type="RectTiny" material="ice" x="2.3305874229" y="-3.1446916092360393" rotation="90" />
<Block type="RectTiny" material="ice" x="2.8505874229" y="-3.1446916092360393" rotation="90" />
<Block type="RectTiny" material="ice" x="3.3705874229" y="-3.1446916092360393" rotation="90" />
<Block type="RectTiny" material="ice" x="3.8905874229" y="-3.1446916092360393" rotation="90" />
<Block type="RectBig" material="stone" x="5.3811015928" y="-3.047322158903403" rotation="0" />
<Block type="RectBig" material="ice" x="7.8411015928" y="-3.047322158903403" rotation="0" />
<Block type="SquareTiny" material="stone" x="5.3811015928" y="-2.827322158903403" rotation="0" />
<Block type="SquareTiny" material="ice" x="6.0011015928" y="-2.827322158903403" rotation="0" />
<Block type="SquareTiny" material="ice" x="6.3011015928" y="-2.827322158903403" rotation="0" />
<Block type="SquareTiny" material="ice" x="6.9211015928" y="-2.827322158903403" rotation="0" />
<Block type="SquareTiny" material="ice" x="7.2211015928" y="-2.827322158903403" rotation="0" />
<Block type="SquareTiny" material="ice" x="7.8411015928" y="-2.827322158903403" rotation="0" />
<Block type="SquareHole" material="ice" x="5.6911015928" y="-2.297322158903403" rotation="0" />
<Block type="SquareHole" material="ice" x="6.6111015928" y="-2.297322158903403" rotation="0" />
<Block type="SquareHole" material="ice" x="7.5311015928" y="-2.297322158903403" rotation="0" />
<Block type="RectTiny" material="ice" x="5.6911015928" y="-1.662322158903403" rotation="90" />
<Block type="RectTiny" material="ice" x="6.1511015928" y="-1.662322158903403" rotation="90" />
<Block type="RectTiny" material="wood" x="6.6111015928" y="-1.662322158903403" rotation="90" />
<Block type="RectTiny" material="wood" x="7.0711015928" y="-1.662322158903403" rotation="90" />
<Block type="RectTiny" material="ice" x="7.5311015928" y="-1.662322158903403" rotation="90" />
<Block type="RectSmall" material="ice" x="5.6911015928" y="-1.022322158903403" rotation="90" />
<Block type="RectSmall" material="wood" x="6.1511015928" y="-1.022322158903403" rotation="90" />
<Block type="RectSmall" material="wood" x="6.6111015928" y="-1.022322158903403" rotation="90" />
<Block type="RectSmall" material="wood" x="7.0711015928" y="-1.022322158903403" rotation="90" />
<Block type="RectSmall" material="ice" x="7.5311015928" y="-1.022322158903403" rotation="90" />
<Block type="RectFat" material="wood" x="1.6296334264" y="2.2682933235" rotation="0" />
<Block type="RectFat" material="wood" x="2.5796334264" y="2.2682933235" rotation="0" />
<Block type="RectFat" material="wood" x="3.5296334264" y="2.2682933235" rotation="0" />
<Block type="RectTiny" material="ice" x="1.3196334264" y="2.6982933235" rotation="90" />
<Block type="RectTiny" material="wood" x="1.6296334264" y="2.6982933235" rotation="90" />
<Block type="RectTiny" material="wood" x="1.9396334264" y="2.6982933235" rotation="90" />
<Block type="RectTiny" material="ice" x="2.2696334264" y="2.6982933235" rotation="90" />
<Block type="RectTiny" material="ice" x="2.5796334264" y="2.6982933235" rotation="90" />
<Block type="RectTiny" material="wood" x="2.8896334264" y="2.6982933235" rotation="90" />
<Block type="RectTiny" material="wood" x="3.2196334264" y="2.6982933235" rotation="90" />
<Block type="RectTiny" material="wood" x="3.5296334264" y="2.6982933235" rotation="90" />
<Block type="RectTiny" material="wood" x="3.8396334264" y="2.6982933235" rotation="90" />
<Block type="SquareHole" material="ice" x="1.6296334264" y="3.3332933235" rotation="0" />
<Block type="SquareHole" material="wood" x="2.5796334264" y="3.3332933235" rotation="0" />
<Block type="SquareHole" material="wood" x="3.5296334264" y="3.3332933235" rotation="0" />
<Block type="SquareHole" material="stone" x="1.6296334264" y="4.1732933235" rotation="0" />
<Block type="SquareHole" material="wood" x="2.5796334264" y="4.1732933235" rotation="0" />
<Block type="SquareHole" material="wood" x="3.5296334264" y="4.1732933235" rotation="0" />
<Block type="RectTiny" material="stone" x="-2.643581582125525" y="-3.285" rotation="90" />
<Block type="RectMedium" material="stone" x="-2.643581582125525" y="-2.2300000000000004" rotation="90" />
<Block type="Circle" material="wood" x="2.3305874229" y="-2.5296916092" rotation="0" />
<Block type="TriangleHole" material="ice" x="6.6111015928" y="-0.1873221589" rotation="0" />
<Block type="Triangle" material="stone" x="3.5296334264" y="5.0032933235" rotation="0.0" />
<Block type="TriangleHole" material="ice" x="-1.4305141699" y="0.8277206269" rotation="0" />
<Block type="Circle" material="ice" x="5.6911015928" y="-0.1973221589" rotation="0" />
<Block type="CircleSmall" material="wood" x="2.2996334264" y="4.8182933235" rotation="0" />
<Block type="Circle" material="wood" x="3.8905874229" y="-2.5296916092" rotation="0" />
<Block type="Circle" material="wood" x="7.5311015928" y="-0.1973221589" rotation="0" />
<Block type="Circle" material="stone" x="1.6296334264" y="4.9932933235" rotation="0" />
<Block type="CircleSmall" material="ice" x="2.8596334264" y="4.8182933235" rotation="0" />
<Block type="CircleSmall" material="wood" x="-0.7605141699" y="0.6427206269" rotation="0" />
<Pig type="BasicSmall" material="" x="-0.8130141699" y="-3.0072793730824383" rotation="0" />
<Pig type="BasicSmall" material="" x="-0.0905141699" y="0.6427206269175614" rotation="0" />
<Pig type="BasicSmall" material="" x="8.5277682595" y="-2.7123221589034032" rotation="0" />
<TNT type="" x="4.6944349261" y="-2.7123221589034032" rotation="0" />
<Platform type="Platform" material="" x="0.7196334264134836" y="1.7432933234691697" />
<Platform type="Platform" material="" x="1.3396334264134835" y="1.7432933234691697" />
<Platform type="Platform" material="" x="1.9596334264134834" y="1.7432933234691697" />
<Platform type="Platform" material="" x="2.5796334264134835" y="1.7432933234691697" />
<Platform type="Platform" material="" x="3.1996334264134836" y="1.7432933234691697" />
<Platform type="Platform" material="" x="3.8196334264134837" y="1.7432933234691697" />
<Platform type="Platform" material="" x="4.439633426413483" y="1.7432933234691697" />
<Platform type="Platform" material="" x="-0.7605141698759113" y="-3.5422793730824385" />
<Platform type="Platform" material="" x="-0.7605141698759113" y="-4.162279373082439" />
<Platform type="Platform" material="" x="-0.7605141698759113" y="-4.782279373082439" />
<Platform type="Platform" material="" x="-0.14051416987591125" y="-3.5422793730824385" />
<Platform type="Platform" material="" x="-1.3805141698759114" y="-3.5422793730824385" />
<Platform type="Platform" material="" x="-0.14051416987591125" y="-4.162279373082439" />
<Platform type="Platform" material="" x="-1.3805141698759114" y="-4.162279373082439" />
<Platform type="Platform" material="" x="-0.14051416987591125" y="-4.782279373082439" />
<Platform type="Platform" material="" x="-1.3805141698759114" y="-4.782279373082439" />
<Platform type="Platform" material="" x="0.2969858301240887" y="-3.5422793730824385" />
<Platform type="Platform" material="" x="-1.8180141698759114" y="-3.5422793730824385" />
<Platform type="Platform" material="" x="0.2969858301240887" y="-4.162279373082439" />
<Platform type="Platform" material="" x="-1.8180141698759114" y="-4.162279373082439" />
<Platform type="Platform" material="" x="0.2969858301240887" y="-4.782279373082439" />
<Platform type="Platform" material="" x="-1.8180141698759114" y="-4.782279373082439" />
<Platform type="Platform" material="" x="2.8505874229141006" y="-3.669691609236039" />
<Platform type="Platform" material="" x="2.8505874229141006" y="-4.289691609236039" />
<Platform type="Platform" material="" x="2.8505874229141006" y="-4.909691609236039" />
<Platform type="Platform" material="" x="3.4705874229141007" y="-3.669691609236039" />
<Platform type="Platform" material="" x="2.2305874229141005" y="-3.669691609236039" />
<Platform type="Platform" material="" x="3.4705874229141007" y="-4.289691609236039" />
<Platform type="Platform" material="" x="2.2305874229141005" y="-4.289691609236039" />
<Platform type="Platform" material="" x="3.4705874229141007" y="-4.909691609236039" />
<Platform type="Platform" material="" x="2.2305874229141005" y="-4.909691609236039" />
<Platform type="Platform" material="" x="3.6905874229141005" y="-3.669691609236039" />
<Platform type="Platform" material="" x="2.0105874229141003" y="-3.669691609236039" />
<Platform type="Platform" material="" x="3.6905874229141005" y="-4.289691609236039" />
<Platform type="Platform" material="" x="2.0105874229141003" y="-4.289691609236039" />
<Platform type="Platform" material="" x="3.6905874229141005" y="-4.909691609236039" />
<Platform type="Platform" material="" x="2.0105874229141003" y="-4.909691609236039" />
<Platform type="Platform" material="" x="6.611101592790012" y="-3.467322158903403" />
<Platform type="Platform" material="" x="6.611101592790012" y="-4.087322158903403" />
<Platform type="Platform" material="" x="6.611101592790012" y="-4.707322158903403" />
<Platform type="Platform" material="" x="7.231101592790012" y="-3.467322158903403" />
<Platform type="Platform" material="" x="5.991101592790012" y="-3.467322158903403" />
<Platform type="Platform" material="" x="7.231101592790012" y="-4.087322158903403" />
<Platform type="Platform" material="" x="5.991101592790012" y="-4.087322158903403" />
<Platform type="Platform" material="" x="7.231101592790012" y="-4.707322158903403" />
<Platform type="Platform" material="" x="5.991101592790012" y="-4.707322158903403" />
<Platform type="Platform" material="" x="7.8511015927900125" y="-3.467322158903403" />
<Platform type="Platform" material="" x="5.371101592790012" y="-3.467322158903403" />
<Platform type="Platform" material="" x="7.8511015927900125" y="-4.087322158903403" />
<Platform type="Platform" material="" x="5.371101592790012" y="-4.087322158903403" />
<Platform type="Platform" material="" x="7.8511015927900125" y="-4.707322158903403" />
<Platform type="Platform" material="" x="5.371101592790012" y="-4.707322158903403" />
<Platform type="Platform" material="" x="8.471101592790012" y="-3.467322158903403" />
<Platform type="Platform" material="" x="4.751101592790012" y="-3.467322158903403" />
<Platform type="Platform" material="" x="8.471101592790012" y="-4.087322158903403" />
<Platform type="Platform" material="" x="4.751101592790012" y="-4.087322158903403" />
<Platform type="Platform" material="" x="8.471101592790012" y="-4.707322158903403" />
<Platform type="Platform" material="" x="4.751101592790012" y="-4.707322158903403" />
<Platform type="Platform" material="" x="8.561101592790012" y="-3.467322158903403" />
<Platform type="Platform" material="" x="4.661101592790012" y="-3.467322158903403" />
<Platform type="Platform" material="" x="8.561101592790012" y="-4.087322158903403" />
<Platform type="Platform" material="" x="4.661101592790012" y="-4.087322158903403" />
<Platform type="Platform" material="" x="8.561101592790012" y="-4.707322158903403" />
<Platform type="Platform" material="" x="4.661101592790012" y="-4.707322158903403" />
<Platform type="Platform" material="" x="1.1179121153089726" y="-3.605985491159239" rotation="-6.6453992608593895" scaleX="1.775804489813536" />
<Platform type="Platform" material="" x="1.1179121153089726" y="-4.225985491159239" rotation="-6.6453992608593895" scaleX="1.775804489813536" />
<Platform type="Platform" material="" x="1.1537866265190946" y="-3.669691609236039" rotation="0.0" scaleX="1.775804489813536" />
<Platform type="Platform" material="" x="1.1537866265190946" y="-4.289691609236039" rotation="0.0" scaleX="1.775804489813536" />
<Platform type="Platform" material="" x="1.1537866265190946" y="-4.909691609236039" rotation="0.0" scaleX="1.775804489813536" />
<Platform type="Platform" material="" x="4.330844507852056" y="-3.568506884069721" rotation="30.00000000000001" scaleX="0.6528046784923743" />
<Platform type="Platform" material="" x="4.330844507852056" y="-4.188506884069721" rotation="30.00000000000001" scaleX="0.6528046784923743" />
<Platform type="Platform" material="" x="4.175844507852057" y="-3.669691609236039" rotation="0.0" scaleX="0.6528046784923743" />
<Platform type="Platform" material="" x="4.175844507852057" y="-4.289691609236039" rotation="0.0" scaleX="0.6528046784923743" />
<Platform type="Platform" material="" x="4.175844507852057" y="-4.909691609236039" rotation="0.0" scaleX="0.6528046784923743" />
</GameObjects>
</Level>
