<?xml version="1.0" encoding="utf-16"?>
<Level width ="2">
<Camera x="0" y="2" minWidth="20" maxWidth="30">
<Score highScore ="29000">
<Birds>
<Bird type="BirdBlack"/>
<Bird type="BirdYellow"/>
<Bird type="BirdBlue"/>
</Birds>
<Slingshot x="-8" y="-2.5">
<GameObjects>
<Block type="RectTiny" material="stone" x="-2.7352276568" y="-3.39" rotation="0" />
<Block type="RectTiny" material="stone" x="-1.0852276568" y="-3.39" rotation="0" />
<Block type="RectTiny" material="stone" x="0.5647723432" y="-3.39" rotation="0" />
<Block type="RectMedium" material="stone" x="-2.0052276568" y="-3.17" rotation="0" />
<Block type="RectMedium" material="stone" x="-0.1652276568" y="-3.17" rotation="0" />
<Block type="RectSmall" material="wood" x="-2.0052276568" y="-2.635" rotation="90" />
<Block type="RectFat" material="stone" x="-0.1652276568" y="-2.635" rotation="90" />
<Block type="RectBig" material="stone" x="-1.0852276567935564" y="-2.1" rotation="0" />
<Block type="SquareTiny" material="ice" x="2.1930435582" y="-3.09222841683692" rotation="0" />
<Block type="SquareTiny" material="ice" x="2.5030435582" y="-3.09222841683692" rotation="0" />
<Block type="SquareTiny" material="ice" x="2.8130435582" y="-3.09222841683692" rotation="0" />
<Block type="SquareTiny" material="stone" x="4.2480435582" y="-3.09222841683692" rotation="0" />
<Block type="SquareTiny" material="stone" x="4.5580435582" y="-3.09222841683692" rotation="0" />
<Block type="SquareTiny" material="wood" x="4.8680435582" y="-3.09222841683692" rotation="0" />
<Block type="SquareHole" material="ice" x="2.5030435582" y="-2.56222841683692" rotation="0" />
<Block type="SquareHole" material="stone" x="4.5580435582" y="-2.56222841683692" rotation="0" />
<Block type="RectFat" material="ice" x="2.5030435582" y="-1.9272284168369198" rotation="0" />
<Block type="RectFat" material="stone" x="4.5580435582" y="-1.9272284168369198" rotation="0" />
<Block type="SquareHole" material="ice" x="2.5030435582" y="-1.2922284168369198" rotation="0" />
<Block type="SquareHole" material="stone" x="4.5580435582" y="-1.2922284168369198" rotation="0" />
<Block type="SquareTiny" material="wood" x="2.6105435582" y="-0.7622284168369198" rotation="0" />
<Block type="SquareTiny" material="stone" x="4.4505435582" y="-0.7622284168369198" rotation="0" />
<Block type="RectBig" material="ice" x="3.5305435582" y="-0.5422284168369197" rotation="0" />
<Block type="RectTiny" material="wood" x="2.8005435582" y="-0.3222284168369197" rotation="0" />
<Block type="RectSmall" material="ice" x="3.5305435582" y="-0.3222284168369197" rotation="0" />
<Block type="RectTiny" material="stone" x="4.2605435582" y="-0.3222284168369197" rotation="0" />
<Block type="RectMedium" material="ice" x="3.5305435582" y="-0.10222841683691974" rotation="0" />
<Block type="RectMedium" material="ice" x="3.5305435582" y="0.11777158316308028" rotation="0" />
<Block type="SquareTiny" material="wood" x="3.5305435581901485" y="0.33777158316308026" rotation="0" />
<Block type="RectSmall" material="stone" x="6.535771215" y="-2.418328155717468" rotation="90" />
<Block type="RectSmall" material="stone" x="7.075771215" y="-2.418328155717468" rotation="90" />
<Block type="RectSmall" material="stone" x="7.615771215" y="-2.418328155717468" rotation="90" />
<Block type="RectSmall" material="wood" x="8.155771215" y="-2.418328155717468" rotation="90" />
<Block type="RectSmall" material="wood" x="8.695771215" y="-2.418328155717468" rotation="90" />
<Block type="RectTiny" material="stone" x="6.535771215" y="-1.778328155717468" rotation="90" />
<Block type="RectTiny" material="ice" x="7.075771215" y="-1.778328155717468" rotation="90" />
<Block type="RectTiny" material="wood" x="7.615771215" y="-1.778328155717468" rotation="90" />
<Block type="RectTiny" material="wood" x="8.155771215" y="-1.778328155717468" rotation="90" />
<Block type="RectTiny" material="wood" x="8.695771215" y="-1.778328155717468" rotation="90" />
<Block type="RectTiny" material="stone" x="6.535771215" y="-1.3483281557174678" rotation="90" />
<Block type="RectTiny" material="stone" x="7.075771215" y="-1.3483281557174678" rotation="90" />
<Block type="RectTiny" material="wood" x="7.615771215" y="-1.3483281557174678" rotation="90" />
<Block type="RectTiny" material="wood" x="8.155771215" y="-1.3483281557174678" rotation="90" />
<Block type="RectTiny" material="wood" x="8.695771215" y="-1.3483281557174678" rotation="90" />
<Block type="RectSmall" material="wood" x="6.535771215" y="-0.7083281557174679" rotation="90" />
<Block type="RectSmall" material="wood" x="7.075771215" y="-0.7083281557174679" rotation="90" />
<Block type="RectSmall" material="wood" x="7.615771215" y="-0.7083281557174679" rotation="90" />
<Block type="RectSmall" material="wood" x="8.155771215" y="-0.7083281557174679" rotation="90" />
<Block type="RectSmall" material="wood" x="8.695771215" y="-0.7083281557174679" rotation="90" />
<Block type="RectBig" material="ice" x="3.3205604957473147" y="2.4550253116" rotation="0" />
<Block type="CircleSmall" material="wood" x="3.5305435582" y="0.6727715832" rotation="0" />
<Block type="CircleSmall" material="stone" x="4.0905435582" y="0.4527715832" rotation="0" />
<Block type="Circle" material="ice" x="8.695771215" y="0.1166718443" rotation="0" />
<Block type="CircleSmall" material="wood" x="-0.7252276568" y="-2.835" rotation="0" />
<Block type="Triangle" material="wood" x="-1.0852276568" y="-1.58" rotation="0.0" />
<Block type="TriangleHole" material="wood" x="7.615771215" y="0.1266718443" rotation="0" />
<Block type="Circle" material="stone" x="6.535771215" y="0.1166718443" rotation="0" />
<Block type="Triangle" material="ice" x="-2.5652276568" y="-2.65" rotation="90.0" />
<Block type="CircleSmall" material="wood" x="-1.7718943235" y="-1.765" rotation="0" />
<Block type="CircleSmall" material="wood" x="0.3947723432" y="-2.835" rotation="0" />
<Block type="CircleSmall" material="stone" x="-0.3985609901" y="-1.765" rotation="0" />
<Block type="CircleSmall" material="wood" x="4.8380435582" y="-0.6472284168" rotation="0" />
<Block type="CircleSmall" material="wood" x="2.9705435582" y="0.4527715832" rotation="0" />
<Block type="CircleSmall" material="stone" x="2.2230435582" y="-0.6472284168" rotation="0" />
<Pig type="BasicSmall" material="" x="-1.4452276568" y="-2.835" rotation="0" />
<TNT type="" x="3.1730435582" y="-2.97722841683692" rotation="0" />
<TNT type="" x="4.0072271624" y="2.7900253116" rotation="0" />
<Platform type="Platform" material="" x="2.390560495747315" y="2.0350253116371517" />
<Platform type="Platform" material="" x="3.0105604957473147" y="2.0350253116371517" />
<Platform type="Platform" material="" x="3.6305604957473148" y="2.0350253116371517" />
<Platform type="Platform" material="" x="4.250560495747314" y="2.0350253116371517" />
<Platform type="Platform" material="" x="-1.0852276567935564" y="-3.81" />
<Platform type="Platform" material="" x="-1.0852276567935564" y="-4.43" />
<Platform type="Platform" material="" x="-1.0852276567935564" y="-5.05" />
<Platform type="Platform" material="" x="-0.4652276567935564" y="-3.81" />
<Platform type="Platform" material="" x="-1.7052276567935563" y="-3.81" />
<Platform type="Platform" material="" x="-0.4652276567935564" y="-4.43" />
<Platform type="Platform" material="" x="-1.7052276567935563" y="-4.43" />
<Platform type="Platform" material="" x="-0.4652276567935564" y="-5.05" />
<Platform type="Platform" material="" x="-1.7052276567935563" y="-5.05" />
<Platform type="Platform" material="" x="0.15477234320644362" y="-3.81" />
<Platform type="Platform" material="" x="-2.3252276567935564" y="-3.81" />
<Platform type="Platform" material="" x="0.15477234320644362" y="-4.43" />
<Platform type="Platform" material="" x="-2.3252276567935564" y="-4.43" />
<Platform type="Platform" material="" x="0.15477234320644362" y="-5.05" />
<Platform type="Platform" material="" x="-2.3252276567935564" y="-5.05" />
<Platform type="Platform" material="" x="0.4697723432064436" y="-3.81" />
<Platform type="Platform" material="" x="-2.6402276567935563" y="-3.81" />
<Platform type="Platform" material="" x="0.4697723432064436" y="-4.43" />
<Platform type="Platform" material="" x="-2.6402276567935563" y="-4.43" />
<Platform type="Platform" material="" x="0.4697723432064436" y="-5.05" />
<Platform type="Platform" material="" x="-2.6402276567935563" y="-5.05" />
<Platform type="Platform" material="" x="3.5305435581901485" y="-3.5122284168369196" />
<Platform type="Platform" material="" x="3.5305435581901485" y="-4.13222841683692" />
<Platform type="Platform" material="" x="3.5305435581901485" y="-4.752228416836919" />
<Platform type="Platform" material="" x="4.150543558190148" y="-3.5122284168369196" />
<Platform type="Platform" material="" x="2.9105435581901484" y="-3.5122284168369196" />
<Platform type="Platform" material="" x="4.150543558190148" y="-4.13222841683692" />
<Platform type="Platform" material="" x="2.9105435581901484" y="-4.13222841683692" />
<Platform type="Platform" material="" x="4.150543558190148" y="-4.752228416836919" />
<Platform type="Platform" material="" x="2.9105435581901484" y="-4.752228416836919" />
<Platform type="Platform" material="" x="4.673043558190149" y="-3.5122284168369196" />
<Platform type="Platform" material="" x="2.3880435581901476" y="-3.5122284168369196" />
<Platform type="Platform" material="" x="4.673043558190149" y="-4.13222841683692" />
<Platform type="Platform" material="" x="2.3880435581901476" y="-4.13222841683692" />
<Platform type="Platform" material="" x="4.673043558190149" y="-4.752228416836919" />
<Platform type="Platform" material="" x="2.3880435581901476" y="-4.752228416836919" />
<Platform type="Platform" material="" x="7.615771214983705" y="-3.153328155717468" />
<Platform type="Platform" material="" x="7.615771214983705" y="-3.7733281557174676" />
<Platform type="Platform" material="" x="7.615771214983705" y="-4.393328155717468" />
<Platform type="Platform" material="" x="8.235771214983705" y="-3.153328155717468" />
<Platform type="Platform" material="" x="6.995771214983705" y="-3.153328155717468" />
<Platform type="Platform" material="" x="8.235771214983705" y="-3.7733281557174676" />
<Platform type="Platform" material="" x="6.995771214983705" y="-3.7733281557174676" />
<Platform type="Platform" material="" x="8.235771214983705" y="-4.393328155717468" />
<Platform type="Platform" material="" x="6.995771214983705" y="-4.393328155717468" />
<Platform type="Platform" material="" x="8.495771214983705" y="-3.153328155717468" />
<Platform type="Platform" material="" x="6.735771214983705" y="-3.153328155717468" />
<Platform type="Platform" material="" x="8.495771214983705" y="-3.7733281557174676" />
<Platform type="Platform" material="" x="6.735771214983705" y="-3.7733281557174676" />
<Platform type="Platform" material="" x="8.495771214983705" y="-4.393328155717468" />
<Platform type="Platform" material="" x="6.735771214983705" y="-4.393328155717468" />
<Platform type="Platform" material="" x="1.4982100811989296" y="-3.66111420841846" rotation="12.91793677419549" scaleX="2.148358073640726" />
<Platform type="Platform" material="" x="1.4982100811989296" y="-4.28111420841846" rotation="12.91793677419549" scaleX="2.148358073640726" />
<Platform type="Platform" material="" x="1.4289079506982956" y="-3.81" rotation="0.0" scaleX="2.148358073640726" />
<Platform type="Platform" material="" x="1.4289079506982956" y="-4.43" rotation="0.0" scaleX="2.148358073640726" />
<Platform type="Platform" material="" x="1.4289079506982956" y="-5.05" rotation="0.0" scaleX="2.148358073640726" />
<Platform type="Platform" material="" x="5.779243729972547" y="-3.3327782862771937" rotation="13.96963054439823" scaleX="2.3979008385678" />
<Platform type="Platform" material="" x="5.779243729972547" y="-3.952778286277194" rotation="13.96963054439823" scaleX="2.3979008385678" />
<Platform type="Platform" material="" x="5.704407386586928" y="-3.5122284168369196" rotation="0.0" scaleX="2.3979008385678" />
<Platform type="Platform" material="" x="5.704407386586928" y="-4.132228416836919" rotation="0.0" scaleX="2.3979008385678" />
<Platform type="Platform" material="" x="5.704407386586928" y="-4.752228416836919" rotation="0.0" scaleX="2.3979008385678" />
</GameObjects>
</Level>
