<?xml version="1.0" encoding="utf-16"?>
<Level width ="2">
<Camera x="0" y="2" minWidth="20" maxWidth="30">
<Score highScore ="64750">
<Birds>
<Bird type="BirdRed"/>
<Bird type="BirdYellow"/>
<Bird type="BirdBlue"/>
<Bird type="BirdBlack"/>
</Birds>
<Slingshot x="-8" y="-2.5">
<GameObjects>
<Block type="RectTiny" material="ice" x="-1.5510393763" y="-3.329881784027927" rotation="0" />
<Block type="RectTiny" material="ice" x="-0.0910393763" y="-3.329881784027927" rotation="0" />
<Block type="RectMedium" material="wood" x="-0.8210393763" y="-3.1098817840279267" rotation="0" />
<Block type="RectMedium" material="ice" x="-0.8210393763" y="-2.889881784027927" rotation="0" />
<Block type="SquareTiny" material="wood" x="-1.3810393763" y="-2.6698817840279268" rotation="0" />
<Block type="RectTiny" material="wood" x="-0.8210393763" y="-2.6698817840279268" rotation="0" />
<Block type="RectTiny" material="wood" x="-0.2610393763" y="-2.6698817840279268" rotation="0" />
<Block type="RectBig" material="ice" x="-1.3810393763" y="-1.5298817840279268" rotation="90" />
<Block type="RectBig" material="ice" x="-0.8210393763" y="-1.5298817840279268" rotation="90" />
<Block type="RectBig" material="wood" x="-0.2610393763" y="-1.5298817840279268" rotation="90" />
<Block type="RectSmall" material="ice" x="-1.3810393763" y="-0.07488178402792678" rotation="90" />
<Block type="RectSmall" material="ice" x="-0.8210393763" y="-0.07488178402792678" rotation="90" />
<Block type="RectSmall" material="ice" x="-0.2610393763" y="-0.07488178402792678" rotation="90" />
<Block type="RectSmall" material="wood" x="1.8744803449" y="-3.220368857382685" rotation="0" />
<Block type="RectSmall" material="ice" x="2.9019803449" y="-3.220368857382685" rotation="0" />
<Block type="RectSmall" material="wood" x="3.9294803449" y="-3.220368857382685" rotation="0" />
<Block type="SquareSmall" material="wood" x="1.9819803449" y="-2.895368857382685" rotation="0" />
<Block type="SquareSmall" material="ice" x="2.9019803449" y="-2.895368857382685" rotation="0" />
<Block type="SquareSmall" material="wood" x="3.8219803449" y="-2.895368857382685" rotation="0" />
<Block type="RectFat" material="wood" x="1.9819803449" y="-2.2553688573826847" rotation="90" />
<Block type="RectFat" material="wood" x="2.9019803449" y="-2.2553688573826847" rotation="90" />
<Block type="RectFat" material="stone" x="3.8219803449" y="-2.2553688573826847" rotation="90" />
<Block type="RectTiny" material="wood" x="1.9819803449" y="-1.720368857382685" rotation="0" />
<Block type="RectTiny" material="stone" x="2.9019803449" y="-1.720368857382685" rotation="0" />
<Block type="RectTiny" material="wood" x="3.8219803449" y="-1.720368857382685" rotation="0" />
<Block type="SquareSmall" material="stone" x="1.9819803449" y="-1.3953688573826848" rotation="0" />
<Block type="RectTiny" material="stone" x="2.9019803449" y="-1.3953688573826848" rotation="90" />
<Block type="SquareSmall" material="ice" x="3.8219803449" y="-1.3953688573826848" rotation="0" />
<Block type="RectMedium" material="ice" x="2.9019803449" y="-1.070368857382685" rotation="0" />
<Block type="RectFat" material="ice" x="2.5869803449" y="-0.5353688573826849" rotation="90" />
<Block type="RectSmall" material="stone" x="3.2169803449" y="-0.5353688573826849" rotation="90" />
<Block type="RectFat" material="stone" x="2.9019803448504233" y="0.10463114261731504" rotation="0" />
<Block type="RectSmall" material="wood" x="5.0730197212" y="-2.683000725368513" rotation="90" />
<Block type="RectSmall" material="stone" x="5.3830197212" y="-2.683000725368513" rotation="90" />
<Block type="RectSmall" material="wood" x="5.8030197212" y="-2.683000725368513" rotation="90" />
<Block type="RectSmall" material="wood" x="6.2230197212" y="-2.683000725368513" rotation="90" />
<Block type="RectSmall" material="wood" x="6.5330197212" y="-2.683000725368513" rotation="90" />
<Block type="RectSmall" material="wood" x="6.9130197212" y="-2.683000725368513" rotation="90" />
<Block type="RectSmall" material="stone" x="7.2230197212" y="-2.683000725368513" rotation="90" />
<Block type="RectSmall" material="wood" x="7.6430197212" y="-2.683000725368513" rotation="90" />
<Block type="RectSmall" material="ice" x="8.0630197212" y="-2.683000725368513" rotation="90" />
<Block type="RectSmall" material="stone" x="8.3730197212" y="-2.683000725368513" rotation="90" />
<Block type="SquareTiny" material="ice" x="5.0730197212" y="-2.148000725368513" rotation="0" />
<Block type="SquareTiny" material="ice" x="5.3830197212" y="-2.148000725368513" rotation="0" />
<Block type="SquareTiny" material="stone" x="5.8030197212" y="-2.148000725368513" rotation="0" />
<Block type="SquareTiny" material="ice" x="6.2230197212" y="-2.148000725368513" rotation="0" />
<Block type="SquareTiny" material="ice" x="6.5330197212" y="-2.148000725368513" rotation="0" />
<Block type="SquareTiny" material="wood" x="6.9130197212" y="-2.148000725368513" rotation="0" />
<Block type="SquareTiny" material="stone" x="7.2230197212" y="-2.148000725368513" rotation="0" />
<Block type="SquareTiny" material="ice" x="7.6430197212" y="-2.148000725368513" rotation="0" />
<Block type="SquareTiny" material="stone" x="8.0630197212" y="-2.148000725368513" rotation="0" />
<Block type="SquareTiny" material="ice" x="8.3730197212" y="-2.148000725368513" rotation="0" />
<Block type="SquareTiny" material="wood" x="5.0730197212" y="-1.9280007253685127" rotation="0" />
<Block type="SquareTiny" material="wood" x="5.3830197212" y="-1.9280007253685127" rotation="0" />
<Block type="SquareTiny" material="wood" x="5.8030197212" y="-1.9280007253685127" rotation="0" />
<Block type="SquareTiny" material="stone" x="6.2230197212" y="-1.9280007253685127" rotation="0" />
<Block type="SquareTiny" material="stone" x="6.5330197212" y="-1.9280007253685127" rotation="0" />
<Block type="SquareTiny" material="ice" x="6.9130197212" y="-1.9280007253685127" rotation="0" />
<Block type="SquareTiny" material="ice" x="7.2230197212" y="-1.9280007253685127" rotation="0" />
<Block type="SquareTiny" material="wood" x="7.6430197212" y="-1.9280007253685127" rotation="0" />
<Block type="SquareTiny" material="stone" x="8.0630197212" y="-1.9280007253685127" rotation="0" />
<Block type="SquareTiny" material="stone" x="8.3730197212" y="-1.9280007253685127" rotation="0" />
<Block type="RectMedium" material="ice" x="5.8030197212" y="-1.708000725368513" rotation="0" />
<Block type="RectMedium" material="stone" x="7.6430197212" y="-1.708000725368513" rotation="0" />
<Block type="RectBig" material="stone" x="6.7230197212" y="-1.4880007253685128" rotation="0" />
<Block type="RectTiny" material="wood" x="5.9930197212" y="-1.163000725368513" rotation="90" />
<Block type="RectTiny" material="wood" x="6.6130197212" y="-1.163000725368513" rotation="90" />
<Block type="RectTiny" material="wood" x="6.8330197212" y="-1.163000725368513" rotation="90" />
<Block type="SquareSmall" material="stone" x="7.4530197212" y="-1.163000725368513" rotation="0" />
<Block type="SquareTiny" material="wood" x="5.9930197212" y="-0.838000725368513" rotation="0" />
<Block type="SquareTiny" material="stone" x="6.6130197212" y="-0.838000725368513" rotation="0" />
<Block type="SquareTiny" material="ice" x="6.8330197212" y="-0.838000725368513" rotation="0" />
<Block type="SquareTiny" material="wood" x="7.4530197212" y="-0.838000725368513" rotation="0" />
<Block type="SquareTiny" material="ice" x="5.9930197212" y="-0.618000725368513" rotation="0" />
<Block type="SquareTiny" material="stone" x="6.6130197212" y="-0.618000725368513" rotation="0" />
<Block type="SquareTiny" material="wood" x="6.8330197212" y="-0.618000725368513" rotation="0" />
<Block type="SquareTiny" material="wood" x="7.4530197212" y="-0.618000725368513" rotation="0" />
<Block type="SquareHole" material="ice" x="6.3030197212" y="-0.088000725368513" rotation="0" />
<Block type="SquareHole" material="ice" x="7.1430197212" y="-0.088000725368513" rotation="0" />
<Block type="RectMedium" material="ice" x="6.7230197212" y="0.44199927463148697" rotation="0" />
<Block type="RectSmall" material="wood" x="6.723019721198563" y="0.661999274631487" rotation="0" />
<Block type="RectFat" material="ice" x="1.4897771172" y="2.409168818" rotation="0" />
<Block type="RectFat" material="ice" x="2.8197771172" y="2.409168818" rotation="0" />
<Block type="RectMedium" material="wood" x="1.5447771172" y="3.464168818" rotation="90" />
<Block type="RectMedium" material="ice" x="2.7647771172" y="3.464168818" rotation="90" />
<Block type="RectMedium" material="stone" x="-2.3705658275079986" y="-2.66" rotation="90" />
<Block type="TriangleHole" material="wood" x="6.4396863879" y="1.1819992746" rotation="0" />
<Block type="CircleSmall" material="stone" x="3.1031104505" y="2.849168818" rotation="0" />
<Block type="CircleSmall" material="stone" x="-0.8210393763" y="0.575118216" rotation="0" />
<Block type="CircleSmall" material="wood" x="2.6186470115" y="0.5446311426" rotation="0" />
<Block type="Circle" material="wood" x="1.5447771172" y="4.704168818" rotation="0" />
<Block type="CircleSmall" material="wood" x="-1.3810393763" y="0.575118216" rotation="0" />
<Block type="CircleSmall" material="stone" x="3.1853136782" y="0.5446311426" rotation="0" />
<Block type="CircleSmall" material="wood" x="1.2064437839" y="2.849168818" rotation="0" />
<Pig type="BasicSmall" material="" x="-0.2610393763" y="0.5751182159720732" rotation="0" />
<Pig type="BasicSmall" material="" x="8.2030197212" y="-1.373000725368513" rotation="0" />
<Pig type="BasicSmall" material="" x="2.7647771172" y="4.529168818" rotation="0" />
<Pig type="BasicSmall" material="" x="5.2430197212" y="-1.373000725368513" rotation="0" />
<TNT type="" x="7.2830197212" y="0.996999274631487" rotation="0" />
<Platform type="Platform" material="" x="0.6047771171560343" y="1.884168818038011" />
<Platform type="Platform" material="" x="1.2247771171560344" y="1.884168818038011" />
<Platform type="Platform" material="" x="1.8447771171560343" y="1.884168818038011" />
<Platform type="Platform" material="" x="2.4647771171560344" y="1.884168818038011" />
<Platform type="Platform" material="" x="3.084777117156034" y="1.884168818038011" />
<Platform type="Platform" material="" x="3.704777117156034" y="1.884168818038011" />
<Platform type="Platform" material="" x="-0.8210393763481396" y="-3.749881784027927" />
<Platform type="Platform" material="" x="-0.8210393763481396" y="-4.3698817840279265" />
<Platform type="Platform" material="" x="-0.8210393763481396" y="-4.989881784027927" />
<Platform type="Platform" material="" x="-0.20103937634813962" y="-3.749881784027927" />
<Platform type="Platform" material="" x="-1.4410393763481397" y="-3.749881784027927" />
<Platform type="Platform" material="" x="-0.20103937634813962" y="-4.3698817840279265" />
<Platform type="Platform" material="" x="-1.4410393763481397" y="-4.3698817840279265" />
<Platform type="Platform" material="" x="-0.20103937634813962" y="-4.989881784027927" />
<Platform type="Platform" material="" x="-1.4410393763481397" y="-4.989881784027927" />
<Platform type="Platform" material="" x="-0.18603937634813966" y="-3.749881784027927" />
<Platform type="Platform" material="" x="-1.4560393763481396" y="-3.749881784027927" />
<Platform type="Platform" material="" x="-0.18603937634813966" y="-4.3698817840279265" />
<Platform type="Platform" material="" x="-1.4560393763481396" y="-4.3698817840279265" />
<Platform type="Platform" material="" x="-0.18603937634813966" y="-4.989881784027927" />
<Platform type="Platform" material="" x="-1.4560393763481396" y="-4.989881784027927" />
<Platform type="Platform" material="" x="2.9019803448504233" y="-3.640368857382685" />
<Platform type="Platform" material="" x="2.9019803448504233" y="-4.260368857382685" />
<Platform type="Platform" material="" x="2.9019803448504233" y="-4.880368857382685" />
<Platform type="Platform" material="" x="3.5219803448504234" y="-3.640368857382685" />
<Platform type="Platform" material="" x="2.2819803448504232" y="-3.640368857382685" />
<Platform type="Platform" material="" x="3.5219803448504234" y="-4.260368857382685" />
<Platform type="Platform" material="" x="2.2819803448504232" y="-4.260368857382685" />
<Platform type="Platform" material="" x="3.5219803448504234" y="-4.880368857382685" />
<Platform type="Platform" material="" x="2.2819803448504232" y="-4.880368857382685" />
<Platform type="Platform" material="" x="4.044480344850424" y="-3.640368857382685" />
<Platform type="Platform" material="" x="1.7594803448504224" y="-3.640368857382685" />
<Platform type="Platform" material="" x="4.044480344850424" y="-4.260368857382685" />
<Platform type="Platform" material="" x="1.7594803448504224" y="-4.260368857382685" />
<Platform type="Platform" material="" x="4.044480344850424" y="-4.880368857382685" />
<Platform type="Platform" material="" x="1.7594803448504224" y="-4.880368857382685" />
<Platform type="Platform" material="" x="6.723019721198563" y="-3.418000725368513" />
<Platform type="Platform" material="" x="6.723019721198563" y="-4.038000725368513" />
<Platform type="Platform" material="" x="6.723019721198563" y="-4.658000725368513" />
<Platform type="Platform" material="" x="7.343019721198563" y="-3.418000725368513" />
<Platform type="Platform" material="" x="6.103019721198563" y="-3.418000725368513" />
<Platform type="Platform" material="" x="7.343019721198563" y="-4.038000725368513" />
<Platform type="Platform" material="" x="6.103019721198563" y="-4.038000725368513" />
<Platform type="Platform" material="" x="7.343019721198563" y="-4.658000725368513" />
<Platform type="Platform" material="" x="6.103019721198563" y="-4.658000725368513" />
<Platform type="Platform" material="" x="7.963019721198563" y="-3.418000725368513" />
<Platform type="Platform" material="" x="5.483019721198563" y="-3.418000725368513" />
<Platform type="Platform" material="" x="7.963019721198563" y="-4.038000725368513" />
<Platform type="Platform" material="" x="5.483019721198563" y="-4.038000725368513" />
<Platform type="Platform" material="" x="7.963019721198563" y="-4.658000725368513" />
<Platform type="Platform" material="" x="5.483019721198563" y="-4.658000725368513" />
<Platform type="Platform" material="" x="8.173019721198562" y="-3.418000725368513" />
<Platform type="Platform" material="" x="5.273019721198563" y="-3.418000725368513" />
<Platform type="Platform" material="" x="8.173019721198562" y="-4.038000725368513" />
<Platform type="Platform" material="" x="5.273019721198563" y="-4.038000725368513" />
<Platform type="Platform" material="" x="8.173019721198562" y="-4.658000725368513" />
<Platform type="Platform" material="" x="5.273019721198563" y="-4.658000725368513" />
<Platform type="Platform" material="" x="0.8122453637949084" y="-3.695125320705306" rotation="4.722985236485559" scaleX="2.145219264550538" />
<Platform type="Platform" material="" x="0.8122453637949084" y="-4.315125320705306" rotation="4.722985236485559" scaleX="2.145219264550538" />
<Platform type="Platform" material="" x="0.7867204842511414" y="-3.749881784027927" rotation="0.0" scaleX="2.145219264550538" />
<Platform type="Platform" material="" x="0.7867204842511414" y="-4.3698817840279265" rotation="0.0" scaleX="2.145219264550538" />
<Platform type="Platform" material="" x="0.7867204842511414" y="-4.989881784027927" rotation="0.0" scaleX="2.145219264550538" />
<Platform type="Platform" material="" x="4.765147111368719" y="-3.5291847913755987" rotation="20.072955045249913" scaleX="1.044991720988538" />
<Platform type="Platform" material="" x="4.765147111368719" y="-4.149184791375599" rotation="20.072955045249913" scaleX="1.044991720988538" />
<Platform type="Platform" material="" x="4.658750033024493" y="-3.640368857382685" rotation="0.0" scaleX="1.044991720988538" />
<Platform type="Platform" material="" x="4.658750033024493" y="-4.260368857382685" rotation="0.0" scaleX="1.044991720988538" />
<Platform type="Platform" material="" x="4.658750033024493" y="-4.880368857382685" rotation="0.0" scaleX="1.044991720988538" />
</GameObjects>
</Level>
