<?xml version="1.0" encoding="utf-16"?>
<Level width ="2">
<Camera x="0" y="2" minWidth="20" maxWidth="30">
<Score highScore ="65210">
<Birds>
<Bird type="BirdRed"/>
<Bird type="BirdBlue"/>
<Bird type="BirdBlack"/>
<Bird type="BirdYellow"/>
</Birds>
<Slingshot x="-8" y="-2.5">
<GameObjects>
<Block type="SquareHole" material="stone" x="-2.0886998807" y="-2.926443592624213" rotation="0" />
<Block type="SquareHole" material="ice" x="-0.9986998807" y="-2.926443592624213" rotation="0" />
<Block type="SquareHole" material="ice" x="0.0913001193" y="-2.926443592624213" rotation="0" />
<Block type="RectSmall" material="ice" x="-1.7736998807" y="-2.396443592624213" rotation="0" />
<Block type="RectSmall" material="ice" x="-0.2236998807" y="-2.396443592624213" rotation="0" />
<Block type="RectFat" material="ice" x="-1.7736998807" y="-2.071443592624213" rotation="0" />
<Block type="RectFat" material="stone" x="-0.2236998807" y="-2.071443592624213" rotation="0" />
<Block type="RectMedium" material="ice" x="-2.0886998807" y="-1.016443592624213" rotation="90" />
<Block type="RectMedium" material="wood" x="-1.7736998807" y="-1.016443592624213" rotation="90" />
<Block type="RectMedium" material="ice" x="-1.4586998807" y="-1.016443592624213" rotation="90" />
<Block type="RectMedium" material="stone" x="-0.5386998807" y="-1.016443592624213" rotation="90" />
<Block type="RectMedium" material="stone" x="-0.2236998807" y="-1.016443592624213" rotation="90" />
<Block type="RectMedium" material="wood" x="0.0913001193" y="-1.016443592624213" rotation="90" />
<Block type="RectSmall" material="stone" x="-1.7736998807" y="-0.06644359262421298" rotation="0" />
<Block type="RectSmall" material="ice" x="-0.2236998807" y="-0.06644359262421298" rotation="0" />
<Block type="RectTiny" material="wood" x="-2.0686998807" y="0.258556407375787" rotation="90" />
<Block type="RectTiny" material="ice" x="-1.4786998807" y="0.258556407375787" rotation="90" />
<Block type="RectTiny" material="ice" x="-0.5186998807" y="0.258556407375787" rotation="90" />
<Block type="RectTiny" material="wood" x="0.0713001193" y="0.258556407375787" rotation="90" />
<Block type="RectFat" material="ice" x="1.5366392169" y="-2.642057327544687" rotation="90" />
<Block type="RectFat" material="ice" x="2.2566392169" y="-2.642057327544687" rotation="90" />
<Block type="RectFat" material="ice" x="2.9766392169" y="-2.642057327544687" rotation="90" />
<Block type="RectFat" material="ice" x="3.6966392169" y="-2.642057327544687" rotation="90" />
<Block type="RectFat" material="ice" x="4.4166392169" y="-2.642057327544687" rotation="90" />
<Block type="RectTiny" material="stone" x="1.5366392169" y="-2.1070573275446867" rotation="0" />
<Block type="RectTiny" material="stone" x="2.2566392169" y="-2.1070573275446867" rotation="0" />
<Block type="RectTiny" material="stone" x="2.9766392169" y="-2.1070573275446867" rotation="0" />
<Block type="RectTiny" material="stone" x="3.6966392169" y="-2.1070573275446867" rotation="0" />
<Block type="RectTiny" material="stone" x="4.4166392169" y="-2.1070573275446867" rotation="0" />
<Block type="RectTiny" material="ice" x="1.5366392169" y="-1.8870573275446867" rotation="0" />
<Block type="RectTiny" material="ice" x="2.2566392169" y="-1.8870573275446867" rotation="0" />
<Block type="RectTiny" material="ice" x="2.9766392169" y="-1.8870573275446867" rotation="0" />
<Block type="RectTiny" material="ice" x="3.6966392169" y="-1.8870573275446867" rotation="0" />
<Block type="RectTiny" material="ice" x="4.4166392169" y="-1.8870573275446867" rotation="0" />
<Block type="RectFat" material="wood" x="1.5366392169" y="-1.3520573275446868" rotation="90" />
<Block type="RectFat" material="wood" x="2.2566392169" y="-1.3520573275446868" rotation="90" />
<Block type="RectFat" material="wood" x="2.9766392169" y="-1.3520573275446868" rotation="90" />
<Block type="RectFat" material="wood" x="3.6966392169" y="-1.3520573275446868" rotation="90" />
<Block type="RectFat" material="wood" x="4.4166392169" y="-1.3520573275446868" rotation="90" />
<Block type="RectTiny" material="ice" x="1.5366392169" y="-0.8170573275446869" rotation="0" />
<Block type="RectTiny" material="ice" x="2.2566392169" y="-0.8170573275446869" rotation="0" />
<Block type="RectTiny" material="ice" x="2.9766392169" y="-0.8170573275446869" rotation="0" />
<Block type="RectTiny" material="ice" x="3.6966392169" y="-0.8170573275446869" rotation="0" />
<Block type="RectTiny" material="ice" x="4.4166392169" y="-0.8170573275446869" rotation="0" />
<Block type="RectSmall" material="wood" x="1.5366392169" y="-0.2820573275446868" rotation="90" />
<Block type="RectSmall" material="wood" x="2.2566392169" y="-0.2820573275446868" rotation="90" />
<Block type="RectFat" material="wood" x="2.9766392169" y="-0.2820573275446868" rotation="90" />
<Block type="RectFat" material="wood" x="3.6966392169" y="-0.2820573275446868" rotation="90" />
<Block type="RectFat" material="wood" x="4.4166392169" y="-0.2820573275446868" rotation="90" />
<Block type="RectTiny" material="stone" x="5.6353390976" y="-3.285" rotation="90" />
<Block type="RectTiny" material="stone" x="6.2653390976" y="-3.285" rotation="90" />
<Block type="RectTiny" material="stone" x="6.6603390976" y="-3.285" rotation="90" />
<Block type="RectTiny" material="stone" x="7.2903390976" y="-3.285" rotation="90" />
<Block type="RectTiny" material="ice" x="7.6853390976" y="-3.285" rotation="90" />
<Block type="RectTiny" material="ice" x="8.3153390976" y="-3.285" rotation="90" />
<Block type="SquareTiny" material="stone" x="5.6353390976" y="-2.96" rotation="0" />
<Block type="SquareTiny" material="wood" x="6.2653390976" y="-2.96" rotation="0" />
<Block type="SquareTiny" material="stone" x="6.6603390976" y="-2.96" rotation="0" />
<Block type="SquareTiny" material="ice" x="7.2903390976" y="-2.96" rotation="0" />
<Block type="SquareTiny" material="stone" x="7.6853390976" y="-2.96" rotation="0" />
<Block type="SquareTiny" material="ice" x="8.3153390976" y="-2.96" rotation="0" />
<Block type="SquareTiny" material="stone" x="5.6353390976" y="-2.74" rotation="0" />
<Block type="SquareTiny" material="wood" x="6.2653390976" y="-2.74" rotation="0" />
<Block type="SquareTiny" material="stone" x="6.6603390976" y="-2.74" rotation="0" />
<Block type="SquareTiny" material="ice" x="7.2903390976" y="-2.74" rotation="0" />
<Block type="SquareTiny" material="ice" x="7.6853390976" y="-2.74" rotation="0" />
<Block type="SquareTiny" material="ice" x="8.3153390976" y="-2.74" rotation="0" />
<Block type="RectFat" material="stone" x="5.9503390976" y="-2.415" rotation="0" />
<Block type="RectFat" material="stone" x="6.9753390976" y="-2.415" rotation="0" />
<Block type="RectFat" material="stone" x="8.0003390976" y="-2.415" rotation="0" />
<Block type="RectTiny" material="stone" x="6.0553390976" y="-2.09" rotation="0" />
<Block type="SquareTiny" material="stone" x="6.9753390976" y="-2.09" rotation="0" />
<Block type="RectTiny" material="stone" x="7.8953390976" y="-2.09" rotation="0" />
<Block type="RectMedium" material="stone" x="6.9753390976" y="-1.87" rotation="0" />
<Block type="RectMedium" material="stone" x="6.9753390976" y="-1.65" rotation="0" />
<Block type="RectMedium" material="ice" x="6.9753390976" y="-1.43" rotation="0" />
<Block type="SquareTiny" material="wood" x="6.6603390976" y="-1.21" rotation="0" />
<Block type="SquareTiny" material="wood" x="7.2903390976" y="-1.21" rotation="0" />
<Block type="RectSmall" material="wood" x="6.9753390976" y="-0.99" rotation="0" />
<Block type="RectSmall" material="wood" x="6.9753390976" y="-0.77" rotation="0" />
<Block type="RectFat" material="wood" x="6.9753390976" y="-0.445" rotation="0" />
<Block type="RectTiny" material="stone" x="6.7253390976" y="-0.12" rotation="0" />
<Block type="SquareTiny" material="wood" x="7.2253390976" y="-0.12" rotation="0" />
<Block type="RectSmall" material="stone" x="-1.4596508774" y="2.7731225507" rotation="0" />
<Block type="RectSmall" material="stone" x="-0.5896508774" y="2.7731225507" rotation="0" />
<Block type="RectSmall" material="stone" x="0.2803491226" y="2.7731225507" rotation="0" />
<Block type="RectFat" material="stone" x="-1.4596508774" y="3.3081225507" rotation="90" />
<Block type="RectFat" material="stone" x="-0.8296508774" y="3.3081225507" rotation="90" />
<Block type="RectFat" material="wood" x="-0.3496508774" y="3.3081225507" rotation="90" />
<Block type="RectFat" material="ice" x="0.2803491226" y="3.3081225507" rotation="90" />
<Block type="RectFat" material="stone" x="-1.1446508774" y="3.9481225507" rotation="0" />
<Block type="RectFat" material="wood" x="-0.0346508774" y="3.9481225507" rotation="0" />
<Block type="RectFat" material="wood" x="-3.3514964553336215" y="-3.285" rotation="0" />
<Block type="SquareHole" material="wood" x="-3.3514964553336215" y="-2.6500000000000004" rotation="0" />
<Block type="SquareHole" material="wood" x="-3.3514964553336215" y="-1.8100000000000005" rotation="0" />
<Block type="CircleSmall" material="wood" x="-0.0346508774" y="4.3881225507" rotation="0" />
<Block type="CircleSmall" material="wood" x="6.7253390976" y="0.215" rotation="0" />
<Block type="TriangleHole" material="ice" x="3.6966392169" y="0.5529426725" rotation="0" />
<Block type="CircleSmall" material="ice" x="2.2566392169" y="0.3679426725" rotation="0" />
<Block type="Circle" material="ice" x="0.0713001193" y="0.8735564074" rotation="0" />
<Block type="CircleSmall" material="ice" x="4.4166392169" y="0.3679426725" rotation="0" />
<Block type="CircleSmall" material="wood" x="2.9766392169" y="0.3679426725" rotation="0" />
<Block type="CircleSmall" material="stone" x="-1.4786998807" y="0.6985564074" rotation="0" />
<Block type="CircleSmall" material="stone" x="-0.8613175441" y="4.3881225507" rotation="0" />
<Pig type="BasicSmall" material="" x="1.5366392169" y="0.36794267245531315" rotation="0" />
<Pig type="BasicSmall" material="" x="7.2253390976" y="0.215" rotation="0" />
<Pig type="BasicSmall" material="" x="-1.4279842107" y="4.3881225507" rotation="0" />
<Pig type="BasicSmall" material="" x="-0.9986998807" y="-2.281443592624213" rotation="0" />
<Pig type="BasicSmall" material="" x="-2.0686998807" y="0.6985564073757871" rotation="0" />
<Platform type="Platform" material="" x="-2.1396508773857414" y="2.353122550721662" />
<Platform type="Platform" material="" x="-1.5196508773857413" y="2.353122550721662" />
<Platform type="Platform" material="" x="-0.8996508773857412" y="2.353122550721662" />
<Platform type="Platform" material="" x="-0.2796508773857413" y="2.353122550721662" />
<Platform type="Platform" material="" x="0.34034912261425865" y="2.353122550721662" />
<Platform type="Platform" material="" x="0.9603491226142588" y="2.353122550721662" />
<Platform type="Platform" material="" x="-0.9986998806996197" y="-3.656443592624213" />
<Platform type="Platform" material="" x="-0.9986998806996197" y="-4.276443592624213" />
<Platform type="Platform" material="" x="-0.9986998806996197" y="-4.8964435926242125" />
<Platform type="Platform" material="" x="-0.3786998806996197" y="-3.656443592624213" />
<Platform type="Platform" material="" x="-1.6186998806996198" y="-3.656443592624213" />
<Platform type="Platform" material="" x="-0.3786998806996197" y="-4.276443592624213" />
<Platform type="Platform" material="" x="-1.6186998806996198" y="-4.276443592624213" />
<Platform type="Platform" material="" x="-0.3786998806996197" y="-4.8964435926242125" />
<Platform type="Platform" material="" x="-1.6186998806996198" y="-4.8964435926242125" />
<Platform type="Platform" material="" x="0.2013001193003804" y="-3.656443592624213" />
<Platform type="Platform" material="" x="-2.19869988069962" y="-3.656443592624213" />
<Platform type="Platform" material="" x="0.2013001193003804" y="-4.276443592624213" />
<Platform type="Platform" material="" x="-2.19869988069962" y="-4.276443592624213" />
<Platform type="Platform" material="" x="0.2013001193003804" y="-4.8964435926242125" />
<Platform type="Platform" material="" x="-2.19869988069962" y="-4.8964435926242125" />
<Platform type="Platform" material="" x="2.9766392169012317" y="-3.3770573275446867" />
<Platform type="Platform" material="" x="2.9766392169012317" y="-3.997057327544687" />
<Platform type="Platform" material="" x="2.9766392169012317" y="-4.617057327544687" />
<Platform type="Platform" material="" x="3.596639216901232" y="-3.3770573275446867" />
<Platform type="Platform" material="" x="2.3566392169012316" y="-3.3770573275446867" />
<Platform type="Platform" material="" x="3.596639216901232" y="-3.997057327544687" />
<Platform type="Platform" material="" x="2.3566392169012316" y="-3.997057327544687" />
<Platform type="Platform" material="" x="3.596639216901232" y="-4.617057327544687" />
<Platform type="Platform" material="" x="2.3566392169012316" y="-4.617057327544687" />
<Platform type="Platform" material="" x="4.216639216901232" y="-3.3770573275446867" />
<Platform type="Platform" material="" x="1.7366392169012315" y="-3.3770573275446867" />
<Platform type="Platform" material="" x="4.216639216901232" y="-3.997057327544687" />
<Platform type="Platform" material="" x="1.7366392169012315" y="-3.997057327544687" />
<Platform type="Platform" material="" x="4.216639216901232" y="-4.617057327544687" />
<Platform type="Platform" material="" x="1.7366392169012315" y="-4.617057327544687" />
<Platform type="Platform" material="" x="4.321639216901232" y="-3.3770573275446867" />
<Platform type="Platform" material="" x="1.631639216901231" y="-3.3770573275446867" />
<Platform type="Platform" material="" x="4.321639216901232" y="-3.997057327544687" />
<Platform type="Platform" material="" x="1.631639216901231" y="-3.997057327544687" />
<Platform type="Platform" material="" x="4.321639216901232" y="-4.617057327544687" />
<Platform type="Platform" material="" x="1.631639216901231" y="-4.617057327544687" />
<Platform type="Platform" material="" x="6.975339097600852" y="-3.81" />
<Platform type="Platform" material="" x="6.975339097600852" y="-4.43" />
<Platform type="Platform" material="" x="6.975339097600852" y="-5.05" />
<Platform type="Platform" material="" x="7.595339097600852" y="-3.81" />
<Platform type="Platform" material="" x="6.355339097600852" y="-3.81" />
<Platform type="Platform" material="" x="7.595339097600852" y="-4.43" />
<Platform type="Platform" material="" x="6.355339097600852" y="-4.43" />
<Platform type="Platform" material="" x="7.595339097600852" y="-5.05" />
<Platform type="Platform" material="" x="6.355339097600852" y="-5.05" />
<Platform type="Platform" material="" x="8.11533909760085" y="-3.81" />
<Platform type="Platform" material="" x="5.835339097600853" y="-3.81" />
<Platform type="Platform" material="" x="8.11533909760085" y="-4.43" />
<Platform type="Platform" material="" x="5.835339097600853" y="-4.43" />
<Platform type="Platform" material="" x="8.11533909760085" y="-5.05" />
<Platform type="Platform" material="" x="5.835339097600853" y="-5.05" />
<Platform type="Platform" material="" x="1.0175135241917412" y="-3.5167504600844497" rotation="19.023014495399515" scaleX="1.382500014786105" />
<Platform type="Platform" material="" x="1.0175135241917412" y="-4.13675046008445" rotation="19.023014495399515" scaleX="1.382500014786105" />
<Platform type="Platform" material="" x="0.9164696681008057" y="-3.656443592624213" rotation="0.0" scaleX="1.382500014786105" />
<Platform type="Platform" material="" x="0.9164696681008057" y="-4.276443592624213" rotation="0.0" scaleX="1.382500014786105" />
<Platform type="Platform" material="" x="0.9164696681008057" y="-4.896443592624213" rotation="0.0" scaleX="1.382500014786105" />
<Platform type="Platform" material="" x="4.9433369768391335" y="-3.5935286637723434" rotation="-25.847336589593795" scaleX="1.6016858593617092" />
<Platform type="Platform" material="" x="4.9433369768391335" y="-4.213528663772343" rotation="-25.847336589593795" scaleX="1.6016858593617092" />
<Platform type="Platform" material="" x="5.078489157251043" y="-3.81" rotation="0.0" scaleX="1.6016858593617092" />
<Platform type="Platform" material="" x="5.078489157251043" y="-4.43" rotation="0.0" scaleX="1.6016858593617092" />
<Platform type="Platform" material="" x="5.078489157251043" y="-5.05" rotation="0.0" scaleX="1.6016858593617092" />
</GameObjects>
</Level>
