<?xml version="1.0" encoding="utf-16"?>
<Level width ="2">
<Camera x="0" y="2" minWidth="20" maxWidth="30">
<Score highScore ="48460">
<Birds>
<Bird type="BirdYellow"/>
<Bird type="BirdBlack"/>
<Bird type="BirdWhite"/>
<Bird type="BirdYellow"/>
</Birds>
<Slingshot x="-8" y="-2.5">
<GameObjects>
<Block type="SquareHole" material="wood" x="-2.1953023806" y="-3.08" rotation="0" />
<Block type="SquareHole" material="wood" x="-0.5253023806" y="-3.08" rotation="0" />
<Block type="SquareSmall" material="wood" x="-2.0903023806" y="-2.445" rotation="0" />
<Block type="SquareSmall" material="wood" x="-0.6303023806" y="-2.445" rotation="0" />
<Block type="RectMedium" material="wood" x="-1.3603023806" y="-2.12" rotation="0" />
<Block type="SquareHole" material="wood" x="-1.3603023806363614" y="-1.59" rotation="0" />
<Block type="RectBig" material="stone" x="1.4402848551" y="-3.39" rotation="0" />
<Block type="RectBig" material="wood" x="3.9102848551" y="-3.39" rotation="0" />
<Block type="RectMedium" material="stone" x="1.4402848551" y="-3.17" rotation="0" />
<Block type="RectMedium" material="wood" x="3.9102848551" y="-3.17" rotation="0" />
<Block type="RectSmall" material="stone" x="1.7552848551" y="-2.95" rotation="0" />
<Block type="RectSmall" material="wood" x="3.5952848551" y="-2.95" rotation="0" />
<Block type="RectSmall" material="stone" x="1.7552848551" y="-2.73" rotation="0" />
<Block type="RectSmall" material="wood" x="3.5952848551" y="-2.73" rotation="0" />
<Block type="RectFat" material="wood" x="1.7552848551" y="-2.405" rotation="0" />
<Block type="RectFat" material="wood" x="3.5952848551" y="-2.405" rotation="0" />
<Block type="RectBig" material="stone" x="2.6752848551" y="-2.08" rotation="0" />
<Block type="RectTiny" material="wood" x="1.9452848551" y="-1.86" rotation="0" />
<Block type="RectTiny" material="stone" x="2.6752848551" y="-1.86" rotation="0" />
<Block type="RectTiny" material="wood" x="3.4052848551" y="-1.86" rotation="0" />
<Block type="RectMedium" material="stone" x="2.6752848551" y="-1.64" rotation="0" />
<Block type="RectTiny" material="wood" x="1.9852848551" y="-1.315" rotation="90" />
<Block type="RectTiny" material="stone" x="2.3852848551" y="-1.315" rotation="90" />
<Block type="RectTiny" material="wood" x="2.9652848551" y="-1.315" rotation="90" />
<Block type="RectTiny" material="wood" x="3.3652848551" y="-1.315" rotation="90" />
<Block type="SquareHole" material="stone" x="6.0105872357" y="-2.833085309127795" rotation="0" />
<Block type="SquareHole" material="wood" x="8.0605872357" y="-2.833085309127795" rotation="0" />
<Block type="RectFat" material="stone" x="6.1155872357" y="-1.9880853091277948" rotation="90" />
<Block type="RectFat" material="wood" x="7.9555872357" y="-1.9880853091277948" rotation="90" />
<Block type="RectBig" material="stone" x="7.0355872357" y="-1.453085309127795" rotation="0" />
<Block type="SquareTiny" material="stone" x="6.1155872357" y="-1.233085309127795" rotation="0" />
<Block type="SquareTiny" material="stone" x="6.5205872357" y="-1.233085309127795" rotation="0" />
<Block type="SquareTiny" material="stone" x="7.0355872357" y="-1.233085309127795" rotation="0" />
<Block type="SquareTiny" material="wood" x="7.5505872357" y="-1.233085309127795" rotation="0" />
<Block type="SquareTiny" material="ice" x="7.9555872357" y="-1.233085309127795" rotation="0" />
<Block type="RectBig" material="wood" x="7.0355872357" y="-1.0130853091277952" rotation="0" />
<Block type="SquareTiny" material="stone" x="6.2755872357" y="-0.7930853091277951" rotation="0" />
<Block type="SquareTiny" material="stone" x="6.6555872357" y="-0.7930853091277951" rotation="0" />
<Block type="SquareTiny" material="stone" x="7.0355872357" y="-0.7930853091277951" rotation="0" />
<Block type="SquareTiny" material="wood" x="7.4155872357" y="-0.7930853091277951" rotation="0" />
<Block type="SquareTiny" material="wood" x="7.7955872357" y="-0.7930853091277951" rotation="0" />
<Block type="RectTiny" material="stone" x="5.1369832482" y="1.4711910023" rotation="0" />
<Block type="RectTiny" material="ice" x="5.8069832482" y="1.4711910023" rotation="0" />
<Block type="RectTiny" material="ice" x="6.7169832482" y="1.4711910023" rotation="0" />
<Block type="RectTiny" material="stone" x="7.3869832482" y="1.4711910023" rotation="0" />
<Block type="RectTiny" material="wood" x="-2.3532165285" y="1.3689692917" rotation="90" />
<Block type="RectTiny" material="wood" x="-1.9482165285" y="1.3689692917" rotation="90" />
<Block type="RectTiny" material="wood" x="-0.9182165285" y="1.3689692917" rotation="90" />
<Block type="RectTiny" material="wood" x="-0.5132165285" y="1.3689692917" rotation="90" />
<Block type="RectBig" material="wood" x="-1.4332165285" y="1.6939692917" rotation="0" />
<Block type="SquareHole" material="wood" x="-1.4332165285" y="2.2239692917" rotation="0" />
<Block type="RectMedium" material="wood" x="-1.7482165285" y="3.4839692917" rotation="90" />
<Block type="RectMedium" material="wood" x="-1.4332165285" y="3.4839692917" rotation="90" />
<Block type="RectMedium" material="wood" x="-1.1182165285" y="3.4839692917" rotation="90" />
<Block type="RectSmall" material="wood" x="-1.4332165285095597" y="4.4339692917" rotation="0" />
<Block type="CircleSmall" material="stone" x="6.6555872357" y="-0.4580853091" rotation="0" />
<Block type="Circle" material="stone" x="-1.4332165285" y="4.9439692917" rotation="0" />
<Block type="TriangleHole" material="wood" x="0.8802848551" y="-2.65" rotation="0" />
<Block type="CircleSmall" material="wood" x="1.9852848551" y="-0.875" rotation="0" />
<Block type="TriangleHole" material="stone" x="4.4702848551" y="-2.65" rotation="0" />
<Block type="CircleSmall" material="wood" x="-1.0803023806" y="-0.945" rotation="0" />
<Block type="CircleSmall" material="wood" x="-2.1198831952" y="2.0289692917" rotation="0" />
<Block type="CircleSmall" material="wood" x="7.7955872357" y="-0.4580853091" rotation="0" />
<Block type="CircleSmall" material="stone" x="-0.7465498618" y="2.0289692917" rotation="0" />
<Block type="CircleSmall" material="wood" x="-1.6403023806" y="-0.945" rotation="0" />
<Pig type="BasicSmall" material="" x="-1.5253023806" y="-3.275" rotation="0" />
<Pig type="BasicSmall" material="" x="7.3905872357" y="-3.028085309127795" rotation="0" />
<Pig type="BasicSmall" material="" x="6.6805872357" y="-3.028085309127795" rotation="0" />
<Pig type="BasicSmall" material="" x="3.3652848551" y="-0.875" rotation="0" />
<TNT type="" x="5.1369832482" y="1.8061910023" rotation="0" />
<Platform type="Platform" material="" x="4.40198324823111" y="1.0511910023209987" />
<Platform type="Platform" material="" x="5.021983248231109" y="1.0511910023209987" />
<Platform type="Platform" material="" x="5.641983248231109" y="1.0511910023209987" />
<Platform type="Platform" material="" x="6.261983248231109" y="1.0511910023209987" />
<Platform type="Platform" material="" x="6.881983248231109" y="1.0511910023209987" />
<Platform type="Platform" material="" x="7.5019832482311095" y="1.0511910023209987" />
<Platform type="Platform" material="" x="8.121983248231109" y="1.0511910023209987" />
<Platform type="Platform" material="" x="-2.6732165285095597" y="0.8439692917136625" />
<Platform type="Platform" material="" x="-2.0532165285095596" y="0.8439692917136625" />
<Platform type="Platform" material="" x="-1.4332165285095597" y="0.8439692917136625" />
<Platform type="Platform" material="" x="-0.8132165285095597" y="0.8439692917136625" />
<Platform type="Platform" material="" x="-0.19321652850955973" y="0.8439692917136625" />
<Platform type="Platform" material="" x="-1.3603023806363614" y="-3.81" />
<Platform type="Platform" material="" x="-1.3603023806363614" y="-4.43" />
<Platform type="Platform" material="" x="-1.3603023806363614" y="-5.05" />
<Platform type="Platform" material="" x="-0.7403023806363614" y="-3.81" />
<Platform type="Platform" material="" x="-1.9803023806363615" y="-3.81" />
<Platform type="Platform" material="" x="-0.7403023806363614" y="-4.43" />
<Platform type="Platform" material="" x="-1.9803023806363615" y="-4.43" />
<Platform type="Platform" material="" x="-0.7403023806363614" y="-5.05" />
<Platform type="Platform" material="" x="-1.9803023806363615" y="-5.05" />
<Platform type="Platform" material="" x="-0.41530238063636155" y="-3.81" />
<Platform type="Platform" material="" x="-2.3053023806363613" y="-3.81" />
<Platform type="Platform" material="" x="-0.41530238063636155" y="-4.43" />
<Platform type="Platform" material="" x="-2.3053023806363613" y="-4.43" />
<Platform type="Platform" material="" x="-0.41530238063636155" y="-5.05" />
<Platform type="Platform" material="" x="-2.3053023806363613" y="-5.05" />
<Platform type="Platform" material="" x="2.6752848550727437" y="-3.81" />
<Platform type="Platform" material="" x="2.6752848550727437" y="-4.43" />
<Platform type="Platform" material="" x="2.6752848550727437" y="-5.05" />
<Platform type="Platform" material="" x="3.295284855072744" y="-3.81" />
<Platform type="Platform" material="" x="2.0552848550727436" y="-3.81" />
<Platform type="Platform" material="" x="3.295284855072744" y="-4.43" />
<Platform type="Platform" material="" x="2.0552848550727436" y="-4.43" />
<Platform type="Platform" material="" x="3.295284855072744" y="-5.05" />
<Platform type="Platform" material="" x="2.0552848550727436" y="-5.05" />
<Platform type="Platform" material="" x="3.915284855072744" y="-3.81" />
<Platform type="Platform" material="" x="1.4352848550727435" y="-3.81" />
<Platform type="Platform" material="" x="3.915284855072744" y="-4.43" />
<Platform type="Platform" material="" x="1.4352848550727435" y="-4.43" />
<Platform type="Platform" material="" x="3.915284855072744" y="-5.05" />
<Platform type="Platform" material="" x="1.4352848550727435" y="-5.05" />
<Platform type="Platform" material="" x="4.535284855072744" y="-3.81" />
<Platform type="Platform" material="" x="0.8152848550727435" y="-3.81" />
<Platform type="Platform" material="" x="4.535284855072744" y="-4.43" />
<Platform type="Platform" material="" x="0.8152848550727435" y="-4.43" />
<Platform type="Platform" material="" x="4.535284855072744" y="-5.05" />
<Platform type="Platform" material="" x="0.8152848550727435" y="-5.05" />
<Platform type="Platform" material="" x="4.630284855072744" y="-3.81" />
<Platform type="Platform" material="" x="0.7202848550727438" y="-3.81" />
<Platform type="Platform" material="" x="4.630284855072744" y="-4.43" />
<Platform type="Platform" material="" x="0.7202848550727438" y="-4.43" />
<Platform type="Platform" material="" x="4.630284855072744" y="-5.05" />
<Platform type="Platform" material="" x="0.7202848550727438" y="-5.05" />
<Platform type="Platform" material="" x="7.035587235709105" y="-3.563085309127795" />
<Platform type="Platform" material="" x="7.035587235709105" y="-4.183085309127795" />
<Platform type="Platform" material="" x="7.035587235709105" y="-4.803085309127795" />
<Platform type="Platform" material="" x="7.655587235709105" y="-3.563085309127795" />
<Platform type="Platform" material="" x="6.415587235709105" y="-3.563085309127795" />
<Platform type="Platform" material="" x="7.655587235709105" y="-4.183085309127795" />
<Platform type="Platform" material="" x="6.415587235709105" y="-4.183085309127795" />
<Platform type="Platform" material="" x="7.655587235709105" y="-4.803085309127795" />
<Platform type="Platform" material="" x="6.415587235709105" y="-4.803085309127795" />
<Platform type="Platform" material="" x="8.170587235709105" y="-3.563085309127795" />
<Platform type="Platform" material="" x="5.900587235709105" y="-3.563085309127795" />
<Platform type="Platform" material="" x="8.170587235709105" y="-4.183085309127795" />
<Platform type="Platform" material="" x="5.900587235709105" y="-4.183085309127795" />
<Platform type="Platform" material="" x="8.170587235709105" y="-4.803085309127795" />
<Platform type="Platform" material="" x="5.900587235709105" y="-4.803085309127795" />
<Platform type="Platform" material="" x="0.15249123721819113" y="-3.81" rotation="0.0" scaleX="0.8315923156598474" />
<Platform type="Platform" material="" x="0.15249123721819113" y="-4.43" rotation="0.0" scaleX="0.8315923156598474" />
<Platform type="Platform" material="" x="5.375475578927356" y="-3.6865426545638975" rotation="20.791375152189282" scaleX="1.121936284791953" />
<Platform type="Platform" material="" x="5.375475578927356" y="-4.306542654563898" rotation="20.791375152189282" scaleX="1.121936284791953" />
<Platform type="Platform" material="" x="5.265436045390924" y="-3.81" rotation="0.0" scaleX="1.121936284791953" />
<Platform type="Platform" material="" x="5.265436045390924" y="-4.43" rotation="0.0" scaleX="1.121936284791953" />
<Platform type="Platform" material="" x="5.265436045390924" y="-5.05" rotation="0.0" scaleX="1.121936284791953" />
</GameObjects>
</Level>
