<?xml version="1.0" encoding="utf-16"?>
<Level width ="2">
<Camera x="0" y="2" minWidth="20" maxWidth="30">
<Score highScore ="56390">
<Birds>
<Bird type="BirdYellow"/>
<Bird type="BirdBlack"/>
<Bird type="BirdBlue"/>
</Birds>
<Slingshot x="-8" y="-2.5">
<GameObjects>
<Block type="RectSmall" material="wood" x="-2.1978310074" y="-3.39" rotation="0" />
<Block type="RectSmall" material="ice" x="-0.2028310074" y="-3.39" rotation="0" />
<Block type="RectSmall" material="stone" x="1.7921689926" y="-3.39" rotation="0" />
<Block type="RectBig" material="ice" x="-1.2778310074" y="-3.17" rotation="0" />
<Block type="RectBig" material="stone" x="0.8721689926" y="-3.17" rotation="0" />
<Block type="RectTiny" material="ice" x="-1.1728310074" y="-2.95" rotation="0" />
<Block type="RectTiny" material="stone" x="-0.5428310074" y="-2.95" rotation="0" />
<Block type="RectTiny" material="wood" x="0.1371689926" y="-2.95" rotation="0" />
<Block type="RectTiny" material="ice" x="0.7671689926" y="-2.95" rotation="0" />
<Block type="RectSmall" material="ice" x="-0.8578310074" y="-2.73" rotation="0" />
<Block type="RectSmall" material="stone" x="0.4521689926" y="-2.73" rotation="0" />
<Block type="RectBig" material="wood" x="3.8530461907" y="-3.39" rotation="0" />
<Block type="RectBig" material="wood" x="3.2830461907" y="-2.25" rotation="90" />
<Block type="RectBig" material="wood" x="4.4230461907" y="-2.25" rotation="90" />
<Block type="RectTiny" material="stone" x="6.0908771981" y="-3.39" rotation="0" />
<Block type="RectTiny" material="stone" x="6.6808771981" y="-3.39" rotation="0" />
<Block type="RectTiny" material="stone" x="7.4308771981" y="-3.39" rotation="0" />
<Block type="RectTiny" material="stone" x="8.0208771981" y="-3.39" rotation="0" />
<Block type="RectTiny" material="ice" x="-0.5940274475" y="0.1077127056" rotation="90" />
<Block type="RectTiny" material="stone" x="-0.2790274475" y="0.1077127056" rotation="90" />
<Block type="RectTiny" material="stone" x="0.0359725525" y="0.1077127056" rotation="90" />
<Block type="RectTiny" material="ice" x="0.8659725525" y="0.1077127056" rotation="90" />
<Block type="RectTiny" material="wood" x="1.1809725525" y="0.1077127056" rotation="90" />
<Block type="RectTiny" material="wood" x="1.4959725525" y="0.1077127056" rotation="90" />
<Block type="RectSmall" material="ice" x="-0.2790274475" y="0.4327127056" rotation="0" />
<Block type="RectSmall" material="stone" x="1.1809725525" y="0.4327127056" rotation="0" />
<Block type="RectSmall" material="ice" x="-0.2790274475" y="0.9677127056" rotation="90" />
<Block type="RectSmall" material="stone" x="0.0309725525" y="0.9677127056" rotation="90" />
<Block type="RectSmall" material="ice" x="0.8709725525" y="0.9677127056" rotation="90" />
<Block type="RectSmall" material="ice" x="1.1809725525" y="0.9677127056" rotation="90" />
<Block type="RectMedium" material="ice" x="0.4509725525" y="1.5027127056" rotation="0" />
<Block type="RectMedium" material="wood" x="-0.2490274475" y="2.4527127056" rotation="90" />
<Block type="RectMedium" material="wood" x="0.4509725525" y="2.4527127056" rotation="90" />
<Block type="RectMedium" material="wood" x="1.1509725525" y="2.4527127056" rotation="90" />
<Block type="SquareTiny" material="wood" x="-0.2490274475" y="3.4027127056" rotation="0" />
<Block type="SquareTiny" material="wood" x="0.4509725525" y="3.4027127056" rotation="0" />
<Block type="SquareTiny" material="wood" x="1.1509725525" y="3.4027127056" rotation="0" />
<Block type="SquareTiny" material="wood" x="5.3342929721" y="-1.4582335784" rotation="0" />
<Block type="SquareTiny" material="stone" x="6.0642929721" y="-1.4582335784" rotation="0" />
<Block type="SquareTiny" material="stone" x="6.7942929721" y="-1.4582335784" rotation="0" />
<Block type="SquareTiny" material="stone" x="7.1742929721" y="-1.4582335784" rotation="0" />
<Block type="SquareTiny" material="wood" x="7.9042929721" y="-1.4582335784" rotation="0" />
<Block type="SquareTiny" material="wood" x="8.6342929721" y="-1.4582335784" rotation="0" />
<Block type="RectTiny" material="wood" x="5.3342929721" y="-1.1332335784" rotation="90" />
<Block type="RectTiny" material="stone" x="6.0642929721" y="-1.1332335784" rotation="90" />
<Block type="RectTiny" material="stone" x="6.7942929721" y="-1.1332335784" rotation="90" />
<Block type="RectTiny" material="stone" x="7.1742929721" y="-1.1332335784" rotation="90" />
<Block type="RectTiny" material="wood" x="7.9042929721" y="-1.1332335784" rotation="90" />
<Block type="RectTiny" material="wood" x="8.6342929721" y="-1.1332335784" rotation="90" />
<Block type="RectTiny" material="stone" x="5.3342929721" y="-0.7032335784" rotation="90" />
<Block type="RectTiny" material="stone" x="6.0642929721" y="-0.7032335784" rotation="90" />
<Block type="RectTiny" material="stone" x="6.7942929721" y="-0.7032335784" rotation="90" />
<Block type="RectTiny" material="wood" x="7.1742929721" y="-0.7032335784" rotation="90" />
<Block type="RectTiny" material="wood" x="7.9042929721" y="-0.7032335784" rotation="90" />
<Block type="RectTiny" material="ice" x="8.6342929721" y="-0.7032335784" rotation="90" />
<Block type="RectTiny" material="ice" x="5.3342929721" y="-0.2732335784" rotation="90" />
<Block type="RectTiny" material="stone" x="6.0642929721" y="-0.2732335784" rotation="90" />
<Block type="RectTiny" material="wood" x="6.7942929721" y="-0.2732335784" rotation="90" />
<Block type="RectTiny" material="wood" x="7.1742929721" y="-0.2732335784" rotation="90" />
<Block type="RectTiny" material="wood" x="7.9042929721" y="-0.2732335784" rotation="90" />
<Block type="RectTiny" material="wood" x="8.6342929721" y="-0.2732335784" rotation="90" />
<Block type="RectMedium" material="wood" x="6.0642929721" y="0.0517664216" rotation="0" />
<Block type="RectMedium" material="ice" x="7.9042929721" y="0.0517664216" rotation="0" />
<Block type="RectTiny" material="wood" x="5.7492929721" y="0.2717664216" rotation="0" />
<Block type="RectTiny" material="wood" x="6.3792929721" y="0.2717664216" rotation="0" />
<Block type="RectTiny" material="wood" x="7.5892929721" y="0.2717664216" rotation="0" />
<Block type="RectTiny" material="ice" x="8.2192929721" y="0.2717664216" rotation="0" />
<Block type="SquareSmall" material="ice" x="5.7492929721" y="0.5967664216" rotation="0" />
<Block type="SquareSmall" material="ice" x="6.3792929721" y="0.5967664216" rotation="0" />
<Block type="SquareSmall" material="ice" x="7.5892929721" y="0.5967664216" rotation="0" />
<Block type="SquareSmall" material="wood" x="8.2192929721" y="0.5967664216" rotation="0" />
<Block type="RectFat" material="ice" x="6.0642929721" y="1.0267664216" rotation="0" />
<Block type="RectFat" material="wood" x="7.9042929721" y="1.0267664216" rotation="0" />
<Block type="RectSmall" material="stone" x="6.0642929721" y="1.3517664216" rotation="0" />
<Block type="RectSmall" material="wood" x="7.9042929721" y="1.3517664216" rotation="0" />
<Block type="SquareHole" material="ice" x="6.0642929721" y="1.8817664216" rotation="0" />
<Block type="SquareHole" material="wood" x="7.9042929721" y="1.8817664216" rotation="0" />
<Block type="RectFat" material="wood" x="6.0642929721" y="2.5167664216" rotation="0" />
<Block type="RectFat" material="wood" x="7.9042929721" y="2.5167664216" rotation="0" />
<Block type="RectFat" material="wood" x="6.0642929721" y="2.9467664216" rotation="0" />
<Block type="RectFat" material="wood" x="7.9042929721" y="2.9467664216" rotation="0" />
<Block type="RectBig" material="wood" x="6.9842929721" y="3.2717664216" rotation="0" />
<Block type="RectFat" material="wood" x="6.3492929721" y="3.5967664216" rotation="0" />
<Block type="RectFat" material="wood" x="7.6192929721" y="3.5967664216" rotation="0" />
<Block type="RectSmall" material="wood" x="6.3492929721" y="3.9217664216" rotation="0" />
<Block type="RectSmall" material="wood" x="7.6192929721" y="3.9217664216" rotation="0" />
<Block type="TriangleHole" material="stone" x="7.6192929721" y="4.4417664216" rotation="0" />
<Block type="Circle" material="stone" x="0.4509725525" y="3.9127127056" rotation="0" />
<Block type="Circle" material="ice" x="6.3492929721" y="4.4317664216" rotation="0" />
<Block type="TriangleHole" material="wood" x="3.2830461907" y="-0.81" rotation="0" />
<Block type="CircleSmall" material="wood" x="-0.2490274475" y="3.7377127056" rotation="0" />
<Block type="TriangleHole" material="wood" x="1.5588356593" y="-2.65" rotation="0" />
<Block type="TriangleHole" material="ice" x="0.7355023259" y="-2.21" rotation="0" />
<Block type="TriangleHole" material="ice" x="-1.9644976741" y="-2.65" rotation="0" />
<Block type="TriangleHole" material="stone" x="-1.1411643407" y="-2.21" rotation="0" />
<Block type="Circle" material="ice" x="4.4230461907" y="-0.82" rotation="0" />
<Block type="CircleSmall" material="wood" x="1.1509725525" y="3.7377127056" rotation="0" />
<Pig type="BasicSmall" material="" x="0.3959725525" y="0.1177127056" rotation="0" />
<Pig type="BasicSmall" material="" x="7.5442929721" y="-1.3432335784" rotation="0" />
<TNT type="" x="8.2642929721" y="-1.3432335784" rotation="0" />
<Platform type="Platform" material="" x="-1.0990274475449966" y="-0.4172872943719046" />
<Platform type="Platform" material="" x="-0.4790274475449965" y="-0.4172872943719046" />
<Platform type="Platform" material="" x="0.14097255245500345" y="-0.4172872943719046" />
<Platform type="Platform" material="" x="0.7609725524550035" y="-0.4172872943719046" />
<Platform type="Platform" material="" x="1.3809725524550034" y="-0.4172872943719046" />
<Platform type="Platform" material="" x="2.0009725524550035" y="-0.4172872943719046" />
<Platform type="Platform" material="" x="5.4342929720898026" y="-1.8782335784053792" />
<Platform type="Platform" material="" x="6.054292972089803" y="-1.8782335784053792" />
<Platform type="Platform" material="" x="6.674292972089803" y="-1.8782335784053792" />
<Platform type="Platform" material="" x="7.294292972089802" y="-1.8782335784053792" />
<Platform type="Platform" material="" x="7.914292972089802" y="-1.8782335784053792" />
<Platform type="Platform" material="" x="8.534292972089803" y="-1.8782335784053792" />
<Platform type="Platform" material="" x="-0.20283100736437243" y="-3.81" />
<Platform type="Platform" material="" x="-0.20283100736437243" y="-4.43" />
<Platform type="Platform" material="" x="-0.20283100736437243" y="-5.05" />
<Platform type="Platform" material="" x="0.41716899263562757" y="-3.81" />
<Platform type="Platform" material="" x="-0.8228310073643724" y="-3.81" />
<Platform type="Platform" material="" x="0.41716899263562757" y="-4.43" />
<Platform type="Platform" material="" x="-0.8228310073643724" y="-4.43" />
<Platform type="Platform" material="" x="0.41716899263562757" y="-5.05" />
<Platform type="Platform" material="" x="-0.8228310073643724" y="-5.05" />
<Platform type="Platform" material="" x="1.0371689926356276" y="-3.81" />
<Platform type="Platform" material="" x="-1.4428310073643724" y="-3.81" />
<Platform type="Platform" material="" x="1.0371689926356276" y="-4.43" />
<Platform type="Platform" material="" x="-1.4428310073643724" y="-4.43" />
<Platform type="Platform" material="" x="1.0371689926356276" y="-5.05" />
<Platform type="Platform" material="" x="-1.4428310073643724" y="-5.05" />
<Platform type="Platform" material="" x="1.6571689926356274" y="-3.81" />
<Platform type="Platform" material="" x="-2.0628310073643723" y="-3.81" />
<Platform type="Platform" material="" x="1.6571689926356274" y="-4.43" />
<Platform type="Platform" material="" x="-2.0628310073643723" y="-4.43" />
<Platform type="Platform" material="" x="1.6571689926356274" y="-5.05" />
<Platform type="Platform" material="" x="-2.0628310073643723" y="-5.05" />
<Platform type="Platform" material="" x="1.9071689926356274" y="-3.81" />
<Platform type="Platform" material="" x="-2.3128310073643723" y="-3.81" />
<Platform type="Platform" material="" x="1.9071689926356274" y="-4.43" />
<Platform type="Platform" material="" x="-2.3128310073643723" y="-4.43" />
<Platform type="Platform" material="" x="1.9071689926356274" y="-5.05" />
<Platform type="Platform" material="" x="-2.3128310073643723" y="-5.05" />
<Platform type="Platform" material="" x="3.853046190727252" y="-3.81" />
<Platform type="Platform" material="" x="3.853046190727252" y="-4.43" />
<Platform type="Platform" material="" x="3.853046190727252" y="-5.05" />
<Platform type="Platform" material="" x="4.473046190727252" y="-3.81" />
<Platform type="Platform" material="" x="3.233046190727252" y="-3.81" />
<Platform type="Platform" material="" x="4.473046190727252" y="-4.43" />
<Platform type="Platform" material="" x="3.233046190727252" y="-4.43" />
<Platform type="Platform" material="" x="4.473046190727252" y="-5.05" />
<Platform type="Platform" material="" x="3.233046190727252" y="-5.05" />
<Platform type="Platform" material="" x="4.573046190727252" y="-3.81" />
<Platform type="Platform" material="" x="3.1330461907272515" y="-3.81" />
<Platform type="Platform" material="" x="4.573046190727252" y="-4.43" />
<Platform type="Platform" material="" x="3.1330461907272515" y="-4.43" />
<Platform type="Platform" material="" x="4.573046190727252" y="-5.05" />
<Platform type="Platform" material="" x="3.1330461907272515" y="-5.05" />
<Platform type="Platform" material="" x="7.055877198091625" y="-3.81" />
<Platform type="Platform" material="" x="7.055877198091625" y="-4.43" />
<Platform type="Platform" material="" x="7.055877198091625" y="-5.05" />
<Platform type="Platform" material="" x="7.675877198091625" y="-3.81" />
<Platform type="Platform" material="" x="6.4358771980916245" y="-3.81" />
<Platform type="Platform" material="" x="7.675877198091625" y="-4.43" />
<Platform type="Platform" material="" x="6.4358771980916245" y="-4.43" />
<Platform type="Platform" material="" x="7.675877198091625" y="-5.05" />
<Platform type="Platform" material="" x="6.4358771980916245" y="-5.05" />
<Platform type="Platform" material="" x="7.925877198091626" y="-3.81" />
<Platform type="Platform" material="" x="6.185877198091623" y="-3.81" />
<Platform type="Platform" material="" x="7.925877198091626" y="-4.43" />
<Platform type="Platform" material="" x="6.185877198091623" y="-4.43" />
<Platform type="Platform" material="" x="7.925877198091626" y="-5.05" />
<Platform type="Platform" material="" x="6.185877198091623" y="-5.05" />
<Platform type="Platform" material="" x="2.5201075916814393" y="-3.81" rotation="0.0" scaleX="0.9772212872445548" />
<Platform type="Platform" material="" x="2.5201075916814393" y="-4.43" rotation="0.0" scaleX="0.9772212872445548" />
<Platform type="Platform" material="" x="5.3794616944094376" y="-3.81" rotation="0.0" scaleX="1.6013403344586632" />
<Platform type="Platform" material="" x="5.3794616944094376" y="-4.43" rotation="0.0" scaleX="1.6013403344586632" />
</GameObjects>
</Level>
