<?xml version="1.0" encoding="utf-16"?>
<Level width ="2">
<Camera x="0" y="2" minWidth="20" maxWidth="30">
<Score highScore ="57530">
<Birds>
<Bird type="BirdWhite"/>
<Bird type="BirdYellow"/>
<Bird type="BirdBlack"/>
<Bird type="BirdBlue"/>
</Birds>
<Slingshot x="-8" y="-2.5">
<GameObjects>
<Block type="RectMedium" material="stone" x="-1.4316996369" y="-3.39" rotation="0" />
<Block type="RectMedium" material="ice" x="0.3433003631" y="-3.39" rotation="0" />
<Block type="RectMedium" material="wood" x="2.1183003631" y="-3.39" rotation="0" />
<Block type="RectFat" material="wood" x="-1.3266996369" y="-2.855" rotation="90" />
<Block type="RectFat" material="ice" x="0.3433003631" y="-2.855" rotation="90" />
<Block type="RectFat" material="wood" x="2.0133003631" y="-2.855" rotation="90" />
<Block type="RectMedium" material="wood" x="-0.5966996369" y="-2.32" rotation="0" />
<Block type="RectMedium" material="wood" x="1.2833003631" y="-2.32" rotation="0" />
<Block type="RectFat" material="ice" x="-1.0016996369" y="-1.995" rotation="0" />
<Block type="SquareSmall" material="wood" x="-0.1916996369" y="-1.995" rotation="0" />
<Block type="RectFat" material="wood" x="0.8783003631" y="-1.995" rotation="0" />
<Block type="SquareSmall" material="wood" x="1.6883003631" y="-1.995" rotation="0" />
<Block type="RectTiny" material="stone" x="-0.9466996369" y="-1.67" rotation="0" />
<Block type="SquareTiny" material="wood" x="-0.2466996369" y="-1.67" rotation="0" />
<Block type="RectTiny" material="wood" x="0.9333003631" y="-1.67" rotation="0" />
<Block type="SquareTiny" material="stone" x="1.6333003631" y="-1.67" rotation="0" />
<Block type="RectMedium" material="ice" x="3.8367454806" y="-2.4895800782584745" rotation="90" />
<Block type="RectMedium" material="wood" x="4.4667454806" y="-2.4895800782584745" rotation="90" />
<Block type="RectMedium" material="wood" x="4.7567454806" y="-2.4895800782584745" rotation="90" />
<Block type="RectMedium" material="ice" x="5.3867454806" y="-2.4895800782584745" rotation="90" />
<Block type="RectMedium" material="stone" x="5.6767454806" y="-2.4895800782584745" rotation="90" />
<Block type="RectMedium" material="wood" x="6.3067454806" y="-2.4895800782584745" rotation="90" />
<Block type="RectFat" material="wood" x="4.1517454806" y="-1.4345800782584743" rotation="0" />
<Block type="RectFat" material="wood" x="5.0717454806" y="-1.4345800782584743" rotation="0" />
<Block type="RectFat" material="wood" x="5.9917454806" y="-1.4345800782584743" rotation="0" />
<Block type="SquareHole" material="stone" x="4.1517454806" y="-0.7995800782584743" rotation="0" />
<Block type="SquareHole" material="wood" x="5.0717454806" y="-0.7995800782584743" rotation="0" />
<Block type="SquareHole" material="stone" x="5.9917454806" y="-0.7995800782584743" rotation="0" />
<Block type="RectBig" material="stone" x="5.0717454806" y="-0.26958007825847435" rotation="0" />
<Block type="RectTiny" material="stone" x="4.4717454806" y="-0.04958007825847435" rotation="0" />
<Block type="RectTiny" material="stone" x="5.6717454806" y="-0.04958007825847435" rotation="0" />
<Block type="SquareSmall" material="ice" x="4.4717454806" y="0.27541992174152563" rotation="0" />
<Block type="RectTiny" material="wood" x="5.6717454806" y="0.27541992174152563" rotation="90" />
<Block type="SquareHole" material="stone" x="6.9384451175" y="-2.9075254820800764" rotation="0" />
<Block type="SquareHole" material="ice" x="8.5184451175" y="-2.9075254820800764" rotation="0" />
<Block type="RectTiny" material="stone" x="6.6384451175" y="-2.272525482080076" rotation="90" />
<Block type="RectTiny" material="wood" x="6.9384451175" y="-2.272525482080076" rotation="90" />
<Block type="RectTiny" material="stone" x="7.2384451175" y="-2.272525482080076" rotation="90" />
<Block type="RectTiny" material="stone" x="8.2184451175" y="-2.272525482080076" rotation="90" />
<Block type="RectTiny" material="stone" x="8.5184451175" y="-2.272525482080076" rotation="90" />
<Block type="RectTiny" material="stone" x="8.8184451175" y="-2.272525482080076" rotation="90" />
<Block type="RectTiny" material="stone" x="6.6384451175" y="-1.8425254820800765" rotation="90" />
<Block type="RectTiny" material="stone" x="6.9384451175" y="-1.8425254820800765" rotation="90" />
<Block type="RectTiny" material="stone" x="7.2384451175" y="-1.8425254820800765" rotation="90" />
<Block type="RectTiny" material="stone" x="8.2184451175" y="-1.8425254820800765" rotation="90" />
<Block type="RectTiny" material="stone" x="8.5184451175" y="-1.8425254820800765" rotation="90" />
<Block type="RectTiny" material="stone" x="8.8184451175" y="-1.8425254820800765" rotation="90" />
<Block type="RectSmall" material="ice" x="6.6384451175" y="-1.2025254820800764" rotation="90" />
<Block type="RectSmall" material="stone" x="6.9384451175" y="-1.2025254820800764" rotation="90" />
<Block type="RectSmall" material="stone" x="7.2384451175" y="-1.2025254820800764" rotation="90" />
<Block type="RectSmall" material="stone" x="8.2184451175" y="-1.2025254820800764" rotation="90" />
<Block type="RectSmall" material="stone" x="8.5184451175" y="-1.2025254820800764" rotation="90" />
<Block type="RectSmall" material="stone" x="8.8184451175" y="-1.2025254820800764" rotation="90" />
<Block type="SquareTiny" material="ice" x="6.6384451175" y="-0.6675254820800763" rotation="0" />
<Block type="SquareTiny" material="ice" x="7.2384451175" y="-0.6675254820800763" rotation="0" />
<Block type="SquareTiny" material="stone" x="8.2184451175" y="-0.6675254820800763" rotation="0" />
<Block type="SquareTiny" material="stone" x="8.8184451175" y="-0.6675254820800763" rotation="0" />
<Block type="RectBig" material="wood" x="2.4232040487" y="1.1914941071" rotation="0" />
<Block type="RectSmall" material="wood" x="1.5657040487" y="1.7264941071" rotation="90" />
<Block type="RectSmall" material="wood" x="2.1957040487" y="1.7264941071" rotation="90" />
<Block type="RectSmall" material="wood" x="2.6507040487" y="1.7264941071" rotation="90" />
<Block type="RectSmall" material="wood" x="3.2807040487" y="1.7264941071" rotation="90" />
<Block type="RectFat" material="wood" x="1.8807040487" y="2.3664941071" rotation="0" />
<Block type="RectFat" material="wood" x="2.9657040487" y="2.3664941071" rotation="0" />
<Block type="RectFat" material="wood" x="1.9882040487" y="3.0064941071" rotation="90" />
<Block type="RectSmall" material="wood" x="2.8582040487" y="3.0064941071" rotation="90" />
<Block type="RectBig" material="ice" x="7.46042682186955" y="2.5206413351" rotation="0" />
<Block type="Circle" material="ice" x="1.6333003631" y="-1.16" rotation="0" />
<Block type="TriangleHole" material="ice" x="1.9882040487" y="3.8414941071" rotation="0" />
<Block type="Circle" material="stone" x="-0.2466996369" y="-1.16" rotation="0" />
<Block type="CircleSmall" material="ice" x="7.2384451175" y="-0.3325254821" rotation="0" />
<Block type="CircleSmall" material="ice" x="2.8582040487" y="3.6564941071" rotation="0" />
<Block type="CircleSmall" material="ice" x="4.4717454806" y="0.7154199217" rotation="0" />
<Block type="CircleSmall" material="stone" x="0.9333003631" y="-1.335" rotation="0" />
<Block type="CircleSmall" material="stone" x="8.2184451175" y="-0.3325254821" rotation="0" />
<Block type="CircleSmall" material="stone" x="5.0717454806" y="0.0654199217" rotation="0" />
<Block type="CircleSmall" material="wood" x="-0.9466996369" y="-1.335" rotation="0" />
<Block type="CircleSmall" material="wood" x="6.6384451175" y="-0.3325254821" rotation="0" />
<Block type="CircleSmall" material="ice" x="3.249037382" y="2.8064941071" rotation="0" />
<Pig type="BasicSmall" material="" x="0.9033003631" y="-3.055" rotation="0" />
<Pig type="BasicSmall" material="" x="-0.2166996369" y="-3.055" rotation="0" />
<Pig type="BasicSmall" material="" x="8.8184451175" y="-0.3325254820800764" rotation="0" />
<Pig type="BasicSmall" material="" x="5.6717454806" y="0.7154199217415257" rotation="0" />
<TNT type="" x="-1.9916996369" y="-3.055" rotation="0" />
<TNT type="" x="8.1470934885" y="2.8556413351" rotation="0" />
<TNT type="" x="7.8484451175" y="-3.1025254820800763" rotation="0" />
<TNT type="" x="2.6783003631" y="-3.055" rotation="0" />
<TNT type="" x="6.7737601552" y="2.8556413351" rotation="0" />
<Platform type="Platform" material="" x="1.4932040487276195" y="0.7714941070656369" />
<Platform type="Platform" material="" x="2.1132040487276194" y="0.7714941070656369" />
<Platform type="Platform" material="" x="2.7332040487276195" y="0.7714941070656369" />
<Platform type="Platform" material="" x="3.353204048727619" y="0.7714941070656369" />
<Platform type="Platform" material="" x="6.5304268218695505" y="2.1006413351113142" />
<Platform type="Platform" material="" x="7.150426821869551" y="2.1006413351113142" />
<Platform type="Platform" material="" x="7.77042682186955" y="2.1006413351113142" />
<Platform type="Platform" material="" x="8.39042682186955" y="2.1006413351113142" />
<Platform type="Platform" material="" x="0.343300363114865" y="-3.81" />
<Platform type="Platform" material="" x="0.343300363114865" y="-4.43" />
<Platform type="Platform" material="" x="0.343300363114865" y="-5.05" />
<Platform type="Platform" material="" x="0.963300363114865" y="-3.81" />
<Platform type="Platform" material="" x="-0.276699636885135" y="-3.81" />
<Platform type="Platform" material="" x="0.963300363114865" y="-4.43" />
<Platform type="Platform" material="" x="-0.276699636885135" y="-4.43" />
<Platform type="Platform" material="" x="0.963300363114865" y="-5.05" />
<Platform type="Platform" material="" x="-0.276699636885135" y="-5.05" />
<Platform type="Platform" material="" x="1.583300363114865" y="-3.81" />
<Platform type="Platform" material="" x="-0.896699636885135" y="-3.81" />
<Platform type="Platform" material="" x="1.583300363114865" y="-4.43" />
<Platform type="Platform" material="" x="-0.896699636885135" y="-4.43" />
<Platform type="Platform" material="" x="1.583300363114865" y="-5.05" />
<Platform type="Platform" material="" x="-0.896699636885135" y="-5.05" />
<Platform type="Platform" material="" x="2.203300363114865" y="-3.81" />
<Platform type="Platform" material="" x="-1.5166996368851349" y="-3.81" />
<Platform type="Platform" material="" x="2.203300363114865" y="-4.43" />
<Platform type="Platform" material="" x="-1.5166996368851349" y="-4.43" />
<Platform type="Platform" material="" x="2.203300363114865" y="-5.05" />
<Platform type="Platform" material="" x="-1.5166996368851349" y="-5.05" />
<Platform type="Platform" material="" x="2.648300363114865" y="-3.81" />
<Platform type="Platform" material="" x="-1.9616996368851352" y="-3.81" />
<Platform type="Platform" material="" x="2.648300363114865" y="-4.43" />
<Platform type="Platform" material="" x="-1.9616996368851352" y="-4.43" />
<Platform type="Platform" material="" x="2.648300363114865" y="-5.05" />
<Platform type="Platform" material="" x="-1.9616996368851352" y="-5.05" />
<Platform type="Platform" material="" x="5.071745480594609" y="-3.6395800782584744" />
<Platform type="Platform" material="" x="5.071745480594609" y="-4.259580078258474" />
<Platform type="Platform" material="" x="5.071745480594609" y="-4.879580078258474" />
<Platform type="Platform" material="" x="5.6917454805946095" y="-3.6395800782584744" />
<Platform type="Platform" material="" x="4.451745480594609" y="-3.6395800782584744" />
<Platform type="Platform" material="" x="5.6917454805946095" y="-4.259580078258474" />
<Platform type="Platform" material="" x="4.451745480594609" y="-4.259580078258474" />
<Platform type="Platform" material="" x="5.6917454805946095" y="-4.879580078258474" />
<Platform type="Platform" material="" x="4.451745480594609" y="-4.879580078258474" />
<Platform type="Platform" material="" x="6.1067454805946095" y="-3.6395800782584744" />
<Platform type="Platform" material="" x="4.036745480594609" y="-3.6395800782584744" />
<Platform type="Platform" material="" x="6.1067454805946095" y="-4.259580078258474" />
<Platform type="Platform" material="" x="4.036745480594609" y="-4.259580078258474" />
<Platform type="Platform" material="" x="6.1067454805946095" y="-4.879580078258474" />
<Platform type="Platform" material="" x="4.036745480594609" y="-4.879580078258474" />
<Platform type="Platform" material="" x="7.728445117479744" y="-3.6375254820800764" />
<Platform type="Platform" material="" x="7.728445117479744" y="-4.2575254820800765" />
<Platform type="Platform" material="" x="7.728445117479744" y="-4.877525482080077" />
<Platform type="Platform" material="" x="8.348445117479743" y="-3.6375254820800764" />
<Platform type="Platform" material="" x="7.108445117479744" y="-3.6375254820800764" />
<Platform type="Platform" material="" x="8.348445117479743" y="-4.2575254820800765" />
<Platform type="Platform" material="" x="7.108445117479744" y="-4.2575254820800765" />
<Platform type="Platform" material="" x="8.348445117479743" y="-4.877525482080077" />
<Platform type="Platform" material="" x="7.108445117479744" y="-4.877525482080077" />
<Platform type="Platform" material="" x="8.628445117479744" y="-3.6375254820800764" />
<Platform type="Platform" material="" x="6.828445117479743" y="-3.6375254820800764" />
<Platform type="Platform" material="" x="8.628445117479744" y="-4.2575254820800765" />
<Platform type="Platform" material="" x="6.828445117479743" y="-4.2575254820800765" />
<Platform type="Platform" material="" x="8.628445117479744" y="-4.877525482080077" />
<Platform type="Platform" material="" x="6.828445117479743" y="-4.877525482080077" />
<Platform type="Platform" material="" x="3.4096416282214896" y="-3.7247900391292372" rotation="12.504245567015252" scaleX="1.269541167929483" />
<Platform type="Platform" material="" x="3.4096416282214896" y="-4.344790039129237" rotation="12.504245567015252" scaleX="1.269541167929483" />
<Platform type="Platform" material="" x="3.342522921854737" y="-3.81" rotation="0.0" scaleX="1.269541167929483" />
<Platform type="Platform" material="" x="3.342522921854737" y="-4.43" rotation="0.0" scaleX="1.269541167929483" />
<Platform type="Platform" material="" x="3.342522921854737" y="-5.05" rotation="0.0" scaleX="1.269541167929483" />
<Platform type="Platform" material="" x="6.473856824602475" y="-3.6385527801692756" rotation="1.1573657644856798" scaleX="0.1640651433082686" />
<Platform type="Platform" material="" x="6.473856824602475" y="-4.258552780169276" rotation="1.1573657644856798" scaleX="0.1640651433082686" />
<Platform type="Platform" material="" x="6.467595299037177" y="-3.6395800782584744" rotation="0.0" scaleX="0.1640651433082686" />
<Platform type="Platform" material="" x="6.467595299037177" y="-4.259580078258474" rotation="0.0" scaleX="0.1640651433082686" />
<Platform type="Platform" material="" x="6.467595299037177" y="-4.879580078258474" rotation="0.0" scaleX="0.1640651433082686" />
</GameObjects>
</Level>
