<?xml version="1.0" encoding="utf-16"?>
<Level width ="2">
<Camera x="0" y="2" minWidth="20" maxWidth="30">
<Score highScore ="40180">
<Birds>
<Bird type="BirdYellow"/>
<Bird type="BirdBlue"/>
<Bird type="BirdBlack"/>
</Birds>
<Slingshot x="-8" y="-2.5">
<GameObjects>
<Block type="RectBig" material="ice" x="-2.1874933633" y="-1.976623794977272" rotation="90" />
<Block type="RectBig" material="wood" x="-0.3474933633" y="-1.976623794977272" rotation="90" />
<Block type="RectBig" material="wood" x="-1.2674933633" y="-0.8366237949772719" rotation="0" />
<Block type="RectMedium" material="wood" x="-1.2674933633" y="-0.6166237949772719" rotation="0" />
<Block type="RectTiny" material="wood" x="-1.5824933633" y="-0.29162379497727187" rotation="90" />
<Block type="RectTiny" material="wood" x="-1.2674933633" y="-0.29162379497727187" rotation="90" />
<Block type="RectTiny" material="wood" x="-0.9524933633" y="-0.29162379497727187" rotation="90" />
<Block type="RectFat" material="wood" x="-1.2674933633" y="0.13837620502272818" rotation="0" />
<Block type="RectTiny" material="wood" x="-1.267493363277249" y="0.46337620502272814" rotation="0" />
<Block type="RectBig" material="stone" x="1.4719134927" y="-1.9161898887850533" rotation="90" />
<Block type="RectBig" material="stone" x="2.1019134927" y="-1.9161898887850533" rotation="90" />
<Block type="RectBig" material="stone" x="2.4694134927" y="-1.9161898887850533" rotation="90" />
<Block type="RectBig" material="stone" x="3.0994134927" y="-1.9161898887850533" rotation="90" />
<Block type="RectBig" material="wood" x="3.4669134927" y="-1.9161898887850533" rotation="90" />
<Block type="RectBig" material="wood" x="4.0969134927" y="-1.9161898887850533" rotation="90" />
<Block type="SquareTiny" material="stone" x="1.4719134927" y="-0.776189888785053" rotation="0" />
<Block type="SquareTiny" material="wood" x="2.1019134927" y="-0.776189888785053" rotation="0" />
<Block type="SquareTiny" material="wood" x="2.4694134927" y="-0.776189888785053" rotation="0" />
<Block type="SquareTiny" material="wood" x="3.0994134927" y="-0.776189888785053" rotation="0" />
<Block type="SquareTiny" material="wood" x="3.4669134927" y="-0.776189888785053" rotation="0" />
<Block type="SquareTiny" material="wood" x="4.0969134927" y="-0.776189888785053" rotation="0" />
<Block type="RectTiny" material="stone" x="1.4719134927" y="-0.45118988878505284" rotation="90" />
<Block type="RectTiny" material="wood" x="2.1019134927" y="-0.45118988878505284" rotation="90" />
<Block type="RectTiny" material="wood" x="2.4694134927" y="-0.45118988878505284" rotation="90" />
<Block type="RectTiny" material="wood" x="3.0994134927" y="-0.45118988878505284" rotation="90" />
<Block type="RectTiny" material="wood" x="3.4669134927" y="-0.45118988878505284" rotation="90" />
<Block type="RectTiny" material="wood" x="4.0969134927" y="-0.45118988878505284" rotation="90" />
<Block type="RectSmall" material="wood" x="1.7869134927" y="-0.126189888785053" rotation="0" />
<Block type="RectSmall" material="wood" x="2.7844134927" y="-0.126189888785053" rotation="0" />
<Block type="RectSmall" material="wood" x="3.7819134927" y="-0.126189888785053" rotation="0" />
<Block type="RectFat" material="wood" x="1.7869134927" y="0.19881011121494707" rotation="0" />
<Block type="RectFat" material="wood" x="2.7844134927" y="0.19881011121494707" rotation="0" />
<Block type="RectFat" material="wood" x="3.7819134927" y="0.19881011121494707" rotation="0" />
<Block type="SquareSmall" material="ice" x="1.8944134927" y="0.628810111214947" rotation="0" />
<Block type="SquareSmall" material="ice" x="2.7844134927" y="0.628810111214947" rotation="0" />
<Block type="SquareSmall" material="wood" x="3.6744134927" y="0.628810111214947" rotation="0" />
<Block type="SquareTiny" material="ice" x="6.3519068559" y="-2.539314042838888" rotation="0" />
<Block type="SquareTiny" material="ice" x="6.7019068559" y="-2.539314042838888" rotation="0" />
<Block type="SquareTiny" material="stone" x="7.0519068559" y="-2.539314042838888" rotation="0" />
<Block type="SquareTiny" material="wood" x="7.4019068559" y="-2.539314042838888" rotation="0" />
<Block type="SquareTiny" material="ice" x="7.7519068559" y="-2.539314042838888" rotation="0" />
<Block type="RectTiny" material="ice" x="6.3519068559" y="-2.214314042838888" rotation="90" />
<Block type="RectTiny" material="ice" x="6.7019068559" y="-2.214314042838888" rotation="90" />
<Block type="RectTiny" material="ice" x="7.0519068559" y="-2.214314042838888" rotation="90" />
<Block type="RectTiny" material="ice" x="7.4019068559" y="-2.214314042838888" rotation="90" />
<Block type="RectTiny" material="ice" x="7.7519068559" y="-2.214314042838888" rotation="90" />
<Block type="RectTiny" material="stone" x="6.3519068559" y="-1.7843140428388877" rotation="90" />
<Block type="RectTiny" material="ice" x="6.7019068559" y="-1.7843140428388877" rotation="90" />
<Block type="RectTiny" material="wood" x="7.0519068559" y="-1.7843140428388877" rotation="90" />
<Block type="RectTiny" material="ice" x="7.4019068559" y="-1.7843140428388877" rotation="90" />
<Block type="RectTiny" material="ice" x="7.7519068559" y="-1.7843140428388877" rotation="90" />
<Block type="RectTiny" material="wood" x="6.3519068559" y="-1.354314042838888" rotation="90" />
<Block type="RectTiny" material="stone" x="6.7019068559" y="-1.354314042838888" rotation="90" />
<Block type="RectTiny" material="wood" x="7.0519068559" y="-1.354314042838888" rotation="90" />
<Block type="RectTiny" material="ice" x="7.4019068559" y="-1.354314042838888" rotation="90" />
<Block type="RectTiny" material="ice" x="7.7519068559" y="-1.354314042838888" rotation="90" />
<Block type="RectBig" material="stone" x="6.3519068559" y="-0.1093140428388879" rotation="90" />
<Block type="RectBig" material="stone" x="6.7019068559" y="-0.1093140428388879" rotation="90" />
<Block type="RectBig" material="wood" x="7.0519068559" y="-0.1093140428388879" rotation="90" />
<Block type="RectBig" material="stone" x="7.4019068559" y="-0.1093140428388879" rotation="90" />
<Block type="RectBig" material="stone" x="7.7519068559" y="-0.1093140428388879" rotation="90" />
<Block type="SquareTiny" material="stone" x="6.3519068559" y="1.030685957161112" rotation="0" />
<Block type="SquareTiny" material="stone" x="6.7019068559" y="1.030685957161112" rotation="0" />
<Block type="SquareTiny" material="stone" x="7.0519068559" y="1.030685957161112" rotation="0" />
<Block type="SquareTiny" material="stone" x="7.4019068559" y="1.030685957161112" rotation="0" />
<Block type="SquareTiny" material="wood" x="7.7519068559" y="1.030685957161112" rotation="0" />
<Block type="RectFat" material="ice" x="2.7430840915" y="2.6827641993" rotation="0" />
<Block type="RectFat" material="ice" x="4.5730840915" y="2.6827641993" rotation="0" />
<Block type="SquareSmall" material="ice" x="-1.3427026602" y="3.0050710235" rotation="0" />
<Block type="SquareSmall" material="ice" x="-0.4227026602" y="3.0050710235" rotation="0" />
<Block type="SquareSmall" material="ice" x="0.4972973398" y="3.0050710235" rotation="0" />
<Block type="SquareSmall" material="ice" x="-1.3427026602" y="3.4350710235" rotation="0" />
<Block type="SquareSmall" material="ice" x="-0.4227026602" y="3.4350710235" rotation="0" />
<Block type="SquareSmall" material="ice" x="0.4972973398" y="3.4350710235" rotation="0" />
<Block type="RectBig" material="ice" x="-0.4227026602" y="3.7600710235" rotation="0" />
<Block type="SquareSmall" material="ice" x="-0.7377026602" y="4.0850710235" rotation="0" />
<Block type="SquareSmall" material="ice" x="-0.1077026602" y="4.0850710235" rotation="0" />
<Block type="RectFat" material="ice" x="-0.4227026601675703" y="4.5150710235" rotation="0" />
<Block type="CircleSmall" material="wood" x="6.3519068559" y="1.3656859572" rotation="0" />
<Block type="CircleSmall" material="stone" x="-0.7060359935" y="4.9550710235" rotation="0" />
<Block type="Circle" material="ice" x="-1.2674933633" y="0.973376205" rotation="0" />
<Block type="CircleSmall" material="stone" x="7.4019068559" y="1.3656859572" rotation="0" />
<Block type="CircleSmall" material="ice" x="4.2897507582" y="3.1227641993" rotation="0" />
<Block type="CircleSmall" material="stone" x="2.7430840915" y="3.1227641993" rotation="0" />
<Block type="CircleSmall" material="ice" x="3.6744134927" y="1.0688101112" rotation="0" />
<Block type="CircleSmall" material="stone" x="-0.1393693268" y="4.9550710235" rotation="0" />
<Block type="CircleSmall" material="stone" x="1.8944134927" y="1.0688101112" rotation="0" />
<Block type="CircleSmall" material="stone" x="2.7844134927" y="1.0688101112" rotation="0" />
<Block type="CircleSmall" material="ice" x="4.8564174248" y="3.1227641993" rotation="0" />
<Pig type="BasicSmall" material="" x="-1.8274933633" y="-2.7816237949772717" rotation="0" />
<Pig type="BasicSmall" material="" x="-0.7074933633" y="-2.7816237949772717" rotation="0" />
<TNT type="" x="-1.2974933633" y="-2.7816237949772717" rotation="0" />
<TNT type="" x="3.7830840915" y="2.6927641993" rotation="0" />
<Platform type="Platform" material="" x="2.4180840914581845" y="2.157764199304548" />
<Platform type="Platform" material="" x="3.0380840914581846" y="2.157764199304548" />
<Platform type="Platform" material="" x="3.6580840914581847" y="2.157764199304548" />
<Platform type="Platform" material="" x="4.278084091458185" y="2.157764199304548" />
<Platform type="Platform" material="" x="4.898084091458185" y="2.157764199304548" />
<Platform type="Platform" material="" x="-1.6627026601675703" y="2.480071023536916" />
<Platform type="Platform" material="" x="-1.0427026601675702" y="2.480071023536916" />
<Platform type="Platform" material="" x="-0.4227026601675703" y="2.480071023536916" />
<Platform type="Platform" material="" x="0.1972973398324297" y="2.480071023536916" />
<Platform type="Platform" material="" x="0.8172973398324297" y="2.480071023536916" />
<Platform type="Platform" material="" x="-1.267493363277249" y="-3.316623794977272" />
<Platform type="Platform" material="" x="-1.267493363277249" y="-3.9366237949772716" />
<Platform type="Platform" material="" x="-1.267493363277249" y="-4.556623794977272" />
<Platform type="Platform" material="" x="-0.6474933632772489" y="-3.316623794977272" />
<Platform type="Platform" material="" x="-1.8874933632772488" y="-3.316623794977272" />
<Platform type="Platform" material="" x="-0.6474933632772489" y="-3.9366237949772716" />
<Platform type="Platform" material="" x="-1.8874933632772488" y="-3.9366237949772716" />
<Platform type="Platform" material="" x="-0.6474933632772489" y="-4.556623794977272" />
<Platform type="Platform" material="" x="-1.8874933632772488" y="-4.556623794977272" />
<Platform type="Platform" material="" x="-0.547493363277249" y="-3.316623794977272" />
<Platform type="Platform" material="" x="-1.987493363277249" y="-3.316623794977272" />
<Platform type="Platform" material="" x="-0.547493363277249" y="-3.9366237949772716" />
<Platform type="Platform" material="" x="-1.987493363277249" y="-3.9366237949772716" />
<Platform type="Platform" material="" x="-0.547493363277249" y="-4.556623794977272" />
<Platform type="Platform" material="" x="-1.987493363277249" y="-4.556623794977272" />
<Platform type="Platform" material="" x="2.7844134926604354" y="-3.256189888785053" />
<Platform type="Platform" material="" x="2.7844134926604354" y="-3.8761898887850528" />
<Platform type="Platform" material="" x="2.7844134926604354" y="-4.496189888785053" />
<Platform type="Platform" material="" x="3.4044134926604355" y="-3.256189888785053" />
<Platform type="Platform" material="" x="2.1644134926604353" y="-3.256189888785053" />
<Platform type="Platform" material="" x="3.4044134926604355" y="-3.8761898887850528" />
<Platform type="Platform" material="" x="2.1644134926604353" y="-3.8761898887850528" />
<Platform type="Platform" material="" x="3.4044134926604355" y="-4.496189888785053" />
<Platform type="Platform" material="" x="2.1644134926604353" y="-4.496189888785053" />
<Platform type="Platform" material="" x="3.896913492660435" y="-3.256189888785053" />
<Platform type="Platform" material="" x="1.671913492660435" y="-3.256189888785053" />
<Platform type="Platform" material="" x="3.896913492660435" y="-3.8761898887850528" />
<Platform type="Platform" material="" x="1.671913492660435" y="-3.8761898887850528" />
<Platform type="Platform" material="" x="3.896913492660435" y="-4.496189888785053" />
<Platform type="Platform" material="" x="1.671913492660435" y="-4.496189888785053" />
<Platform type="Platform" material="" x="7.051906855937684" y="-2.959314042838888" />
<Platform type="Platform" material="" x="7.051906855937684" y="-3.579314042838888" />
<Platform type="Platform" material="" x="7.051906855937684" y="-4.199314042838888" />
<Platform type="Platform" material="" x="7.551906855937685" y="-2.959314042838888" />
<Platform type="Platform" material="" x="6.551906855937683" y="-2.959314042838888" />
<Platform type="Platform" material="" x="7.551906855937685" y="-3.579314042838888" />
<Platform type="Platform" material="" x="6.551906855937683" y="-3.579314042838888" />
<Platform type="Platform" material="" x="7.551906855937685" y="-4.199314042838888" />
<Platform type="Platform" material="" x="6.551906855937683" y="-4.199314042838888" />
<Platform type="Platform" material="" x="0.5739151235538258" y="-3.2864068418811625" rotation="2.163903000712453" scaleX="2.5815293585243806" />
<Platform type="Platform" material="" x="0.5739151235538258" y="-3.9064068418811626" rotation="2.163903000712453" scaleX="2.5815293585243806" />
<Platform type="Platform" material="" x="0.5622100646915931" y="-3.316623794977272" rotation="0.0" scaleX="2.5815293585243806" />
<Platform type="Platform" material="" x="0.5622100646915931" y="-3.936623794977272" rotation="0.0" scaleX="2.5815293585243806" />
<Platform type="Platform" material="" x="0.5622100646915931" y="-4.556623794977272" rotation="0.0" scaleX="2.5815293585243806" />
<Platform type="Platform" material="" x="5.269160953807729" y="-3.1077519658119703" rotation="8.30006671804689" scaleX="3.3169907787712387" />
<Platform type="Platform" material="" x="5.269160953807729" y="-3.7277519658119704" rotation="8.30006671804689" scaleX="3.3169907787712387" />
<Platform type="Platform" material="" x="5.224410174299059" y="-3.256189888785053" rotation="0.0" scaleX="3.3169907787712387" />
<Platform type="Platform" material="" x="5.224410174299059" y="-3.876189888785053" rotation="0.0" scaleX="3.3169907787712387" />
<Platform type="Platform" material="" x="5.224410174299059" y="-4.496189888785053" rotation="0.0" scaleX="3.3169907787712387" />
</GameObjects>
</Level>
