<?xml version="1.0" encoding="utf-16"?>
<Level width ="2">
<Camera x="0" y="2" minWidth="20" maxWidth="30">
<Score highScore ="61250">
<Birds>
<Bird type="BirdYellow"/>
<Bird type="BirdWhite"/>
<Bird type="BirdBlue"/>
</Birds>
<Slingshot x="-8" y="-2.5">
<GameObjects>
<Block type="RectMedium" material="wood" x="-2.1445930308" y="-3.1965022495505235" rotation="0" />
<Block type="RectMedium" material="wood" x="-0.3045930308" y="-3.1965022495505235" rotation="0" />
<Block type="RectBig" material="wood" x="-1.2245930308" y="-2.9765022495505233" rotation="0" />
<Block type="RectBig" material="wood" x="-1.2245930308" y="-2.7565022495505236" rotation="0" />
<Block type="SquareSmall" material="wood" x="-1.2245930307625632" y="-2.4315022495505234" rotation="0" />
<Block type="SquareSmall" material="wood" x="1.0471749853" y="-2.920163155567658" rotation="0" />
<Block type="SquareSmall" material="wood" x="1.6671749853" y="-2.920163155567658" rotation="0" />
<Block type="SquareSmall" material="wood" x="2.2571749853" y="-2.920163155567658" rotation="0" />
<Block type="SquareSmall" material="stone" x="2.8771749853" y="-2.920163155567658" rotation="0" />
<Block type="SquareSmall" material="stone" x="3.4671749853" y="-2.920163155567658" rotation="0" />
<Block type="SquareSmall" material="stone" x="4.0871749853" y="-2.920163155567658" rotation="0" />
<Block type="RectTiny" material="wood" x="1.0471749853" y="-2.5951631555676578" rotation="0" />
<Block type="RectTiny" material="wood" x="1.6671749853" y="-2.5951631555676578" rotation="0" />
<Block type="RectTiny" material="stone" x="2.2571749853" y="-2.5951631555676578" rotation="0" />
<Block type="RectTiny" material="ice" x="2.8771749853" y="-2.5951631555676578" rotation="0" />
<Block type="RectTiny" material="ice" x="3.4671749853" y="-2.5951631555676578" rotation="0" />
<Block type="RectTiny" material="ice" x="4.0871749853" y="-2.5951631555676578" rotation="0" />
<Block type="SquareSmall" material="stone" x="1.0471749853" y="-2.2701631555676576" rotation="0" />
<Block type="SquareSmall" material="wood" x="1.6671749853" y="-2.2701631555676576" rotation="0" />
<Block type="SquareSmall" material="stone" x="2.2571749853" y="-2.2701631555676576" rotation="0" />
<Block type="SquareSmall" material="stone" x="2.8771749853" y="-2.2701631555676576" rotation="0" />
<Block type="SquareSmall" material="ice" x="3.4671749853" y="-2.2701631555676576" rotation="0" />
<Block type="SquareSmall" material="ice" x="4.0871749853" y="-2.2701631555676576" rotation="0" />
<Block type="RectTiny" material="stone" x="1.0471749853" y="-1.9451631555676578" rotation="0" />
<Block type="RectTiny" material="wood" x="1.6671749853" y="-1.9451631555676578" rotation="0" />
<Block type="RectTiny" material="stone" x="2.2571749853" y="-1.9451631555676578" rotation="0" />
<Block type="RectTiny" material="stone" x="2.8771749853" y="-1.9451631555676578" rotation="0" />
<Block type="RectTiny" material="stone" x="3.4671749853" y="-1.9451631555676578" rotation="0" />
<Block type="RectTiny" material="wood" x="4.0871749853" y="-1.9451631555676578" rotation="0" />
<Block type="RectFat" material="wood" x="1.0471749853" y="-1.4101631555676577" rotation="90" />
<Block type="RectFat" material="wood" x="1.6671749853" y="-1.4101631555676577" rotation="90" />
<Block type="RectFat" material="wood" x="2.2571749853" y="-1.4101631555676577" rotation="90" />
<Block type="RectFat" material="wood" x="2.8771749853" y="-1.4101631555676577" rotation="90" />
<Block type="RectFat" material="wood" x="3.4671749853" y="-1.4101631555676577" rotation="90" />
<Block type="RectFat" material="wood" x="4.0871749853" y="-1.4101631555676577" rotation="90" />
<Block type="SquareHole" material="ice" x="1.3571749853" y="-0.565163155567658" rotation="0" />
<Block type="SquareHole" material="ice" x="2.5671749853" y="-0.565163155567658" rotation="0" />
<Block type="SquareHole" material="wood" x="3.7771749853" y="-0.565163155567658" rotation="0" />
<Block type="SquareHole" material="ice" x="1.3571749853" y="0.27483684443234213" rotation="0" />
<Block type="SquareHole" material="ice" x="2.5671749853" y="0.27483684443234213" rotation="0" />
<Block type="SquareHole" material="ice" x="3.7771749853" y="0.27483684443234213" rotation="0" />
<Block type="RectSmall" material="stone" x="5.0717680161" y="-3.0185164625351026" rotation="90" />
<Block type="RectSmall" material="wood" x="5.8017680161" y="-3.0185164625351026" rotation="90" />
<Block type="RectSmall" material="wood" x="6.5317680161" y="-3.0185164625351026" rotation="90" />
<Block type="RectSmall" material="wood" x="7.0517680161" y="-3.0185164625351026" rotation="90" />
<Block type="RectSmall" material="ice" x="7.7817680161" y="-3.0185164625351026" rotation="90" />
<Block type="RectSmall" material="ice" x="8.5117680161" y="-3.0185164625351026" rotation="90" />
<Block type="RectTiny" material="wood" x="5.0717680161" y="-2.3785164625351025" rotation="90" />
<Block type="RectTiny" material="wood" x="5.8017680161" y="-2.3785164625351025" rotation="90" />
<Block type="RectTiny" material="wood" x="6.5317680161" y="-2.3785164625351025" rotation="90" />
<Block type="RectTiny" material="wood" x="7.0517680161" y="-2.3785164625351025" rotation="90" />
<Block type="RectTiny" material="ice" x="7.7817680161" y="-2.3785164625351025" rotation="90" />
<Block type="RectTiny" material="ice" x="8.5117680161" y="-2.3785164625351025" rotation="90" />
<Block type="SquareHole" material="stone" x="5.3817680161" y="-1.7435164625351027" rotation="0" />
<Block type="SquareHole" material="stone" x="6.2217680161" y="-1.7435164625351027" rotation="0" />
<Block type="SquareHole" material="ice" x="7.3617680161" y="-1.7435164625351027" rotation="0" />
<Block type="SquareHole" material="ice" x="8.2017680161" y="-1.7435164625351027" rotation="0" />
<Block type="RectMedium" material="ice" x="5.8017680161" y="-1.2135164625351027" rotation="0" />
<Block type="RectMedium" material="ice" x="7.7817680161" y="-1.2135164625351027" rotation="0" />
<Block type="RectSmall" material="wood" x="2.6872048567" y="2.6328956168" rotation="90" />
<Block type="RectSmall" material="wood" x="3.3172048567" y="2.6328956168" rotation="90" />
<Block type="RectSmall" material="wood" x="3.6622048567" y="2.6328956168" rotation="90" />
<Block type="RectSmall" material="wood" x="4.2922048567" y="2.6328956168" rotation="90" />
<Block type="RectSmall" material="wood" x="4.6372048567" y="2.6328956168" rotation="90" />
<Block type="RectSmall" material="wood" x="5.2672048567" y="2.6328956168" rotation="90" />
<Block type="SquareTiny" material="wood" x="2.6872048567" y="3.1678956168" rotation="0" />
<Block type="SquareTiny" material="wood" x="3.3172048567" y="3.1678956168" rotation="0" />
<Block type="SquareTiny" material="wood" x="3.6622048567" y="3.1678956168" rotation="0" />
<Block type="SquareTiny" material="wood" x="4.2922048567" y="3.1678956168" rotation="0" />
<Block type="SquareTiny" material="wood" x="4.6372048567" y="3.1678956168" rotation="0" />
<Block type="SquareTiny" material="wood" x="5.2672048567" y="3.1678956168" rotation="0" />
<Block type="RectSmall" material="ice" x="3.0022048567" y="3.3878956168" rotation="0" />
<Block type="RectSmall" material="ice" x="3.9772048567" y="3.3878956168" rotation="0" />
<Block type="RectSmall" material="ice" x="4.9522048567" y="3.3878956168" rotation="0" />
<Block type="RectTiny" material="wood" x="3.0572048567" y="3.7128956168" rotation="90" />
<Block type="RectTiny" material="wood" x="3.9772048567" y="3.7128956168" rotation="90" />
<Block type="RectTiny" material="wood" x="4.8972048567" y="3.7128956168" rotation="90" />
<Block type="RectTiny" material="stone" x="3.0572048567" y="4.1428956168" rotation="90" />
<Block type="RectTiny" material="stone" x="3.9772048567" y="4.1428956168" rotation="90" />
<Block type="RectTiny" material="stone" x="4.8972048567" y="4.1428956168" rotation="90" />
<Block type="RectBig" material="stone" x="3.9772048567" y="4.4678956168" rotation="0" />
<Block type="RectSmall" material="stone" x="3.9772048567106966" y="4.6878956168" rotation="0" />
<Block type="RectBig" material="wood" x="-1.6485187884" y="2.8716992361" rotation="0" />
<Block type="SquareHole" material="wood" x="-1.6485187884" y="3.4016992361" rotation="0" />
<Block type="SquareTiny" material="wood" x="-1.9585187884" y="3.9316992361" rotation="0" />
<Block type="SquareTiny" material="wood" x="-1.6485187884" y="3.9316992361" rotation="0" />
<Block type="SquareTiny" material="wood" x="-1.3385187884" y="3.9316992361" rotation="0" />
<Block type="SquareHole" material="wood" x="-1.6485187884368804" y="4.4616992361" rotation="0" />
<Block type="Triangle" material="wood" x="1.3571749853" y="1.1048368444" rotation="0.0" />
<Block type="CircleSmall" material="ice" x="2.7188715234" y="3.7228956168" rotation="0" />
<Block type="Triangle" material="wood" x="6.3617680161" y="-0.6935164625" rotation="90.0" />
<Block type="CircleSmall" material="ice" x="3.7771749853" y="0.9198368444" rotation="0" />
<Block type="Circle" material="wood" x="-1.2245930308" y="-1.8165022496" rotation="0" />
<Block type="Triangle" material="stone" x="5.2417680161" y="-0.6935164625" rotation="90.0" />
<Block type="TriangleHole" material="ice" x="4.26053819" y="5.2078956168" rotation="0" />
<Block type="Triangle" material="wood" x="-1.6485187884" y="5.2916992361" rotation="0.0" />
<Block type="CircleSmall" material="wood" x="3.29053819" y="4.8028956168" rotation="0" />
<Block type="CircleSmall" material="ice" x="-1.9112596975" y="-2.4215022496" rotation="0" />
<Block type="CircleSmall" material="wood" x="2.5671749853" y="0.9198368444" rotation="0" />
<Block type="CircleSmall" material="stone" x="8.3417680161" y="-0.8785164625" rotation="0" />
<Block type="CircleSmall" material="wood" x="7.2217680161" y="-0.8785164625" rotation="0" />
<Block type="CircleSmall" material="ice" x="-0.5379263641" y="-2.4215022496" rotation="0" />
<Block type="CircleSmall" material="stone" x="7.7817680161" y="-0.8785164625" rotation="0" />
<Block type="CircleSmall" material="stone" x="5.23553819" y="3.7228956168" rotation="0" />
<Pig type="BasicSmall" material="" x="6.1617680161" y="-3.2185164625351024" rotation="0" />
<Pig type="BasicSmall" material="" x="7.4217680161" y="-3.2185164625351024" rotation="0" />
<TNT type="" x="0.2554069692" y="-2.8615022495505236" rotation="0" />
<TNT type="" x="8.1517680161" y="-3.2185164625351024" rotation="0" />
<TNT type="" x="-2.3351854551" y="3.2066992361" rotation="0" />
<TNT type="" x="-2.7045930308" y="-2.8615022495505236" rotation="0" />
<TNT type="" x="5.4417680161" y="-3.2185164625351024" rotation="0" />
<Platform type="Platform" material="" x="2.1172048567106967" y="1.8978956168380559" />
<Platform type="Platform" material="" x="2.7372048567106964" y="1.8978956168380559" />
<Platform type="Platform" material="" x="3.3572048567106965" y="1.8978956168380559" />
<Platform type="Platform" material="" x="3.9772048567106966" y="1.8978956168380559" />
<Platform type="Platform" material="" x="4.597204856710697" y="1.8978956168380559" />
<Platform type="Platform" material="" x="5.217204856710697" y="1.8978956168380559" />
<Platform type="Platform" material="" x="5.837204856710697" y="1.8978956168380559" />
<Platform type="Platform" material="" x="-2.57851878843688" y="2.451699236056167" />
<Platform type="Platform" material="" x="-1.9585187884368804" y="2.451699236056167" />
<Platform type="Platform" material="" x="-1.3385187884368803" y="2.451699236056167" />
<Platform type="Platform" material="" x="-0.7185187884368804" y="2.451699236056167" />
<Platform type="Platform" material="" x="-1.2245930307625632" y="-3.6165022495505235" />
<Platform type="Platform" material="" x="-1.2245930307625632" y="-4.236502249550523" />
<Platform type="Platform" material="" x="-1.2245930307625632" y="-4.856502249550523" />
<Platform type="Platform" material="" x="-0.6045930307625632" y="-3.6165022495505235" />
<Platform type="Platform" material="" x="-1.8445930307625633" y="-3.6165022495505235" />
<Platform type="Platform" material="" x="-0.6045930307625632" y="-4.236502249550523" />
<Platform type="Platform" material="" x="-1.8445930307625633" y="-4.236502249550523" />
<Platform type="Platform" material="" x="-0.6045930307625632" y="-4.856502249550523" />
<Platform type="Platform" material="" x="-1.8445930307625633" y="-4.856502249550523" />
<Platform type="Platform" material="" x="0.015406969237436785" y="-3.6165022495505235" />
<Platform type="Platform" material="" x="-2.4645930307625634" y="-3.6165022495505235" />
<Platform type="Platform" material="" x="0.015406969237436785" y="-4.236502249550523" />
<Platform type="Platform" material="" x="-2.4645930307625634" y="-4.236502249550523" />
<Platform type="Platform" material="" x="0.015406969237436785" y="-4.856502249550523" />
<Platform type="Platform" material="" x="-2.4645930307625634" y="-4.856502249550523" />
<Platform type="Platform" material="" x="0.2254069692374368" y="-3.6165022495505235" />
<Platform type="Platform" material="" x="-2.6745930307625634" y="-3.6165022495505235" />
<Platform type="Platform" material="" x="0.2254069692374368" y="-4.236502249550523" />
<Platform type="Platform" material="" x="-2.6745930307625634" y="-4.236502249550523" />
<Platform type="Platform" material="" x="0.2254069692374368" y="-4.856502249550523" />
<Platform type="Platform" material="" x="-2.6745930307625634" y="-4.856502249550523" />
<Platform type="Platform" material="" x="2.567174985338579" y="-3.445163155567658" />
<Platform type="Platform" material="" x="2.567174985338579" y="-4.0651631555676575" />
<Platform type="Platform" material="" x="2.567174985338579" y="-4.685163155567658" />
<Platform type="Platform" material="" x="3.187174985338579" y="-3.445163155567658" />
<Platform type="Platform" material="" x="1.9471749853385787" y="-3.445163155567658" />
<Platform type="Platform" material="" x="3.187174985338579" y="-4.0651631555676575" />
<Platform type="Platform" material="" x="1.9471749853385787" y="-4.0651631555676575" />
<Platform type="Platform" material="" x="3.187174985338579" y="-4.685163155567658" />
<Platform type="Platform" material="" x="1.9471749853385787" y="-4.685163155567658" />
<Platform type="Platform" material="" x="3.807174985338579" y="-3.445163155567658" />
<Platform type="Platform" material="" x="1.3271749853385786" y="-3.445163155567658" />
<Platform type="Platform" material="" x="3.807174985338579" y="-4.0651631555676575" />
<Platform type="Platform" material="" x="1.3271749853385786" y="-4.0651631555676575" />
<Platform type="Platform" material="" x="3.807174985338579" y="-4.685163155567658" />
<Platform type="Platform" material="" x="1.3271749853385786" y="-4.685163155567658" />
<Platform type="Platform" material="" x="3.9921749853385786" y="-3.445163155567658" />
<Platform type="Platform" material="" x="1.1421749853385785" y="-3.445163155567658" />
<Platform type="Platform" material="" x="3.9921749853385786" y="-4.0651631555676575" />
<Platform type="Platform" material="" x="1.1421749853385785" y="-4.0651631555676575" />
<Platform type="Platform" material="" x="3.9921749853385786" y="-4.685163155567658" />
<Platform type="Platform" material="" x="1.1421749853385785" y="-4.685163155567658" />
<Platform type="Platform" material="" x="6.791768016101142" y="-3.7535164625351025" />
<Platform type="Platform" material="" x="6.791768016101142" y="-4.373516462535102" />
<Platform type="Platform" material="" x="6.791768016101142" y="-4.993516462535103" />
<Platform type="Platform" material="" x="7.411768016101142" y="-3.7535164625351025" />
<Platform type="Platform" material="" x="6.171768016101142" y="-3.7535164625351025" />
<Platform type="Platform" material="" x="7.411768016101142" y="-4.373516462535102" />
<Platform type="Platform" material="" x="6.171768016101142" y="-4.373516462535102" />
<Platform type="Platform" material="" x="7.411768016101142" y="-4.993516462535103" />
<Platform type="Platform" material="" x="6.171768016101142" y="-4.993516462535103" />
<Platform type="Platform" material="" x="8.031768016101141" y="-3.7535164625351025" />
<Platform type="Platform" material="" x="5.551768016101142" y="-3.7535164625351025" />
<Platform type="Platform" material="" x="8.031768016101141" y="-4.373516462535102" />
<Platform type="Platform" material="" x="5.551768016101142" y="-4.373516462535102" />
<Platform type="Platform" material="" x="8.031768016101141" y="-4.993516462535103" />
<Platform type="Platform" material="" x="5.551768016101142" y="-4.993516462535103" />
<Platform type="Platform" material="" x="8.311768016101142" y="-3.7535164625351025" />
<Platform type="Platform" material="" x="5.271768016101141" y="-3.7535164625351025" />
<Platform type="Platform" material="" x="8.311768016101142" y="-4.373516462535102" />
<Platform type="Platform" material="" x="5.271768016101141" y="-4.373516462535102" />
<Platform type="Platform" material="" x="8.311768016101142" y="-4.993516462535103" />
<Platform type="Platform" material="" x="5.271768016101141" y="-4.993516462535103" />
<Platform type="Platform" material="" x="0.8387909772880079" y="-3.5308327025590907" rotation="30.000000000000043" scaleX="0.5527067547834368" />
<Platform type="Platform" material="" x="0.8387909772880079" y="-4.15083270255909" rotation="30.000000000000043" scaleX="0.5527067547834368" />
<Platform type="Platform" material="" x="0.6837909772880076" y="-3.6165022495505235" rotation="0.0" scaleX="0.5527067547834368" />
<Platform type="Platform" material="" x="0.6837909772880076" y="-4.236502249550523" rotation="0.0" scaleX="0.5527067547834368" />
<Platform type="Platform" material="" x="0.6837909772880076" y="-4.856502249550523" rotation="0.0" scaleX="0.5527067547834368" />
<Platform type="Platform" material="" x="4.500687113704412" y="-3.59933980905138" rotation="-25.055630115971887" scaleX="1.1743715836185642" />
<Platform type="Platform" material="" x="4.500687113704412" y="-4.21933980905138" rotation="-25.055630115971887" scaleX="1.1743715836185642" />
<Platform type="Platform" material="" x="4.63197150071986" y="-3.7535164625351025" rotation="0.0" scaleX="1.1743715836185642" />
<Platform type="Platform" material="" x="4.63197150071986" y="-4.373516462535102" rotation="0.0" scaleX="1.1743715836185642" />
<Platform type="Platform" material="" x="4.63197150071986" y="-4.993516462535102" rotation="0.0" scaleX="1.1743715836185642" />
</GameObjects>
</Level>
