<?xml version="1.0" encoding="utf-16"?>
<Level width ="2">
<Camera x="0" y="2" minWidth="20" maxWidth="30">
<Score highScore ="49310">
<Birds>
<Bird type="BirdRed"/>
<Bird type="BirdYellow"/>
<Bird type="BirdWhite"/>
</Birds>
<Slingshot x="-8" y="-2.5">
<GameObjects>
<Block type="RectSmall" material="stone" x="-1.6556197623" y="-3.39" rotation="0" />
<Block type="RectSmall" material="stone" x="-0.7356197623" y="-3.39" rotation="0" />
<Block type="RectSmall" material="stone" x="0.1843802377" y="-3.39" rotation="0" />
<Block type="RectBig" material="stone" x="-0.7356197623" y="-3.17" rotation="0" />
<Block type="RectTiny" material="ice" x="-1.7056197623" y="-2.845" rotation="90" />
<Block type="RectTiny" material="ice" x="-1.3906197623" y="-2.845" rotation="90" />
<Block type="RectTiny" material="ice" x="-1.0756197623" y="-2.845" rotation="90" />
<Block type="RectTiny" material="ice" x="-0.3956197623" y="-2.845" rotation="90" />
<Block type="RectTiny" material="ice" x="-0.0806197623" y="-2.845" rotation="90" />
<Block type="RectTiny" material="ice" x="0.2343802377" y="-2.845" rotation="90" />
<Block type="RectSmall" material="stone" x="-1.7056197623" y="-2.205" rotation="90" />
<Block type="RectSmall" material="stone" x="-1.0756197623" y="-2.205" rotation="90" />
<Block type="RectSmall" material="stone" x="-0.3956197623" y="-2.205" rotation="90" />
<Block type="RectSmall" material="stone" x="0.2343802377" y="-2.205" rotation="90" />
<Block type="RectFat" material="wood" x="-1.3906197623" y="-1.565" rotation="0" />
<Block type="RectFat" material="wood" x="-0.0806197623" y="-1.565" rotation="0" />
<Block type="RectBig" material="wood" x="2.8739110114" y="-3.0500999934250626" rotation="0" />
<Block type="RectTiny" material="wood" x="2.2414110114" y="-2.830099993425063" rotation="0" />
<Block type="RectTiny" material="wood" x="2.8739110114" y="-2.830099993425063" rotation="0" />
<Block type="RectTiny" material="wood" x="3.5064110114" y="-2.830099993425063" rotation="0" />
<Block type="SquareHole" material="wood" x="2.4514110114" y="-2.3000999934250626" rotation="0" />
<Block type="SquareHole" material="wood" x="3.2964110114" y="-2.3000999934250626" rotation="0" />
<Block type="RectFat" material="wood" x="2.5589110114" y="-1.4550999934250626" rotation="90" />
<Block type="RectFat" material="wood" x="3.1889110114" y="-1.4550999934250626" rotation="90" />
<Block type="RectTiny" material="wood" x="2.873911011354836" y="-0.9200999934250627" rotation="0" />
<Block type="SquareTiny" material="wood" x="4.3395307736" y="-3.2380966508308275" rotation="0" />
<Block type="SquareTiny" material="wood" x="4.9695307736" y="-3.2380966508308275" rotation="0" />
<Block type="SquareTiny" material="wood" x="5.5295307736" y="-3.2380966508308275" rotation="0" />
<Block type="SquareTiny" material="wood" x="6.1595307736" y="-3.2380966508308275" rotation="0" />
<Block type="SquareTiny" material="wood" x="7.0595307736" y="-3.2380966508308275" rotation="0" />
<Block type="SquareTiny" material="wood" x="7.6895307736" y="-3.2380966508308275" rotation="0" />
<Block type="SquareTiny" material="wood" x="8.2495307736" y="-3.2380966508308275" rotation="0" />
<Block type="SquareTiny" material="wood" x="8.8795307736" y="-3.2380966508308275" rotation="0" />
<Block type="RectFat" material="ice" x="4.6545307736" y="-2.9130966508308274" rotation="0" />
<Block type="RectFat" material="ice" x="5.8445307736" y="-2.9130966508308274" rotation="0" />
<Block type="RectFat" material="ice" x="7.3745307736" y="-2.9130966508308274" rotation="0" />
<Block type="RectFat" material="ice" x="8.5645307736" y="-2.9130966508308274" rotation="0" />
<Block type="RectBig" material="stone" x="5.6703869416" y="-0.9005932376" rotation="0" />
<Block type="RectBig" material="wood" x="7.9353869416" y="-0.9005932376" rotation="0" />
<Block type="RectSmall" material="ice" x="4.9403869416" y="-0.3655932376" rotation="90" />
<Block type="RectSmall" material="wood" x="5.5603869416" y="-0.3655932376" rotation="90" />
<Block type="RectSmall" material="wood" x="5.7803869416" y="-0.3655932376" rotation="90" />
<Block type="RectSmall" material="ice" x="6.4003869416" y="-0.3655932376" rotation="90" />
<Block type="RectSmall" material="stone" x="7.2053869416" y="-0.3655932376" rotation="90" />
<Block type="RectSmall" material="wood" x="7.8253869416" y="-0.3655932376" rotation="90" />
<Block type="RectSmall" material="ice" x="8.0453869416" y="-0.3655932376" rotation="90" />
<Block type="RectSmall" material="stone" x="8.6653869416" y="-0.3655932376" rotation="90" />
<Block type="SquareHole" material="wood" x="5.2503869416" y="0.4794067624" rotation="0" />
<Block type="SquareHole" material="stone" x="6.0903869416" y="0.4794067624" rotation="0" />
<Block type="SquareHole" material="wood" x="7.5153869416" y="0.4794067624" rotation="0" />
<Block type="SquareHole" material="ice" x="8.3553869416" y="0.4794067624" rotation="0" />
<Block type="RectMedium" material="wood" x="5.6703869416" y="1.0094067624" rotation="0" />
<Block type="RectMedium" material="stone" x="7.9353869416" y="1.0094067624" rotation="0" />
<Block type="RectTiny" material="stone" x="5.8828869416" y="1.2294067624" rotation="0" />
<Block type="RectSmall" material="ice" x="6.8028869416" y="1.2294067624" rotation="0" />
<Block type="RectTiny" material="stone" x="7.7228869416" y="1.2294067624" rotation="0" />
<Block type="RectTiny" material="ice" x="5.8828869416" y="1.4494067624" rotation="0" />
<Block type="SquareTiny" material="wood" x="6.8028869416" y="1.4494067624" rotation="0" />
<Block type="RectTiny" material="stone" x="7.7228869416" y="1.4494067624" rotation="0" />
<Block type="SquareTiny" material="wood" x="5.8828869416" y="1.6694067624" rotation="0" />
<Block type="SquareTiny" material="wood" x="7.7228869416" y="1.6694067624" rotation="0" />
<Block type="RectBig" material="stone" x="6.8028869416" y="1.8894067624" rotation="0" />
<Block type="RectFat" material="stone" x="6.8028869416" y="2.2144067624" rotation="0" />
<Block type="SquareTiny" material="wood" x="6.8028869416" y="2.5394067624" rotation="0" />
<Block type="RectSmall" material="ice" x="6.802886941631266" y="3.0744067624" rotation="90" />
<Block type="RectBig" material="ice" x="-1.4070781901" y="1.3925449995" rotation="0" />
<Block type="RectFat" material="wood" x="-1.9920781901" y="1.9275449995" rotation="90" />
<Block type="RectFat" material="ice" x="-0.8220781901" y="1.9275449995" rotation="90" />
<Block type="CircleSmall" material="wood" x="4.9378641069" y="-2.4730966508" rotation="0" />
<Block type="CircleSmall" material="stone" x="-0.7356197623" y="-2.835" rotation="0" />
<Block type="CircleSmall" material="wood" x="8.5645307736" y="-2.4730966508" rotation="0" />
<Block type="CircleSmall" material="ice" x="-1.3906197623" y="-1.125" rotation="0" />
<Block type="CircleSmall" material="stone" x="5.1103869416" y="1.3444067624" rotation="0" />
<Block type="Circle" material="stone" x="-1.9920781901" y="2.7525449995" rotation="0" />
<Block type="CircleSmall" material="ice" x="-0.8220781901" y="2.5775449995" rotation="0" />
<Block type="Triangle" material="wood" x="8.4953869416" y="1.5294067624" rotation="0.0" />
<Block type="Circle" material="stone" x="2.8739110114" y="-0.4100999934" rotation="0" />
<Block type="CircleSmall" material="ice" x="7.4895536083" y="2.2244067624" rotation="0" />
<Block type="CircleSmall" material="wood" x="5.5611974403" y="-2.4730966508" rotation="0" />
<Block type="CircleSmall" material="stone" x="6.1162202749" y="2.2244067624" rotation="0" />
<Block type="CircleSmall" material="stone" x="7.0911974403" y="-2.4730966508" rotation="0" />
<Block type="CircleSmall" material="stone" x="7.6578641069" y="-2.4730966508" rotation="0" />
<Block type="CircleSmall" material="stone" x="6.1278641069" y="-2.4730966508" rotation="0" />
<Pig type="BasicSmall" material="" x="-0.0806197623" y="-1.125" rotation="0" />
<Pig type="BasicSmall" material="" x="4.3711974403" y="-2.4730966508308274" rotation="0" />
<Pig type="BasicSmall" material="" x="6.8028869416" y="3.7244067624" rotation="0" />
<TNT type="" x="6.5195307736" y="-3.1230966508308273" rotation="0" />
<TNT type="" x="-1.4070781901" y="1.7275449995" rotation="0" />
<Platform type="Platform" material="" x="4.942886941631267" y="-1.3205932375737657" />
<Platform type="Platform" material="" x="5.562886941631266" y="-1.3205932375737657" />
<Platform type="Platform" material="" x="6.182886941631266" y="-1.3205932375737657" />
<Platform type="Platform" material="" x="6.802886941631266" y="-1.3205932375737657" />
<Platform type="Platform" material="" x="7.422886941631266" y="-1.3205932375737657" />
<Platform type="Platform" material="" x="8.042886941631266" y="-1.3205932375737657" />
<Platform type="Platform" material="" x="8.662886941631266" y="-1.3205932375737657" />
<Platform type="Platform" material="" x="-2.337078190144732" y="0.972544999528735" />
<Platform type="Platform" material="" x="-1.7170781901447323" y="0.972544999528735" />
<Platform type="Platform" material="" x="-1.0970781901447322" y="0.972544999528735" />
<Platform type="Platform" material="" x="-0.4770781901447323" y="0.972544999528735" />
<Platform type="Platform" material="" x="-0.7356197622799048" y="-3.81" />
<Platform type="Platform" material="" x="-0.7356197622799048" y="-4.43" />
<Platform type="Platform" material="" x="-0.7356197622799048" y="-5.05" />
<Platform type="Platform" material="" x="-0.11561976227990478" y="-3.81" />
<Platform type="Platform" material="" x="-1.3556197622799049" y="-3.81" />
<Platform type="Platform" material="" x="-0.11561976227990478" y="-4.43" />
<Platform type="Platform" material="" x="-1.3556197622799049" y="-4.43" />
<Platform type="Platform" material="" x="-0.11561976227990478" y="-5.05" />
<Platform type="Platform" material="" x="-1.3556197622799049" y="-5.05" />
<Platform type="Platform" material="" x="0.2993802377200952" y="-3.81" />
<Platform type="Platform" material="" x="-1.770619762279905" y="-3.81" />
<Platform type="Platform" material="" x="0.2993802377200952" y="-4.43" />
<Platform type="Platform" material="" x="-1.770619762279905" y="-4.43" />
<Platform type="Platform" material="" x="0.2993802377200952" y="-5.05" />
<Platform type="Platform" material="" x="-1.770619762279905" y="-5.05" />
<Platform type="Platform" material="" x="2.873911011354836" y="-3.4700999934250625" />
<Platform type="Platform" material="" x="2.873911011354836" y="-4.090099993425063" />
<Platform type="Platform" material="" x="2.873911011354836" y="-4.710099993425063" />
<Platform type="Platform" material="" x="3.493911011354836" y="-3.4700999934250625" />
<Platform type="Platform" material="" x="2.2539110113548357" y="-3.4700999934250625" />
<Platform type="Platform" material="" x="3.493911011354836" y="-4.090099993425063" />
<Platform type="Platform" material="" x="2.2539110113548357" y="-4.090099993425063" />
<Platform type="Platform" material="" x="3.493911011354836" y="-4.710099993425063" />
<Platform type="Platform" material="" x="2.2539110113548357" y="-4.710099993425063" />
<Platform type="Platform" material="" x="3.593911011354836" y="-3.4700999934250625" />
<Platform type="Platform" material="" x="2.1539110113548356" y="-3.4700999934250625" />
<Platform type="Platform" material="" x="3.593911011354836" y="-4.090099993425063" />
<Platform type="Platform" material="" x="2.1539110113548356" y="-4.090099993425063" />
<Platform type="Platform" material="" x="3.593911011354836" y="-4.710099993425063" />
<Platform type="Platform" material="" x="2.1539110113548356" y="-4.710099993425063" />
<Platform type="Platform" material="" x="6.609530773634741" y="-3.6580966508308275" />
<Platform type="Platform" material="" x="6.609530773634741" y="-4.278096650830827" />
<Platform type="Platform" material="" x="6.609530773634741" y="-4.898096650830828" />
<Platform type="Platform" material="" x="7.229530773634741" y="-3.6580966508308275" />
<Platform type="Platform" material="" x="5.9895307736347405" y="-3.6580966508308275" />
<Platform type="Platform" material="" x="7.229530773634741" y="-4.278096650830827" />
<Platform type="Platform" material="" x="5.9895307736347405" y="-4.278096650830827" />
<Platform type="Platform" material="" x="7.229530773634741" y="-4.898096650830828" />
<Platform type="Platform" material="" x="5.9895307736347405" y="-4.898096650830828" />
<Platform type="Platform" material="" x="7.849530773634741" y="-3.6580966508308275" />
<Platform type="Platform" material="" x="5.36953077363474" y="-3.6580966508308275" />
<Platform type="Platform" material="" x="7.849530773634741" y="-4.278096650830827" />
<Platform type="Platform" material="" x="5.36953077363474" y="-4.278096650830827" />
<Platform type="Platform" material="" x="7.849530773634741" y="-4.898096650830828" />
<Platform type="Platform" material="" x="5.36953077363474" y="-4.898096650830828" />
<Platform type="Platform" material="" x="8.469530773634741" y="-3.6580966508308275" />
<Platform type="Platform" material="" x="4.74953077363474" y="-3.6580966508308275" />
<Platform type="Platform" material="" x="8.469530773634741" y="-4.278096650830827" />
<Platform type="Platform" material="" x="4.74953077363474" y="-4.278096650830827" />
<Platform type="Platform" material="" x="8.469530773634741" y="-4.898096650830828" />
<Platform type="Platform" material="" x="4.74953077363474" y="-4.898096650830828" />
<Platform type="Platform" material="" x="8.67953077363474" y="-3.6580966508308275" />
<Platform type="Platform" material="" x="4.539530773634741" y="-3.6580966508308275" />
<Platform type="Platform" material="" x="8.67953077363474" y="-4.278096650830827" />
<Platform type="Platform" material="" x="4.539530773634741" y="-4.278096650830827" />
<Platform type="Platform" material="" x="8.67953077363474" y="-4.898096650830828" />
<Platform type="Platform" material="" x="4.539530773634741" y="-4.898096650830828" />
<Platform type="Platform" material="" x="1.3089350716438553" y="-3.6400499967125315" rotation="15.393683438675863" scaleX="2.065270934045103" />
<Platform type="Platform" material="" x="1.3089350716438553" y="-4.260049996712532" rotation="15.393683438675863" scaleX="2.065270934045103" />
<Platform type="Platform" material="" x="1.2266456245374653" y="-3.81" rotation="0.0" scaleX="2.065270934045103" />
<Platform type="Platform" material="" x="1.2266456245374653" y="-4.43" rotation="0.0" scaleX="2.065270934045103" />
<Platform type="Platform" material="" x="1.2266456245374653" y="-5.05" rotation="0.0" scaleX="2.065270934045103" />
<Platform type="Platform" material="" x="3.911720892494789" y="-3.564098322127945" rotation="-29.999999999999947" scaleX="0.6064408303411783" />
<Platform type="Platform" material="" x="3.911720892494789" y="-4.184098322127945" rotation="-29.999999999999947" scaleX="0.6064408303411783" />
<Platform type="Platform" material="" x="4.066720892494789" y="-3.6580966508308275" rotation="0.0" scaleX="0.6064408303411783" />
<Platform type="Platform" material="" x="4.066720892494789" y="-4.278096650830827" rotation="0.0" scaleX="0.6064408303411783" />
<Platform type="Platform" material="" x="4.066720892494789" y="-4.898096650830827" rotation="0.0" scaleX="0.6064408303411783" />
</GameObjects>
</Level>
